{
    "acceleration": {
        "x": 0.47071918845176697,
        "y": -7.649186611175537,
        "z": 6.187995910644531
    },
    "gyroscope": {
        "x": -0.015446163713932037,
        "y": 0.0021293016616255045,
        "z": 0.006391395349055529
    }
}