{
    "acceleration": {
        "x": -0.24516624212265015,
        "y": -9.483030319213867,
        "z": -2.6870219707489014
    },
    "gyroscope": {
        "x": -0.011718139983713627,
        "y": -0.0005323254154063761,
        "z": 0.0015969761880114675
    }
}