{
    "acceleration": {
        "x": 0.0,
        "y": -9.286897659301758,
        "z": 3.1577413082122803
    },
    "gyroscope": {
        "x": 0.0026616270188242197,
        "y": -0.03036000207066536,
        "z": -0.008520697243511677
    }
}