{
    "acceleration": {
        "x": 1.0002782344818115,
        "y": -9.022117614746094,
        "z": 3.5303938388824463
    },
    "gyroscope": {
        "x": 0.005859069991856813,
        "y": -0.009054767899215221,
        "z": -0.009054767899215221
    }
}