{
    "acceleration": {
        "x": 0.9316317439079285,
        "y": -7.845319747924805,
        "z": 5.8839898109436035
    },
    "gyroscope": {
        "x": -0.0021293016616255045,
        "y": -0.013315116055309772,
        "z": -0.0005323254154063761
    }
}