{
    "acceleration": {
        "x": 0.9120184183120728,
        "y": -9.169217109680176,
        "z": 3.6382670402526855
    },
    "gyroscope": {
        "x": -0.011718139983713627,
        "y": 0.017043139785528183,
        "z": 0.011184069328010082
    }
}