{
    "acceleration": {
        "x": 1.2258312702178955,
        "y": -2.8733484745025635,
        "z": 9.306510925292969
    },
    "gyroscope": {
        "x": 0.0021293016616255045,
        "y": -0.011184069328010082,
        "z": -0.005859069991856813
    }
}