{
    "acceleration": {
        "x": 0.9708583354949951,
        "y": -7.806093215942383,
        "z": 5.991862773895264
    },
    "gyroscope": {
        "x": 0.0021293016616255045,
        "y": -0.0250332560390234,
        "z": -0.003728023264557123
    }
}