{
    "acceleration": {
        "x": 0.7943386435508728,
        "y": -2.2947559356689453,
        "z": 9.5418701171875
    },
    "gyroscope": {
        "x": 0.0031956976745277643,
        "y": 0.0015969761880114675,
        "z": -0.0015969761880114675
    }
}