{
    "acceleration": {
        "x": 0.04903324693441391,
        "y": -9.571290016174316,
        "z": -1.7455836534500122
    },
    "gyroscope": {
        "x": 0.015446163713932037,
        "y": -0.0031956976745277643,
        "z": -0.010119418613612652
    }
}