{
    "acceleration": {
        "x": 1.382737636566162,
        "y": -7.1588544845581055,
        "z": 6.599875450134277
    },
    "gyroscope": {
        "x": -0.0021293016616255045,
        "y": -0.004260348621755838,
        "z": -0.0015969761880114675
    }
}