{
    "acceleration": {
        "x": 1.4611908197402954,
        "y": -6.080122947692871,
        "z": 7.649186611175537
    },
    "gyroscope": {
        "x": -0.015446163713932037,
        "y": 0.006923720706254244,
        "z": 0.0031956976745277643
    }
}