{
    "acceleration": {
        "x": 2.059396505355835,
        "y": -5.001391410827637,
        "z": 8.463138580322266
    },
    "gyroscope": {
        "x": -0.006923720706254244,
        "y": -0.015978489071130753,
        "z": 0.005859069991856813
    }
}