{
    "acceleration": {
        "x": 0.34323275089263916,
        "y": -8.806371688842773,
        "z": -4.422799110412598
    },
    "gyroscope": {
        "x": -0.017043139785528183,
        "y": 0.008520697243511677,
        "z": 0.012250465340912342
    }
}