{
    "acceleration": {
        "x": 0.6668521761894226,
        "y": -9.394770622253418,
        "z": -3.0792880058288574
    },
    "gyroscope": {
        "x": -0.0026616270188242197,
        "y": 0.0010646508308127522,
        "z": 0.0
    }
}