{
    "acceleration": {
        "x": 0.09806649386882782,
        "y": -5.226944446563721,
        "z": 8.325845718383789
    },
    "gyroscope": {
        "x": -0.0015969761880114675,
        "y": -0.007988371886312962,
        "z": 0.0021293016616255045
    }
}