{
    "acceleration": {
        "x": 0.6472389101982117,
        "y": -1.7455836534500122,
        "z": 9.698776245117188
    },
    "gyroscope": {
        "x": -0.011184069328010082,
        "y": -0.0005323254154063761,
        "z": -0.0010646508308127522
    }
}