{
    "acceleration": {
        "x": 0.8825984597206116,
        "y": -9.718389511108398,
        "z": 0.6472389101982117
    },
    "gyroscope": {
        "x": -0.014379767701029778,
        "y": 0.0015969761880114675,
        "z": 0.011184069328010082
    }
}