{
    "acceleration": {
        "x": 1.6082905530929565,
        "y": -3.196967840194702,
        "z": 9.169217109680176
    },
    "gyroscope": {
        "x": -0.022369883954524994,
        "y": 0.015978489071130753,
        "z": 0.0015969761880114675
    }
}