{
    "acceleration": {
        "x": 0.509945809841156,
        "y": -9.463417053222656,
        "z": -1.980943202972412
    },
    "gyroscope": {
        "x": -0.012250465340912342,
        "y": -0.010119418613612652,
        "z": 0.004260348621755838
    }
}