{
    "acceleration": {
        "x": 1.5886772871017456,
        "y": -3.363680839538574,
        "z": 9.100570678710938
    },
    "gyroscope": {
        "x": 0.0005323254154063761,
        "y": 0.0005323254154063761,
        "z": -0.0021293016616255045
    }
}