{
    "acceleration": {
        "x": 1.0787314176559448,
        "y": -7.913966178894043,
        "z": -5.942829608917236
    },
    "gyroscope": {
        "x": -0.004792673978954554,
        "y": -0.009054767899215221,
        "z": -0.0021293016616255045
    }
}