{
    "acceleration": {
        "x": 1.2258312702178955,
        "y": -9.257477760314941,
        "z": -3.03025484085083
    },
    "gyroscope": {
        "x": 0.013315116055309772,
        "y": -0.010119418613612652,
        "z": -0.017043139785528183
    }
}