{
    "acceleration": {
        "x": 0.16671304404735565,
        "y": -2.598762273788452,
        "z": 9.502643585205078
    },
    "gyroscope": {
        "x": 0.006391395349055529,
        "y": -0.013315116055309772,
        "z": 0.0021293016616255045
    }
}