{
    "acceleration": {
        "x": 0.32361945509910583,
        "y": -9.92432975769043,
        "z": 1.0002782344818115
    },
    "gyroscope": {
        "x": -0.03036000207066536,
        "y": -0.011718139983713627,
        "z": 0.007456046529114246
    }
}