{
    "acceleration": {
        "x": 0.2843928337097168,
        "y": -8.845598220825195,
        "z": -4.344346046447754
    },
    "gyroscope": {
        "x": -0.027696629986166954,
        "y": 0.009054767899215221,
        "z": 0.026631977409124374
    }
}