{
    "acceleration": {
        "x": 1.3042844533920288,
        "y": -9.149603843688965,
        "z": 3.0792880058288574
    },
    "gyroscope": {
        "x": -0.003728023264557123,
        "y": 0.008520697243511677,
        "z": -0.0026616270188242197
    }
}