{
    "acceleration": {
        "x": 0.990471601486206,
        "y": -4.442412376403809,
        "z": 8.74753189086914
    },
    "gyroscope": {
        "x": 0.010119418613612652,
        "y": -0.0026616270188242197,
        "z": -0.006391395349055529
    }
}