{
    "acceleration": {
        "x": 1.7848103046417236,
        "y": -8.776951789855957,
        "z": -4.471832275390625
    },
    "gyroscope": {
        "x": 0.015978489071130753,
        "y": 0.023436279967427254,
        "z": 0.0010646508308127522
    }
}