{
    "acceleration": {
        "x": 1.5886772871017456,
        "y": -3.255807638168335,
        "z": 9.15941047668457
    },
    "gyroscope": {
        "x": -0.009587093256413937,
        "y": -0.0010646508308127522,
        "z": 0.004792673978954554
    }
}