{
    "acceleration": {
        "x": 0.3922659754753113,
        "y": -9.698776245117188,
        "z": 1.1081514358520508
    },
    "gyroscope": {
        "x": -0.009054767899215221,
        "y": -0.018109535798430443,
        "z": -0.0015969761880114675
    }
}