{
    "acceleration": {
        "x": 0.35303938388824463,
        "y": -4.71699857711792,
        "z": 8.571011543273926
    },
    "gyroscope": {
        "x": -0.020240582525730133,
        "y": -0.011184069328010082,
        "z": 0.010119418613612652
    }
}