{
    "acceleration": {
        "x": 1.5298373699188232,
        "y": -4.726805210113525,
        "z": 8.512171745300293
    },
    "gyroscope": {
        "x": -0.0005323254154063761,
        "y": -0.009054767899215221,
        "z": -0.0010646508308127522
    }
}