{
    "acceleration": {
        "x": 1.1571847200393677,
        "y": -8.492558479309082,
        "z": -4.7071919441223145
    },
    "gyroscope": {
        "x": -0.011184069328010082,
        "y": -0.009054767899215221,
        "z": 0.0015969761880114675
    }
}