{
    "acceleration": {
        "x": 1.1473779678344727,
        "y": -7.688413619995117,
        "z": -6.089929580688477
    },
    "gyroscope": {
        "x": 0.004792673978954554,
        "y": 0.0,
        "z": -0.004260348621755838
    }
}