{
    "acceleration": {
        "x": 0.8825984597206116,
        "y": -9.512450218200684,
        "z": -1.5592572689056396
    },
    "gyroscope": {
        "x": -0.004260348621755838,
        "y": -0.021305233240127563,
        "z": -0.004260348621755838
    }
}