{
    "acceleration": {
        "x": 0.5687856674194336,
        "y": -4.883711814880371,
        "z": 8.54159164428711
    },
    "gyroscope": {
        "x": -0.013315116055309772,
        "y": 0.0026616270188242197,
        "z": 0.0010646508308127522
    }
}