{
    "acceleration": {
        "x": 1.5298373699188232,
        "y": -5.825150012969971,
        "z": 7.7374467849731445
    },
    "gyroscope": {
        "x": -0.008520697243511677,
        "y": 0.0031956976745277643,
        "z": 0.0015969761880114675
    }
}