{
    "acceleration": {
        "x": -0.21574629843235016,
        "y": -9.885103225708008,
        "z": 0.22555294632911682
    },
    "gyroscope": {
        "x": -0.013315116055309772,
        "y": 0.0031956976745277643,
        "z": 0.005859069991856813
    }
}