{
    "acceleration": {
        "x": 0.34323275089263916,
        "y": -9.061344146728516,
        "z": 4.059953212738037
    },
    "gyroscope": {
        "x": -0.05060058459639549,
        "y": -0.02929535135626793,
        "z": 0.013315116055309772
    }
}