{
    "acceleration": {
        "x": 1.3435109853744507,
        "y": -8.031645774841309,
        "z": 5.491724014282227
    },
    "gyroscope": {
        "x": -0.005859069991856813,
        "y": -0.010119418613612652,
        "z": 0.0010646508308127522
    }
}