{
    "acceleration": {
        "x": 0.019613299518823624,
        "y": -8.56120491027832,
        "z": 4.922938346862793
    },
    "gyroscope": {
        "x": -0.010119418613612652,
        "y": 0.012782790698111057,
        "z": 0.0005323254154063761
    }
}