{
    "acceleration": {
        "x": 1.2160245180130005,
        "y": -9.787036895751953,
        "z": -0.21574629843235016
    },
    "gyroscope": {
        "x": 0.006923720706254244,
        "y": -0.018109535798430443,
        "z": -0.008520697243511677
    }
}