{
    "acceleration": {
        "x": 1.1277647018432617,
        "y": -9.110377311706543,
        "z": -3.667686939239502
    },
    "gyroscope": {
        "x": 0.03781779482960701,
        "y": -0.008520697243511677,
        "z": -0.02290220931172371
    }
}