{
    "acceleration": {
        "x": 0.6080122590065002,
        "y": -1.6867437362670898,
        "z": 9.679162979125977
    },
    "gyroscope": {
        "x": -0.009587093256413937,
        "y": -0.0005323254154063761,
        "z": 0.0026616270188242197
    }
}