{
    "acceleration": {
        "x": -0.29419949650764465,
        "y": -8.12971305847168,
        "z": -5.629016876220703
    },
    "gyroscope": {
        "x": 0.026631977409124374,
        "y": -0.010651743970811367,
        "z": -0.03142465278506279
    }
}