{
    "acceleration": {
        "x": 0.40207263827323914,
        "y": -9.012310981750488,
        "z": 3.912853240966797
    },
    "gyroscope": {
        "x": 0.005324999336153269,
        "y": -0.0021293016616255045,
        "z": -0.0031956976745277643
    }
}