{
    "acceleration": {
        "x": 1.2748644351959229,
        "y": -9.767423629760742,
        "z": -0.37265267968177795
    },
    "gyroscope": {
        "x": 0.015446163713932037,
        "y": -0.015446163713932037,
        "z": -0.015978489071130753
    }
}