{
    "acceleration": {
        "x": 1.647517204284668,
        "y": -9.257477760314941,
        "z": -2.0888164043426514
    },
    "gyroscope": {
        "x": 0.039414770901203156,
        "y": 0.04261046648025513,
        "z": -0.005859069991856813
    }
}