{
    "acceleration": {
        "x": 1.3533176183700562,
        "y": -8.217972755432129,
        "z": 5.42307710647583
    },
    "gyroscope": {
        "x": 0.010119418613612652,
        "y": -0.017043139785528183,
        "z": 0.0005323254154063761
    }
}