{
    "acceleration": {
        "x": 1.235637903213501,
        "y": -8.83579158782959,
        "z": 4.050146579742432
    },
    "gyroscope": {
        "x": -0.0010646508308127522,
        "y": -0.013315116055309772,
        "z": -0.005859069991856813
    }
}