{
    "acceleration": {
        "x": 2.0299766063690186,
        "y": -1.8240368366241455,
        "z": 9.443803787231445
    },
    "gyroscope": {
        "x": -0.02396860532462597,
        "y": -0.011184069328010082,
        "z": 0.012782790698111057
    }
}