{
    "acceleration": {
        "x": 1.1277647018432617,
        "y": -9.394770622253418,
        "z": -2.245722770690918
    },
    "gyroscope": {
        "x": -0.0021293016616255045,
        "y": -0.013315116055309772,
        "z": -0.009587093256413937
    }
}