{
    "acceleration": {
        "x": 0.24516624212265015,
        "y": -6.9333014488220215,
        "z": 6.796008110046387
    },
    "gyroscope": {
        "x": -0.040481165051460266,
        "y": -0.02716430276632309,
        "z": 0.02077290788292885
    }
}