{
    "acceleration": {
        "x": 1.431770920753479,
        "y": -8.041452407836914,
        "z": 5.42307710647583
    },
    "gyroscope": {
        "x": 0.008520697243511677,
        "y": -0.010651743970811367,
        "z": -0.004260348621755838
    }
}