{
    "acceleration": {
        "x": 1.7750035524368286,
        "y": -9.551676750183105,
        "z": 1.382737636566162
    },
    "gyroscope": {
        "x": -0.009587093256413937,
        "y": -0.0026616270188242197,
        "z": 0.006391395349055529
    }
}