{
    "acceleration": {
        "x": 0.42168593406677246,
        "y": -8.933857917785645,
        "z": 4.167826175689697
    },
    "gyroscope": {
        "x": -0.017577210441231728,
        "y": 0.0026616270188242197,
        "z": 0.004260348621755838
    }
}