{
    "acceleration": {
        "x": 0.45110589265823364,
        "y": -9.787036895751953,
        "z": 0.627625584602356
    },
    "gyroscope": {
        "x": -0.014379767701029778,
        "y": 0.023436279967427254,
        "z": 0.017043139785528183
    }
}