{
    "acceleration": {
        "x": 0.8727918267250061,
        "y": -9.718389511108398,
        "z": -0.019613299518823624
    },
    "gyroscope": {
        "x": 0.015978489071130753,
        "y": -0.008520697243511677,
        "z": -0.014913838356733322
    }
}