{
    "acceleration": {
        "x": 1.8730701208114624,
        "y": -7.011754512786865,
        "z": 6.492002010345459
    },
    "gyroscope": {
        "x": 0.03355569764971733,
        "y": 0.016510814428329468,
        "z": -0.02396860532462597
    }
}