{
    "acceleration": {
        "x": 1.2160245180130005,
        "y": -9.708582878112793,
        "z": 0.9120184183120728
    },
    "gyroscope": {
        "x": -0.006923720706254244,
        "y": -0.009587093256413937,
        "z": -0.0010646508308127522
    }
}