{
    "acceleration": {
        "x": 1.3533176183700562,
        "y": -9.384963989257812,
        "z": 2.696828603744507
    },
    "gyroscope": {
        "x": 0.014379767701029778,
        "y": -0.019174186512827873,
        "z": -0.005324999336153269
    }
}