{
    "acceleration": {
        "x": 1.3337043523788452,
        "y": -9.316317558288574,
        "z": 2.765475273132324
    },
    "gyroscope": {
        "x": 0.004792673978954554,
        "y": -0.013847441412508488,
        "z": -0.007988371886312962
    }
}