{
    "acceleration": {
        "x": 0.7354987263679504,
        "y": -5.4328837394714355,
        "z": 8.139519691467285
    },
    "gyroscope": {
        "x": -0.015978489071130753,
        "y": -0.005324999336153269,
        "z": 0.006923720706254244
    }
}