{
    "acceleration": {
        "x": 0.5197524428367615,
        "y": -7.619766712188721,
        "z": 6.237029075622559
    },
    "gyroscope": {
        "x": -0.011718139983713627,
        "y": 0.004792673978954554,
        "z": 0.0005323254154063761
    }
}