{
    "acceleration": {
        "x": 0.13729310035705566,
        "y": -8.482751846313477,
        "z": -4.775838375091553
    },
    "gyroscope": {
        "x": -0.009587093256413937,
        "y": -0.007456046529114246,
        "z": -0.0026616270188242197
    }
}