{
    "acceleration": {
        "x": 0.5883989930152893,
        "y": -8.502365112304688,
        "z": -5.030811309814453
    },
    "gyroscope": {
        "x": 0.008520697243511677,
        "y": -0.003728023264557123,
        "z": -0.011184069328010082
    }
}