{
    "acceleration": {
        "x": 1.1375713348388672,
        "y": -8.786758422851562,
        "z": -3.5303938388824463
    },
    "gyroscope": {
        "x": -0.04314279183745384,
        "y": 0.009587093256413937,
        "z": 0.02929535135626793
    }
}