{
    "acceleration": {
        "x": 1.1669913530349731,
        "y": -1.9711365699768066,
        "z": 9.581096649169922
    },
    "gyroscope": {
        "x": -0.0021293016616255045,
        "y": -0.008520697243511677,
        "z": 0.006391395349055529
    }
}