{
    "acceleration": {
        "x": 0.35303938388824463,
        "y": -9.590903282165527,
        "z": -2.147656202316284
    },
    "gyroscope": {
        "x": -0.004792673978954554,
        "y": 0.007988371886312962,
        "z": 0.006391395349055529
    }
}