{
    "acceleration": {
        "x": 1.4415775537490845,
        "y": -5.364237308502197,
        "z": 8.208166122436523
    },
    "gyroscope": {
        "x": 0.008520697243511677,
        "y": -0.004260348621755838,
        "z": 0.0
    }
}