{
    "acceleration": {
        "x": 1.1277647018432617,
        "y": -9.796843528747559,
        "z": -0.6766588091850281
    },
    "gyroscope": {
        "x": 0.018641861155629158,
        "y": -0.006391395349055529,
        "z": -0.009054767899215221
    }
}