{
    "acceleration": {
        "x": 1.7848103046417236,
        "y": -8.72791862487793,
        "z": 3.9030466079711914
    },
    "gyroscope": {
        "x": -0.004260348621755838,
        "y": -0.0015969761880114675,
        "z": -0.0010646508308127522
    }
}