{
    "acceleration": {
        "x": 0.6864655017852783,
        "y": -7.9826130867004395,
        "z": -5.619210243225098
    },
    "gyroscope": {
        "x": -0.018641861155629158,
        "y": -0.0010646508308127522,
        "z": 0.009054767899215221
    }
}