{
    "acceleration": {
        "x": 1.4808040857315063,
        "y": -1.9417166709899902,
        "z": 9.5418701171875
    },
    "gyroscope": {
        "x": 0.005859069991856813,
        "y": -0.012250465340912342,
        "z": 0.0
    }
}