{
    "acceleration": {
        "x": 1.1375713348388672,
        "y": -5.727083683013916,
        "z": 7.894352912902832
    },
    "gyroscope": {
        "x": 0.006391395349055529,
        "y": -0.012782790698111057,
        "z": -0.0031956976745277643
    }
}