{
    "acceleration": {
        "x": 1.019891619682312,
        "y": -7.590346813201904,
        "z": -5.982056140899658
    },
    "gyroscope": {
        "x": -0.07883128523826599,
        "y": -0.023436279967427254,
        "z": 0.026631977409124374
    }
}