{
    "acceleration": {
        "x": -1.4415775537490845,
        "y": -7.894352912902832,
        "z": 5.609403610229492
    },
    "gyroscope": {
        "x": 0.04101349040865898,
        "y": -0.007988371886312962,
        "z": -0.0010646508308127522
    }
}