{
    "acceleration": {
        "x": -1.1669913530349731,
        "y": -9.620323181152344,
        "z": 1.618097186088562
    },
    "gyroscope": {
        "x": 0.003728023264557123,
        "y": 0.0005323254154063761,
        "z": 0.0005323254154063761
    }
}