{
    "acceleration": {
        "x": -2.736055374145508,
        "y": -9.188830375671387,
        "z": -2.3634026050567627
    },
    "gyroscope": {
        "x": 0.014913838356733322,
        "y": -0.02396860532462597,
        "z": -0.003728023264557123
    }
}