{
    "acceleration": {
        "x": -2.039783239364624,
        "y": -7.776673316955566,
        "z": 5.295590877532959
    },
    "gyroscope": {
        "x": -0.010651743970811367,
        "y": 0.005324999336153269,
        "z": 0.0010646508308127522
    }
}