{
    "acceleration": {
        "x": -2.0888164043426514,
        "y": -8.865211486816406,
        "z": 3.255807638168335
    },
    "gyroscope": {
        "x": -0.027696629986166954,
        "y": 0.011718139983713627,
        "z": 0.011184069328010082
    }
}