{
    "acceleration": {
        "x": -1.7848103046417236,
        "y": -7.766866683959961,
        "z": -5.128877639770508
    },
    "gyroscope": {
        "x": -0.014913838356733322,
        "y": -0.021305233240127563,
        "z": -0.005324999336153269
    }
}