{
    "acceleration": {
        "x": -1.8534568548202515,
        "y": -7.845319747924805,
        "z": 5.7368903160095215
    },
    "gyroscope": {
        "x": -0.008520697243511677,
        "y": -0.011718139983713627,
        "z": -0.0010646508308127522
    }
}