{
    "acceleration": {
        "x": -1.431770920753479,
        "y": -9.571290016174316,
        "z": 0.029419949278235435
    },
    "gyroscope": {
        "x": -0.04740488529205322,
        "y": -0.0015969761880114675,
        "z": 0.006391395349055529
    }
}