{
    "acceleration": {
        "x": -1.2748644351959229,
        "y": -8.463138580322266,
        "z": -4.658158779144287
    },
    "gyroscope": {
        "x": 0.005324999336153269,
        "y": 0.006391395349055529,
        "z": -0.004260348621755838
    }
}