{
    "acceleration": {
        "x": -1.2748644351959229,
        "y": -8.688692092895508,
        "z": 4.393379211425781
    },
    "gyroscope": {
        "x": -0.018641861155629158,
        "y": 0.0005323254154063761,
        "z": 0.006923720706254244
    }
}