{
    "acceleration": {
        "x": -1.7553902864456177,
        "y": -9.071150779724121,
        "z": 2.736055374145508
    },
    "gyroscope": {
        "x": -0.031958721578121185,
        "y": 0.010119418613612652,
        "z": 0.008520697243511677
    }
}