{
    "acceleration": {
        "x": -1.431770920753479,
        "y": -8.973084449768066,
        "z": 3.873626708984375
    },
    "gyroscope": {
        "x": 0.006923720706254244,
        "y": -0.0026616270188242197,
        "z": -0.0010646508308127522
    }
}