{
    "acceleration": {
        "x": -0.823758602142334,
        "y": -8.07087230682373,
        "z": 5.609403610229492
    },
    "gyroscope": {
        "x": -0.038350120186805725,
        "y": 0.007988371886312962,
        "z": 0.013847441412508488
    }
}