{
    "acceleration": {
        "x": -1.0296982526779175,
        "y": -9.502643585205078,
        "z": -2.8537349700927734
    },
    "gyroscope": {
        "x": 0.015446163713932037,
        "y": -0.009587093256413937,
        "z": -0.015446163713932037
    }
}