{
    "acceleration": {
        "x": -2.4418559074401855,
        "y": -4.805258274078369,
        "z": 8.178746223449707
    },
    "gyroscope": {
        "x": 0.017043139785528183,
        "y": -0.004792673978954554,
        "z": 0.0021293016616255045
    }
}