{
    "acceleration": {
        "x": -1.5690639019012451,
        "y": -8.365072250366211,
        "z": -4.864098072052002
    },
    "gyroscope": {
        "x": -0.009054767899215221,
        "y": -0.006923720706254244,
        "z": -0.006391395349055529
    }
}