{
    "acceleration": {
        "x": -2.6870219707489014,
        "y": -6.815621376037598,
        "z": 6.570455551147461
    },
    "gyroscope": {
        "x": -0.01970651187002659,
        "y": -0.0031956976745277643,
        "z": -0.007456046529114246
    }
}