{
    "acceleration": {
        "x": -2.3143694400787354,
        "y": -1.9711365699768066,
        "z": 9.384963989257812
    },
    "gyroscope": {
        "x": 0.012250465340912342,
        "y": -0.010651743970811367,
        "z": 0.0015969761880114675
    }
}