{
    "acceleration": {
        "x": -1.2650578022003174,
        "y": -9.522256851196289,
        "z": -2.147656202316284
    },
    "gyroscope": {
        "x": -0.0021293016616255045,
        "y": -0.005859069991856813,
        "z": -0.004260348621755838
    }
}