{
    "acceleration": {
        "x": -1.45138418674469,
        "y": -9.600709915161133,
        "z": 1.402350902557373
    },
    "gyroscope": {
        "x": 0.0026616270188242197,
        "y": -0.004260348621755838,
        "z": 0.007456046529114246
    }
}