{
    "acceleration": {
        "x": -1.1571847200393677,
        "y": -6.3350958824157715,
        "z": 7.36479377746582
    },
    "gyroscope": {
        "x": -0.014379767701029778,
        "y": 0.0026616270188242197,
        "z": 0.0010646508308127522
    }
}