{
    "acceleration": {
        "x": -1.2846710681915283,
        "y": -4.795451641082764,
        "z": 8.482751846313477
    },
    "gyroscope": {
        "x": 0.011184069328010082,
        "y": -0.007988371886312962,
        "z": -0.006391395349055529
    }
}