{
    "acceleration": {
        "x": -0.9610517024993896,
        "y": -9.796843528747559,
        "z": 0.5687856674194336
    },
    "gyroscope": {
        "x": -0.053796280175447464,
        "y": 0.0005323254154063761,
        "z": 0.019174186512827873
    }
}