{
    "acceleration": {
        "x": -0.8629851937294006,
        "y": -9.23786449432373,
        "z": 3.255807638168335
    },
    "gyroscope": {
        "x": 0.033023372292518616,
        "y": -0.016510814428329468,
        "z": -0.017577210441231728
    }
}