{
    "acceleration": {
        "x": -2.6085689067840576,
        "y": -8.806371688842773,
        "z": 3.6382670402526855
    },
    "gyroscope": {
        "x": -0.004260348621755838,
        "y": 0.0021293016616255045,
        "z": -0.0005323254154063761
    }
}