{
    "acceleration": {
        "x": -1.3631243705749512,
        "y": -5.962442874908447,
        "z": 7.658993244171143
    },
    "gyroscope": {
        "x": -0.029827676713466644,
        "y": 0.020240582525730133,
        "z": 0.006923720706254244
    }
}