{
    "acceleration": {
        "x": -1.833843469619751,
        "y": -7.49228048324585,
        "z": 6.217415809631348
    },
    "gyroscope": {
        "x": -0.009054767899215221,
        "y": -0.006391395349055529,
        "z": 0.0
    }
}