{
    "acceleration": {
        "x": -2.785088539123535,
        "y": -8.551398277282715,
        "z": 4.020726203918457
    },
    "gyroscope": {
        "x": -0.024500930681824684,
        "y": -0.004260348621755838,
        "z": 0.0
    }
}