{
    "acceleration": {
        "x": -2.559535503387451,
        "y": -7.472667217254639,
        "z": 5.91340970993042
    },
    "gyroscope": {
        "x": 0.023436279967427254,
        "y": -0.017577210441231728,
        "z": -0.007456046529114246
    }
}