{
    "acceleration": {
        "x": -1.186604619026184,
        "y": -6.305675983428955,
        "z": 7.482473850250244
    },
    "gyroscope": {
        "x": -0.0026616270188242197,
        "y": 0.0021293016616255045,
        "z": 0.0021293016616255045
    }
}