{
    "acceleration": {
        "x": -1.598483920097351,
        "y": -5.540757179260254,
        "z": 7.9041595458984375
    },
    "gyroscope": {
        "x": -0.012250465340912342,
        "y": 0.020240582525730133,
        "z": 0.0010646508308127522
    }
}