{
    "acceleration": {
        "x": -1.8436501026153564,
        "y": -9.94394302368164,
        "z": 0.27458620071411133
    },
    "gyroscope": {
        "x": -0.03462209552526474,
        "y": 0.0015969761880114675,
        "z": 0.0010646508308127522
    }
}