{
    "acceleration": {
        "x": -1.7455836534500122,
        "y": -2.2163028717041016,
        "z": 9.394770622253418
    },
    "gyroscope": {
        "x": 0.007988371886312962,
        "y": -0.0015969761880114675,
        "z": 0.0015969761880114675
    }
}