{
    "acceleration": {
        "x": -0.6864655017852783,
        "y": -3.0792880058288574,
        "z": 9.375157356262207
    },
    "gyroscope": {
        "x": 0.010119418613612652,
        "y": -0.0031956976745277643,
        "z": 0.0005323254154063761
    }
}