{
    "acceleration": {
        "x": -2.000556468963623,
        "y": -4.893518447875977,
        "z": 8.276812553405762
    },
    "gyroscope": {
        "x": -0.0015969761880114675,
        "y": 0.005859069991856813,
        "z": 0.0031956976745277643
    }
}