{
    "acceleration": {
        "x": -1.7455836534500122,
        "y": -1.0787314176559448,
        "z": 9.610516548156738
    },
    "gyroscope": {
        "x": -0.025565581396222115,
        "y": 0.0026616270188242197,
        "z": -0.0010646508308127522
    }
}