{
    "acceleration": {
        "x": -1.5200307369232178,
        "y": -9.404577255249023,
        "z": 2.6870219707489014
    },
    "gyroscope": {
        "x": 0.04900360852479935,
        "y": -0.013847441412508488,
        "z": -0.010651743970811367
    }
}