{
    "acceleration": {
        "x": -1.6573238372802734,
        "y": -7.9041595458984375,
        "z": 5.177911281585693
    },
    "gyroscope": {
        "x": -0.05219930410385132,
        "y": 0.013847441412508488,
        "z": 0.008520697243511677
    }
}