{
    "acceleration": {
        "x": -0.9610517024993896,
        "y": -0.9316317439079285,
        "z": 9.767423629760742
    },
    "gyroscope": {
        "x": -0.006391395349055529,
        "y": -0.009054767899215221,
        "z": 0.0031956976745277643
    }
}