{
    "acceleration": {
        "x": -1.9711365699768066,
        "y": -9.414383888244629,
        "z": -1.6082905530929565
    },
    "gyroscope": {
        "x": -0.021305233240127563,
        "y": -0.010651743970811367,
        "z": 0.0015969761880114675
    }
}