{
    "acceleration": {
        "x": -1.9515233039855957,
        "y": -8.159132957458496,
        "z": -4.756225109100342
    },
    "gyroscope": {
        "x": -0.012782790698111057,
        "y": -0.006391395349055529,
        "z": -0.0015969761880114675
    }
}