{
    "acceleration": {
        "x": -2.657602071762085,
        "y": -9.532063484191895,
        "z": 0.627625584602356
    },
    "gyroscope": {
        "x": -0.025565581396222115,
        "y": 0.012782790698111057,
        "z": 0.018641861155629158
    }
}