{
    "acceleration": {
        "x": -1.019891619682312,
        "y": -0.8629851937294006,
        "z": 9.777230262756348
    },
    "gyroscope": {
        "x": -0.016510814428329468,
        "y": -0.005324999336153269,
        "z": -0.0021293016616255045
    }
}