{
    "acceleration": {
        "x": -1.3140910863876343,
        "y": -8.580818176269531,
        "z": -4.4620256423950195
    },
    "gyroscope": {
        "x": -0.012782790698111057,
        "y": -0.009587093256413937,
        "z": 0.0031956976745277643
    }
}