{
    "acceleration": {
        "x": -1.1767979860305786,
        "y": -9.688969612121582,
        "z": -1.1375713348388672
    },
    "gyroscope": {
        "x": -0.006923720706254244,
        "y": -0.005859069991856813,
        "z": 0.004792673978954554
    }
}