{
    "acceleration": {
        "x": -1.2454445362091064,
        "y": -8.865211486816406,
        "z": 4.069759845733643
    },
    "gyroscope": {
        "x": -0.02396860532462597,
        "y": -0.0010646508308127522,
        "z": 0.004260348621755838
    }
}