{
    "acceleration": {
        "x": -1.1179580688476562,
        "y": -4.540478706359863,
        "z": 8.678885459899902
    },
    "gyroscope": {
        "x": -0.014379767701029778,
        "y": -0.0015969761880114675,
        "z": 0.004792673978954554
    }
}