{
    "acceleration": {
        "x": -1.0885381698608398,
        "y": -7.354987144470215,
        "z": 6.51161527633667
    },
    "gyroscope": {
        "x": -0.02609965205192566,
        "y": -0.005324999336153269,
        "z": -0.0005323254154063761
    }
}