{
    "acceleration": {
        "x": -2.245722770690918,
        "y": -8.119906425476074,
        "z": -5.6780500411987305
    },
    "gyroscope": {
        "x": -0.01970651187002659,
        "y": 0.015446163713932037,
        "z": 0.011184069328010082
    }
}