{
    "acceleration": {
        "x": -1.9907499551773071,
        "y": -9.43399715423584,
        "z": 1.9515233039855957
    },
    "gyroscope": {
        "x": -0.0021293016616255045,
        "y": -0.013315116055309772,
        "z": 0.0026616270188242197
    }
}