{
    "acceleration": {
        "x": -1.255251169204712,
        "y": -9.590903282165527,
        "z": -1.8044235706329346
    },
    "gyroscope": {
        "x": 0.0010646508308127522,
        "y": -0.010651743970811367,
        "z": 0.0021293016616255045
    }
}