{
    "acceleration": {
        "x": -1.3337043523788452,
        "y": -7.453053951263428,
        "z": 6.286062717437744
    },
    "gyroscope": {
        "x": 0.004792673978954554,
        "y": -0.004260348621755838,
        "z": -0.0031956976745277643
    }
}