{
    "acceleration": {
        "x": -2.657602071762085,
        "y": -4.530672073364258,
        "z": 8.345458984375
    },
    "gyroscope": {
        "x": -0.028761280700564384,
        "y": -0.011184069328010082,
        "z": -0.0026616270188242197
    }
}