{
    "acceleration": {
        "x": -2.079009771347046,
        "y": -9.120183944702148,
        "z": -2.471275806427002
    },
    "gyroscope": {
        "x": 0.04793721064925194,
        "y": -0.0250332560390234,
        "z": -0.017043139785528183
    }
}