{
    "acceleration": {
        "x": -2.765475273132324,
        "y": -9.43399715423584,
        "z": 0.4412992298603058
    },
    "gyroscope": {
        "x": -0.0026616270188242197,
        "y": -0.013315116055309772,
        "z": -0.009587093256413937
    }
}