{
    "acceleration": {
        "x": -1.7553902864456177,
        "y": -8.718111991882324,
        "z": -2.971414804458618
    },
    "gyroscope": {
        "x": 0.010119418613612652,
        "y": -0.03142465278506279,
        "z": -0.012250465340912342
    }
}