{
    "acceleration": {
        "x": -1.5102241039276123,
        "y": -9.532063484191895,
        "z": -1.4415775537490845
    },
    "gyroscope": {
        "x": -0.004792673978954554,
        "y": -0.0005323254154063761,
        "z": 0.012250465340912342
    }
}