{
    "acceleration": {
        "x": -0.990471601486206,
        "y": -4.0305328369140625,
        "z": 8.94366455078125
    },
    "gyroscope": {
        "x": 0.010651743970811367,
        "y": -0.0026616270188242197,
        "z": 0.0005323254154063761
    }
}