{
    "acceleration": {
        "x": -0.7354987263679504,
        "y": -5.638823509216309,
        "z": 8.119906425476074
    },
    "gyroscope": {
        "x": -0.02822895534336567,
        "y": 0.005324999336153269,
        "z": 0.004260348621755838
    }
}