{
    "acceleration": {
        "x": -0.9512450098991394,
        "y": -8.54159164428711,
        "z": -4.726805210113525
    },
    "gyroscope": {
        "x": 0.04953593388199806,
        "y": 0.025565581396222115,
        "z": -0.025565581396222115
    }
}