{
    "acceleration": {
        "x": -1.9417166709899902,
        "y": -8.404298782348633,
        "z": 4.795451641082764
    },
    "gyroscope": {
        "x": 0.021305233240127563,
        "y": 0.0021293016616255045,
        "z": -0.0015969761880114675
    }
}