{
    "acceleration": {
        "x": -1.4121575355529785,
        "y": -2.4614691734313965,
        "z": 9.463417053222656
    },
    "gyroscope": {
        "x": -0.01970651187002659,
        "y": 0.017577210441231728,
        "z": 0.0005323254154063761
    }
}