{
    "acceleration": {
        "x": -1.2748644351959229,
        "y": -9.414383888244629,
        "z": 2.2555294036865234
    },
    "gyroscope": {
        "x": -0.02183755859732628,
        "y": -0.004792673978954554,
        "z": 0.0031956976745277643
    }
}