{
    "acceleration": {
        "x": -1.1179580688476562,
        "y": -2.7066352367401123,
        "z": 9.384963989257812
    },
    "gyroscope": {
        "x": 0.015446163713932037,
        "y": -0.021305233240127563,
        "z": 0.0026616270188242197
    }
}