{
    "acceleration": {
        "x": -2.5203089714050293,
        "y": -1.2454445362091064,
        "z": 9.43399715423584
    },
    "gyroscope": {
        "x": -0.04207814112305641,
        "y": 0.010651743970811367,
        "z": -0.0026616270188242197
    }
}