{
    "acceleration": {
        "x": -2.7458620071411133,
        "y": -8.267005920410156,
        "z": -4.540478706359863
    },
    "gyroscope": {
        "x": -0.007456046529114246,
        "y": 0.006391395349055529,
        "z": 0.0005323254154063761
    }
}