{
    "acceleration": {
        "x": -1.5102241039276123,
        "y": -8.14932632446289,
        "z": -5.579983711242676
    },
    "gyroscope": {
        "x": -0.0015969761880114675,
        "y": -0.0015969761880114675,
        "z": 0.003728023264557123
    }
}