{
    "acceleration": {
        "x": -1.039504885673523,
        "y": -1.3729310035705566,
        "z": 9.708582878112793
    },
    "gyroscope": {
        "x": -0.009587093256413937,
        "y": -0.010651743970811367,
        "z": -0.0031956976745277643
    }
}