{
    "acceleration": {
        "x": -1.1669913530349731,
        "y": -8.472945213317871,
        "z": -4.648352146148682
    },
    "gyroscope": {
        "x": -0.018641861155629158,
        "y": 0.0010646508308127522,
        "z": 0.007456046529114246
    }
}