{
    "acceleration": {
        "x": -1.2944778203964233,
        "y": -9.718389511108398,
        "z": 1.0689247846603394
    },
    "gyroscope": {
        "x": -0.014913838356733322,
        "y": -0.009587093256413937,
        "z": 0.0015969761880114675
    }
}