{
    "acceleration": {
        "x": -1.1179580688476562,
        "y": -2.1770763397216797,
        "z": 9.512450218200684
    },
    "gyroscope": {
        "x": -0.009054767899215221,
        "y": 0.0031956976745277643,
        "z": 0.004260348621755838
    }
}