{
    "acceleration": {
        "x": -2.0692031383514404,
        "y": -9.532063484191895,
        "z": 0.23535959422588348
    },
    "gyroscope": {
        "x": 0.04207814112305641,
        "y": -0.026631977409124374,
        "z": -0.017577210441231728
    }
}