{
    "acceleration": {
        "x": -2.7556686401367188,
        "y": -7.992419719696045,
        "z": -5.021004676818848
    },
    "gyroscope": {
        "x": 0.005859069991856813,
        "y": -0.018641861155629158,
        "z": -0.006391395349055529
    }
}