{
    "acceleration": {
        "x": -1.4611908197402954,
        "y": -9.022117614746094,
        "z": -3.108707904815674
    },
    "gyroscope": {
        "x": -0.009054767899215221,
        "y": -0.016510814428329468,
        "z": -0.005859069991856813
    }
}