{
    "acceleration": {
        "x": -2.7164418697357178,
        "y": -9.247671127319336,
        "z": -1.637710452079773
    },
    "gyroscope": {
        "x": -0.018641861155629158,
        "y": 0.010651743970811367,
        "z": 0.011184069328010082
    }
}