{
    "acceleration": {
        "x": -1.1179580688476562,
        "y": -8.74753189086914,
        "z": 4.285505771636963
    },
    "gyroscope": {
        "x": 0.004792673978954554,
        "y": 0.0031956976745277643,
        "z": -0.0005323254154063761
    }
}