{
    "acceleration": {
        "x": -1.402350902557373,
        "y": -2.186882972717285,
        "z": 9.502643585205078
    },
    "gyroscope": {
        "x": 0.006391395349055529,
        "y": -0.011718139983713627,
        "z": -0.003728023264557123
    }
}