{
    "acceleration": {
        "x": 0.5687856674194336,
        "y": -9.375157356262207,
        "z": -2.863541841506958
    },
    "gyroscope": {
        "x": -0.013315116055309772,
        "y": -0.007456046529114246,
        "z": 0.0015969761880114675
    }
}