{
    "acceleration": {
        "x": 1.3631243705749512,
        "y": -9.64974308013916,
        "z": -1.45138418674469
    },
    "gyroscope": {
        "x": -0.010119418613612652,
        "y": -0.006391395349055529,
        "z": 0.0
    }
}