{
    "acceleration": {
        "x": 0.4903324842453003,
        "y": -8.796565055847168,
        "z": -4.275699138641357
    },
    "gyroscope": {
        "x": 0.010651743970811367,
        "y": 0.006391395349055529,
        "z": 0.007456046529114246
    }
}