{
    "acceleration": {
        "x": 0.627625584602356,
        "y": -6.2566423416137695,
        "z": 7.462860584259033
    },
    "gyroscope": {
        "x": -0.0005323254154063761,
        "y": -0.0015969761880114675,
        "z": -0.005324999336153269
    }
}