{
    "acceleration": {
        "x": -0.7158854603767395,
        "y": -8.757338523864746,
        "z": -4.363959312438965
    },
    "gyroscope": {
        "x": -0.004260348621755838,
        "y": 0.003728023264557123,
        "z": 0.0031956976745277643
    }
}