{
    "acceleration": {
        "x": 1.2650578022003174,
        "y": -9.120183944702148,
        "z": 3.50097393989563
    },
    "gyroscope": {
        "x": -0.011718139983713627,
        "y": 0.004260348621755838,
        "z": 0.005324999336153269
    }
}