{
    "acceleration": {
        "x": -0.4412992298603058,
        "y": -4.82487154006958,
        "z": 8.531785011291504
    },
    "gyroscope": {
        "x": -0.017043139785528183,
        "y": -0.010119418613612652,
        "z": 0.0026616270188242197
    }
}