{
    "acceleration": {
        "x": 1.6769371032714844,
        "y": -1.4121575355529785,
        "z": 9.610516548156738
    },
    "gyroscope": {
        "x": -0.017043139785528183,
        "y": -0.007456046529114246,
        "z": 0.011184069328010082
    }
}