{
    "acceleration": {
        "x": 0.6570455431938171,
        "y": -9.708582878112793,
        "z": 1.1767979860305786
    },
    "gyroscope": {
        "x": -0.003728023264557123,
        "y": -0.006923720706254244,
        "z": -0.005859069991856813
    }
}