{
    "acceleration": {
        "x": 0.7943386435508728,
        "y": -7.7374467849731445,
        "z": 6.011476516723633
    },
    "gyroscope": {
        "x": -0.006391395349055529,
        "y": -0.007456046529114246,
        "z": 0.0
    }
}