{
    "acceleration": {
        "x": 0.4609125256538391,
        "y": -9.610516548156738,
        "z": -1.2944778203964233
    },
    "gyroscope": {
        "x": 0.012250465340912342,
        "y": 0.015446163713932037,
        "z": -0.0010646508308127522
    }
}