{
    "acceleration": {
        "x": 0.06864655017852783,
        "y": -8.982891082763672,
        "z": 3.9716930389404297
    },
    "gyroscope": {
        "x": -0.006923720706254244,
        "y": -0.025565581396222115,
        "z": 0.0015969761880114675
    }
}