{
    "acceleration": {
        "x": 0.10787314921617508,
        "y": -7.217694282531738,
        "z": 6.697941780090332
    },
    "gyroscope": {
        "x": -0.013847441412508488,
        "y": -0.005859069991856813,
        "z": 0.0015969761880114675
    }
}