{
    "acceleration": {
        "x": 1.6279038190841675,
        "y": -9.277091026306152,
        "z": -2.736055374145508
    },
    "gyroscope": {
        "x": -0.005324999336153269,
        "y": -0.004260348621755838,
        "z": 0.0
    }
}