{
    "acceleration": {
        "x": 1.4415775537490845,
        "y": -5.707469940185547,
        "z": 7.933579444885254
    },
    "gyroscope": {
        "x": 0.0015969761880114675,
        "y": 0.0015969761880114675,
        "z": -0.006391395349055529
    }
}