{
    "acceleration": {
        "x": 1.1375713348388672,
        "y": -9.32612419128418,
        "z": -2.785088539123535
    },
    "gyroscope": {
        "x": -0.0005323254154063761,
        "y": -0.0010646508308127522,
        "z": -0.0021293016616255045
    }
}