{
    "acceleration": {
        "x": 1.402350902557373,
        "y": -5.844763278961182,
        "z": 7.796286582946777
    },
    "gyroscope": {
        "x": -0.0015969761880114675,
        "y": -0.010651743970811367,
        "z": -0.0005323254154063761
    }
}