{
    "acceleration": {
        "x": 0.06864655017852783,
        "y": -1.8534568548202515,
        "z": 9.698776245117188
    },
    "gyroscope": {
        "x": 0.012782790698111057,
        "y": 0.0010646508308127522,
        "z": -0.0031956976745277643
    }
}