{
    "acceleration": {
        "x": -0.21574629843235016,
        "y": -8.521978378295898,
        "z": -4.844484806060791
    },
    "gyroscope": {
        "x": -0.0015969761880114675,
        "y": 0.008520697243511677,
        "z": 0.005324999336153269
    }
}