{
    "acceleration": {
        "x": 1.7455836534500122,
        "y": -9.34573745727539,
        "z": 2.559535503387451
    },
    "gyroscope": {
        "x": -0.0026616270188242197,
        "y": -0.007988371886312962,
        "z": 0.0015969761880114675
    }
}