{
    "acceleration": {
        "x": 1.3925442695617676,
        "y": -7.884546279907227,
        "z": 5.727083683013916
    },
    "gyroscope": {
        "x": -0.006391395349055529,
        "y": 0.0,
        "z": 0.006391395349055529
    }
}