{
    "acceleration": {
        "x": 0.0,
        "y": -7.296147346496582,
        "z": 6.609682083129883
    },
    "gyroscope": {
        "x": -0.011718139983713627,
        "y": -0.0005323254154063761,
        "z": 0.0026616270188242197
    }
}