{
    "acceleration": {
        "x": 1.3042844533920288,
        "y": -8.139519691467285,
        "z": 5.344624042510986
    },
    "gyroscope": {
        "x": 0.0005323254154063761,
        "y": -0.005859069991856813,
        "z": -0.0010646508308127522
    }
}