{
    "acceleration": {
        "x": -0.06864655017852783,
        "y": -9.610516548156738,
        "z": -1.81423020362854
    },
    "gyroscope": {
        "x": -0.009587093256413937,
        "y": -0.006923720706254244,
        "z": 0.0015969761880114675
    }
}