{
    "acceleration": {
        "x": 0.6178189516067505,
        "y": -8.74753189086914,
        "z": 4.520865440368652
    },
    "gyroscope": {
        "x": 0.018641861155629158,
        "y": 0.004792673978954554,
        "z": -0.011718139983713627
    }
}