{
    "acceleration": {
        "x": -0.19613298773765564,
        "y": -9.188830375671387,
        "z": 3.5107805728912354
    },
    "gyroscope": {
        "x": 0.0010646508308127522,
        "y": -0.0005323254154063761,
        "z": -0.0010646508308127522
    }
}