{
    "acceleration": {
        "x": -0.5687856674194336,
        "y": -7.688413619995117,
        "z": 6.119349479675293
    },
    "gyroscope": {
        "x": -0.012250465340912342,
        "y": -0.006923720706254244,
        "z": 0.003728023264557123
    }
}