{
    "acceleration": {
        "x": 1.2846710681915283,
        "y": -8.72791862487793,
        "z": -4.265892505645752
    },
    "gyroscope": {
        "x": 0.004792673978954554,
        "y": 0.006391395349055529,
        "z": 0.003728023264557123
    }
}