{
    "acceleration": {
        "x": 0.08825984597206116,
        "y": -3.893239974975586,
        "z": 9.061344146728516
    },
    "gyroscope": {
        "x": 0.0005323254154063761,
        "y": -0.0021293016616255045,
        "z": -0.005324999336153269
    }
}