{
    "acceleration": {
        "x": 1.598483920097351,
        "y": -4.540478706359863,
        "z": 8.610238075256348
    },
    "gyroscope": {
        "x": 0.0,
        "y": -0.008520697243511677,
        "z": 0.0021293016616255045
    }
}