{
    "acceleration": {
        "x": -0.127486452460289,
        "y": -7.580540180206299,
        "z": 6.2762556076049805
    },
    "gyroscope": {
        "x": -0.013847441412508488,
        "y": -0.004792673978954554,
        "z": 0.007988371886312962
    }
}