{
    "acceleration": {
        "x": 0.0,
        "y": -8.865211486816406,
        "z": 4.305119037628174
    },
    "gyroscope": {
        "x": -0.011184069328010082,
        "y": -0.005324999336153269,
        "z": -0.003728023264557123
    }
}