{
    "acceleration": {
        "x": 1.9122966527938843,
        "y": -5.91340970993042,
        "z": 7.629573345184326
    },
    "gyroscope": {
        "x": 0.005859069991856813,
        "y": -0.009054767899215221,
        "z": -0.0015969761880114675
    }
}