{
    "acceleration": {
        "x": 1.1964112520217896,
        "y": -9.747809410095215,
        "z": -0.3334260880947113
    },
    "gyroscope": {
        "x": -0.009587093256413937,
        "y": -0.007988371886312962,
        "z": 0.0
    }
}