{
    "acceleration": {
        "x": -0.6472389101982117,
        "y": -9.659549713134766,
        "z": -1.5788706541061401
    },
    "gyroscope": {
        "x": -0.0031956976745277643,
        "y": 0.0,
        "z": 0.004792673978954554
    }
}