{
    "acceleration": {
        "x": 1.1669913530349731,
        "y": -9.747809410095215,
        "z": 0.29419949650764465
    },
    "gyroscope": {
        "x": -0.006391395349055529,
        "y": -0.003728023264557123,
        "z": 0.003728023264557123
    }
}