{
    "acceleration": {
        "x": 1.2650578022003174,
        "y": -9.610516548156738,
        "z": 0.7747253179550171
    },
    "gyroscope": {
        "x": -0.004792673978954554,
        "y": 0.005324999336153269,
        "z": 0.0031956976745277643
    }
}