{
    "acceleration": {
        "x": -0.19613298773765564,
        "y": -9.581096649169922,
        "z": -2.079009771347046
    },
    "gyroscope": {
        "x": -0.008520697243511677,
        "y": -0.0031956976745277643,
        "z": 0.0010646508308127522
    }
}