{
    "acceleration": {
        "x": -0.22555294632911682,
        "y": -9.787036895751953,
        "z": 0.8825984597206116
    },
    "gyroscope": {
        "x": -0.0010646508308127522,
        "y": -0.0010646508308127522,
        "z": -0.004260348621755838
    }
}