{
    "acceleration": {
        "x": -0.627625584602356,
        "y": -8.767145156860352,
        "z": 4.471832275390625
    },
    "gyroscope": {
        "x": -0.006391395349055529,
        "y": -0.009054767899215221,
        "z": 0.0005323254154063761
    }
}