{
    "acceleration": {
        "x": 0.029419949278235435,
        "y": -7.207887649536133,
        "z": 6.727361679077148
    },
    "gyroscope": {
        "x": -0.014913838356733322,
        "y": -0.004792673978954554,
        "z": -0.0015969761880114675
    }
}