{
    "acceleration": {
        "x": 0.8629851937294006,
        "y": -1.0296982526779175,
        "z": 9.718389511108398
    },
    "gyroscope": {
        "x": -0.018641861155629158,
        "y": 0.0031956976745277643,
        "z": 0.007456046529114246
    }
}