{
    "acceleration": {
        "x": -0.11767979711294174,
        "y": -9.796843528747559,
        "z": 0.5589790344238281
    },
    "gyroscope": {
        "x": 0.0005323254154063761,
        "y": -0.009587093256413937,
        "z": -0.0031956976745277643
    }
}