{
    "acceleration": {
        "x": 2.0299766063690186,
        "y": -2.804701805114746,
        "z": 9.188830375671387
    },
    "gyroscope": {
        "x": -0.006923720706254244,
        "y": -0.011184069328010082,
        "z": 0.004792673978954554
    }
}