{
    "acceleration": {
        "x": 0.23535959422588348,
        "y": -1.4808040857315063,
        "z": 9.718389511108398
    },
    "gyroscope": {
        "x": -0.003728023264557123,
        "y": 0.0031956976745277643,
        "z": 0.006923720706254244
    }
}