{
    "acceleration": {
        "x": -0.06864655017852783,
        "y": -8.659272193908691,
        "z": 4.638545513153076
    },
    "gyroscope": {
        "x": -0.0015969761880114675,
        "y": 0.0031956976745277643,
        "z": 0.0015969761880114675
    }
}