{
    "acceleration": {
        "x": 0.0,
        "y": -9.767423629760742,
        "z": 0.9316317439079285
    },
    "gyroscope": {
        "x": -0.01970651187002659,
        "y": -0.019174186512827873,
        "z": 0.0005323254154063761
    }
}