{
    "acceleration": {
        "x": -0.3628460466861725,
        "y": -1.7259703874588013,
        "z": 9.679162979125977
    },
    "gyroscope": {
        "x": -0.009587093256413937,
        "y": -0.005859069991856813,
        "z": 0.0015969761880114675
    }
}