{
    "acceleration": {
        "x": -0.17651969194412231,
        "y": -9.5418701171875,
        "z": -2.3535959720611572
    },
    "gyroscope": {
        "x": 0.0,
        "y": -0.006923720706254244,
        "z": -0.0005323254154063761
    }
}