{
    "acceleration": {
        "x": 1.8240368366241455,
        "y": -8.05125904083252,
        "z": 5.344624042510986
    },
    "gyroscope": {
        "x": -0.007988371886312962,
        "y": -0.010119418613612652,
        "z": -0.0005323254154063761
    }
}