{
    "acceleration": {
        "x": 1.618097186088562,
        "y": -2.000556468963623,
        "z": 9.512450218200684
    },
    "gyroscope": {
        "x": -0.012782790698111057,
        "y": 0.004260348621755838,
        "z": 0.004260348621755838
    }
}