{
    "acceleration": {
        "x": -0.019613299518823624,
        "y": -8.492558479309082,
        "z": -4.9131317138671875
    },
    "gyroscope": {
        "x": -0.006923720706254244,
        "y": 0.0,
        "z": -0.0026616270188242197
    }
}