{
    "acceleration": {
        "x": 0.5001391172409058,
        "y": -9.64974308013916,
        "z": 0.990471601486206
    },
    "gyroscope": {
        "x": 0.014379767701029778,
        "y": 0.010119418613612652,
        "z": -0.006923720706254244
    }
}