{
    "acceleration": {
        "x": 1.5788706541061401,
        "y": -2.3143694400787354,
        "z": 9.424190521240234
    },
    "gyroscope": {
        "x": -0.016510814428329468,
        "y": -0.0026616270188242197,
        "z": 0.0031956976745277643
    }
}