{
    "acceleration": {
        "x": -0.03922659903764725,
        "y": -4.805258274078369,
        "z": 8.610238075256348
    },
    "gyroscope": {
        "x": -0.004260348621755838,
        "y": 0.004260348621755838,
        "z": 0.0005323254154063761
    }
}