{
    "acceleration": {
        "x": -0.725692093372345,
        "y": -9.73800277709961,
        "z": 0.9414383769035339
    },
    "gyroscope": {
        "x": -0.004792673978954554,
        "y": -0.007456046529114246,
        "z": 0.0015969761880114675
    }
}