{
    "acceleration": {
        "x": -0.2843928337097168,
        "y": -8.23758602142334,
        "z": -5.217137813568115
    },
    "gyroscope": {
        "x": -0.013315116055309772,
        "y": 0.0026616270188242197,
        "z": 0.012250465340912342
    }
}