{
    "acceleration": {
        "x": -0.17651969194412231,
        "y": -8.678885459899902,
        "z": -4.540478706359863
    },
    "gyroscope": {
        "x": 0.0005323254154063761,
        "y": -0.006391395349055529,
        "z": -0.013315116055309772
    }
}