{
    "acceleration": {
        "x": 1.6769371032714844,
        "y": -9.659549713134766,
        "z": -0.32361945509910583
    },
    "gyroscope": {
        "x": -0.007988371886312962,
        "y": 0.0021293016616255045,
        "z": 0.0021293016616255045
    }
}