{
    "acceleration": {
        "x": 0.7060787677764893,
        "y": -9.0319242477417,
        "z": 3.746140241622925
    },
    "gyroscope": {
        "x": -0.007988371886312962,
        "y": -0.008520697243511677,
        "z": -0.006923720706254244
    }
}