{
    "acceleration": {
        "x": 1.4906107187271118,
        "y": -7.266727447509766,
        "z": 6.492002010345459
    },
    "gyroscope": {
        "x": -0.004792673978954554,
        "y": 0.0031956976745277643,
        "z": -0.0021293016616255045
    }
}