{
    "acceleration": {
        "x": 0.5393657088279724,
        "y": -8.325845718383789,
        "z": -5.128877639770508
    },
    "gyroscope": {
        "x": 0.0031956976745277643,
        "y": -0.0015969761880114675,
        "z": -0.0026616270188242197
    }
}