{
    "acceleration": {
        "x": 0.35303938388824463,
        "y": -1.2846710681915283,
        "z": 9.777230262756348
    },
    "gyroscope": {
        "x": -0.010119418613612652,
        "y": -0.004260348621755838,
        "z": -0.0010646508308127522
    }
}