{
    "acceleration": {
        "x": 0.7943386435508728,
        "y": -5.589790344238281,
        "z": 8.100293159484863
    },
    "gyroscope": {
        "x": -0.014379767701029778,
        "y": -0.012250465340912342,
        "z": -0.0010646508308127522
    }
}