{
    "acceleration": {
        "x": 0.6962721347808838,
        "y": -4.511058807373047,
        "z": 8.629851341247559
    },
    "gyroscope": {
        "x": -0.0010646508308127522,
        "y": -0.0015969761880114675,
        "z": -0.004792673978954554
    }
}