{
    "acceleration": {
        "x": 1.0983448028564453,
        "y": -8.168939590454102,
        "z": -5.266170978546143
    },
    "gyroscope": {
        "x": -0.008520697243511677,
        "y": -0.004260348621755838,
        "z": 0.003728023264557123
    }
}