{
    "acceleration": {
        "x": 0.26477953791618347,
        "y": -4.187439441680908,
        "z": 8.933857917785645
    },
    "gyroscope": {
        "x": 0.0021293016616255045,
        "y": -0.0005323254154063761,
        "z": -0.006923720706254244
    }
}