{
    "acceleration": {
        "x": 0.18632633984088898,
        "y": -4.324732780456543,
        "z": 8.816178321838379
    },
    "gyroscope": {
        "x": -0.02929535135626793,
        "y": -0.0015969761880114675,
        "z": 0.008520697243511677
    }
}