{
    "acceleration": {
        "x": 0.9414383769035339,
        "y": -2.736055374145508,
        "z": 9.443803787231445
    },
    "gyroscope": {
        "x": -0.006391395349055529,
        "y": 0.0005323254154063761,
        "z": -0.0015969761880114675
    }
}