{
    "acceleration": {
        "x": 0.17651969194412231,
        "y": -1.7259703874588013,
        "z": 9.688969612121582
    },
    "gyroscope": {
        "x": -0.0026616270188242197,
        "y": 0.0005323254154063761,
        "z": -0.0026616270188242197
    }
}