{
    "acceleration": {
        "x": 1.402350902557373,
        "y": -8.659272193908691,
        "z": 4.363959312438965
    },
    "gyroscope": {
        "x": -0.028761280700564384,
        "y": -0.017577210441231728,
        "z": 0.012782790698111057
    }
}