{
    "acceleration": {
        "x": 1.039504885673523,
        "y": -8.227779388427734,
        "z": -5.187717914581299
    },
    "gyroscope": {
        "x": -0.009054767899215221,
        "y": -0.007988371886312962,
        "z": -0.0010646508308127522
    }
}