{
    "acceleration": {
        "x": -0.254972904920578,
        "y": -9.600709915161133,
        "z": -1.7848103046417236
    },
    "gyroscope": {
        "x": -0.010119418613612652,
        "y": -0.009054767899215221,
        "z": -0.0005323254154063761
    }
}