{
    "acceleration": {
        "x": -0.09806649386882782,
        "y": -9.698776245117188,
        "z": 1.5494506359100342
    },
    "gyroscope": {
        "x": -0.015446163713932037,
        "y": 0.007988371886312962,
        "z": 0.006923720706254244
    }
}