{
    "acceleration": {
        "x": 1.6082905530929565,
        "y": -7.60015344619751,
        "z": -5.864376544952393
    },
    "gyroscope": {
        "x": -0.009054767899215221,
        "y": 0.0015969761880114675,
        "z": 0.005859069991856813
    }
}