{
    "acceleration": {
        "x": 1.2258312702178955,
        "y": -9.149603843688965,
        "z": 3.3048410415649414
    },
    "gyroscope": {
        "x": -0.007988371886312962,
        "y": -0.003728023264557123,
        "z": -0.0026616270188242197
    }
}