{
    "acceleration": {
        "x": 1.1179580688476562,
        "y": -9.198637008666992,
        "z": -3.147934675216675
    },
    "gyroscope": {
        "x": -0.011184069328010082,
        "y": -0.007456046529114246,
        "z": 0.0026616270188242197
    }
}