{
    "acceleration": {
        "x": 0.7845319509506226,
        "y": -9.5418701171875,
        "z": 2.2947559356689453
    },
    "gyroscope": {
        "x": -0.006923720706254244,
        "y": 0.0,
        "z": 0.0015969761880114675
    }
}