{
    "acceleration": {
        "x": 0.9316317439079285,
        "y": -5.697663307189941,
        "z": 7.9629998207092285
    },
    "gyroscope": {
        "x": -0.010119418613612652,
        "y": -0.007988371886312962,
        "z": 0.004260348621755838
    }
}