{
    "acceleration": {
        "x": 1.019891619682312,
        "y": -2.922381639480591,
        "z": 9.316317558288574
    },
    "gyroscope": {
        "x": -0.017043139785528183,
        "y": -0.0015969761880114675,
        "z": 0.007456046529114246
    }
}