{
    "acceleration": {
        "x": 0.5883989930152893,
        "y": -2.2751426696777344,
        "z": 9.561483383178711
    },
    "gyroscope": {
        "x": -0.006923720706254244,
        "y": -0.0021293016616255045,
        "z": -0.0005323254154063761
    }
}