{
    "acceleration": {
        "x": 1.667130470275879,
        "y": -9.179023742675781,
        "z": -2.863541841506958
    },
    "gyroscope": {
        "x": -0.026631977409124374,
        "y": -0.007988371886312962,
        "z": 0.009587093256413937
    }
}