{
    "acceleration": {
        "x": 0.6374322175979614,
        "y": -7.894352912902832,
        "z": -5.687856674194336
    },
    "gyroscope": {
        "x": -0.02716430276632309,
        "y": -0.013315116055309772,
        "z": 0.0026616270188242197
    }
}