{
    "acceleration": {
        "x": 1.2258312702178955,
        "y": -9.718389511108398,
        "z": 0.7845319509506226
    },
    "gyroscope": {
        "x": -0.008520697243511677,
        "y": 0.008520697243511677,
        "z": 0.0026616270188242197
    }
}