{
    "acceleration": {
        "x": 1.2748644351959229,
        "y": -3.0989012718200684,
        "z": 9.228057861328125
    },
    "gyroscope": {
        "x": 0.005859069991856813,
        "y": -0.003728023264557123,
        "z": -0.004792673978954554
    }
}