{
    "acceleration": {
        "x": 0.6668521761894226,
        "y": -9.826263427734375,
        "z": 0.35303938388824463
    },
    "gyroscope": {
        "x": 0.007456046529114246,
        "y": 0.004792673978954554,
        "z": -0.004792673978954554
    }
}