{
    "acceleration": {
        "x": 0.6766588091850281,
        "y": -9.679162979125977,
        "z": 1.1277647018432617
    },
    "gyroscope": {
        "x": -0.0005323254154063761,
        "y": -0.0005323254154063761,
        "z": 0.0021293016616255045
    }
}