{
    "acceleration": {
        "x": 0.2059396505355835,
        "y": -8.227779388427734,
        "z": -5.20733118057251
    },
    "gyroscope": {
        "x": -0.011184069328010082,
        "y": -0.010651743970811367,
        "z": 0.004260348621755838
    }
}