{
    "acceleration": {
        "x": 0.4314925968647003,
        "y": -5.217137813568115,
        "z": 8.345458984375
    },
    "gyroscope": {
        "x": -0.011184069328010082,
        "y": -0.003728023264557123,
        "z": 0.0015969761880114675
    }
}