{
    "acceleration": {
        "x": 1.2846710681915283,
        "y": -7.1588544845581055,
        "z": 6.599875450134277
    },
    "gyroscope": {
        "x": -0.006391395349055529,
        "y": -0.009054767899215221,
        "z": 0.0005323254154063761
    }
}