{
    "acceleration": {
        "x": 1.382737636566162,
        "y": -9.73800277709961,
        "z": 1.0787314176559448
    },
    "gyroscope": {
        "x": -0.007456046529114246,
        "y": -0.009587093256413937,
        "z": -0.005324999336153269
    }
}