{
    "acceleration": {
        "x": 0.509945809841156,
        "y": -9.512450218200684,
        "z": -2.30456280708313
    },
    "gyroscope": {
        "x": -0.0026616270188242197,
        "y": -0.0005323254154063761,
        "z": 0.0010646508308127522
    }
}