{
    "acceleration": {
        "x": 0.3922659754753113,
        "y": -8.580818176269531,
        "z": -4.7071919441223145
    },
    "gyroscope": {
        "x": -0.009587093256413937,
        "y": -0.007456046529114246,
        "z": -0.0026616270188242197
    }
}