{
    "acceleration": {
        "x": 0.29419949650764465,
        "y": -9.747809410095215,
        "z": 0.009806649759411812
    },
    "gyroscope": {
        "x": 0.006391395349055529,
        "y": 0.0021293016616255045,
        "z": -0.003728023264557123
    }
}