{
    "acceleration": {
        "x": 0.9120184183120728,
        "y": -5.46230411529541,
        "z": 8.12971305847168
    },
    "gyroscope": {
        "x": -0.009054767899215221,
        "y": -0.012782790698111057,
        "z": 0.0015969761880114675
    }
}