{
    "acceleration": {
        "x": 2.0888164043426514,
        "y": -7.992419719696045,
        "z": 5.413270473480225
    },
    "gyroscope": {
        "x": -0.020240582525730133,
        "y": -0.0005323254154063761,
        "z": 0.005859069991856813
    }
}