{
    "acceleration": {
        "x": 0.8531785011291504,
        "y": -7.129434585571289,
        "z": 6.786201477050781
    },
    "gyroscope": {
        "x": -0.007988371886312962,
        "y": 0.0015969761880114675,
        "z": -0.0010646508308127522
    }
}