{
    "acceleration": {
        "x": 0.8335652351379395,
        "y": -7.992419719696045,
        "z": 5.727083683013916
    },
    "gyroscope": {
        "x": -0.018641861155629158,
        "y": -0.005324999336153269,
        "z": 0.008520697243511677
    }
}