{
    "acceleration": {
        "x": 1.0787314176559448,
        "y": -2.2947559356689453,
        "z": 9.532063484191895
    },
    "gyroscope": {
        "x": 0.007988371886312962,
        "y": -0.005324999336153269,
        "z": -0.003728023264557123
    }
}