{
    "acceleration": {
        "x": 1.5298373699188232,
        "y": -4.599318504333496,
        "z": 8.571011543273926
    },
    "gyroscope": {
        "x": 0.008520697243511677,
        "y": -0.0021293016616255045,
        "z": -0.009587093256413937
    }
}