{
    "acceleration": {
        "x": 0.32361945509910583,
        "y": -9.228057861328125,
        "z": 3.2460010051727295
    },
    "gyroscope": {
        "x": -0.007456046529114246,
        "y": -0.005324999336153269,
        "z": 0.005859069991856813
    }
}