{
    "acceleration": {
        "x": 0.8531785011291504,
        "y": -7.472667217254639,
        "z": 6.354709148406982
    },
    "gyroscope": {
        "x": 0.0005323254154063761,
        "y": -0.0010646508308127522,
        "z": 0.0010646508308127522
    }
}