{
    "acceleration": {
        "x": 1.3238977193832397,
        "y": -8.865211486816406,
        "z": 4.001112937927246
    },
    "gyroscope": {
        "x": 0.006391395349055529,
        "y": 0.009587093256413937,
        "z": -0.006391395349055529
    }
}