{
    "acceleration": {
        "x": 1.5004174709320068,
        "y": -1.8534568548202515,
        "z": 9.551676750183105
    },
    "gyroscope": {
        "x": -0.007456046529114246,
        "y": -0.005324999336153269,
        "z": 0.004260348621755838
    }
}