{
    "acceleration": {
        "x": 1.5690639019012451,
        "y": -1.8534568548202515,
        "z": 9.551676750183105
    },
    "gyroscope": {
        "x": -0.014379767701029778,
        "y": 0.0026616270188242197,
        "z": 0.008520697243511677
    }
}