{
    "acceleration": {
        "x": 0.6668521761894226,
        "y": -8.463138580322266,
        "z": -4.775838375091553
    },
    "gyroscope": {
        "x": -0.012250465340912342,
        "y": -0.012250465340912342,
        "z": -0.0026616270188242197
    }
}