{
    "acceleration": {
        "x": 0.21574629843235016,
        "y": -9.404577255249023,
        "z": -2.6477954387664795
    },
    "gyroscope": {
        "x": -0.018109535798430443,
        "y": 0.004792673978954554,
        "z": 0.014379767701029778
    }
}