{
    "acceleration": {
        "x": 0.8531785011291504,
        "y": -8.07087230682373,
        "z": 5.727083683013916
    },
    "gyroscope": {
        "x": -0.005859069991856813,
        "y": -0.009587093256413937,
        "z": 0.0026616270188242197
    }
}