{
    "acceleration": {
        "x": 0.5589790344238281,
        "y": -9.05153751373291,
        "z": 3.854013442993164
    },
    "gyroscope": {
        "x": 0.004260348621755838,
        "y": 0.0031956976745277643,
        "z": -0.0021293016616255045
    }
}