{
    "acceleration": {
        "x": 1.2846710681915283,
        "y": -9.002504348754883,
        "z": 3.775560140609741
    },
    "gyroscope": {
        "x": -0.015446163713932037,
        "y": -0.0010646508308127522,
        "z": 0.004260348621755838
    }
}