{
    "acceleration": {
        "x": 0.6766588091850281,
        "y": -7.864933013916016,
        "z": 5.8839898109436035
    },
    "gyroscope": {
        "x": -0.006923720706254244,
        "y": -0.003728023264557123,
        "z": 0.0005323254154063761
    }
}