{
    "acceleration": {
        "x": 0.6766588091850281,
        "y": -9.81645679473877,
        "z": -0.23535959422588348
    },
    "gyroscope": {
        "x": 0.0,
        "y": 0.0015969761880114675,
        "z": -0.0031956976745277643
    }
}