{
    "acceleration": {
        "x": 0.9218250513076782,
        "y": -9.806650161743164,
        "z": -0.21574629843235016
    },
    "gyroscope": {
        "x": -0.014913838356733322,
        "y": -0.0005323254154063761,
        "z": 0.005859069991856813
    }
}