{
    "acceleration": {
        "x": 1.2650578022003174,
        "y": -8.531785011291504,
        "z": -4.736611843109131
    },
    "gyroscope": {
        "x": 0.011184069328010082,
        "y": 0.022369883954524994,
        "z": 0.0015969761880114675
    }
}