{
    "acceleration": {
        "x": 0.8825984597206116,
        "y": -4.618932247161865,
        "z": 8.629851341247559
    },
    "gyroscope": {
        "x": -0.011718139983713627,
        "y": -0.003728023264557123,
        "z": 0.003728023264557123
    }
}