{
    "acceleration": {
        "x": 1.431770920753479,
        "y": -4.9131317138671875,
        "z": 8.43371868133545
    },
    "gyroscope": {
        "x": -0.0031956976745277643,
        "y": -0.0021293016616255045,
        "z": -0.005324999336153269
    }
}