{
    "acceleration": {
        "x": 1.1767979860305786,
        "y": -5.648630142211914,
        "z": 7.923772811889648
    },
    "gyroscope": {
        "x": -0.007456046529114246,
        "y": -0.0031956976745277643,
        "z": 0.0021293016616255045
    }
}