{
    "acceleration": {
        "x": 1.019891619682312,
        "y": -9.463417053222656,
        "z": 2.696828603744507
    },
    "gyroscope": {
        "x": 0.02077290788292885,
        "y": -0.0031956976745277643,
        "z": -0.012782790698111057
    }
}