{
    "acceleration": {
        "x": 2.2163028717041016,
        "y": -5.8839898109436035,
        "z": 7.560926914215088
    },
    "gyroscope": {
        "x": -0.011718139983713627,
        "y": 0.006391395349055529,
        "z": -0.0021293016616255045
    }
}