{
    "acceleration": {
        "x": 0.8825984597206116,
        "y": -8.43371868133545,
        "z": -5.0602312088012695
    },
    "gyroscope": {
        "x": -0.009054767899215221,
        "y": -0.009054767899215221,
        "z": -0.0021293016616255045
    }
}