{
    "acceleration": {
        "x": 1.1669913530349731,
        "y": -9.561483383178711,
        "z": -1.9319100379943848
    },
    "gyroscope": {
        "x": -0.006391395349055529,
        "y": -0.0015969761880114675,
        "z": 0.0021293016616255045
    }
}