{
    "acceleration": {
        "x": 0.8041452765464783,
        "y": -9.041730880737305,
        "z": 3.8442068099975586
    },
    "gyroscope": {
        "x": -0.02822895534336567,
        "y": -0.0021293016616255045,
        "z": 0.0015969761880114675
    }
}