{
    "acceleration": {
        "x": 0.8531785011291504,
        "y": -5.442690849304199,
        "z": 8.119906425476074
    },
    "gyroscope": {
        "x": 0.0015969761880114675,
        "y": -0.0021293016616255045,
        "z": 0.0015969761880114675
    }
}