{
    "acceleration": {
        "x": 0.5982056260108948,
        "y": -7.825706481933594,
        "z": -5.707469940185547
    },
    "gyroscope": {
        "x": -0.004792673978954554,
        "y": -0.0005323254154063761,
        "z": 0.0005323254154063761
    }
}