{
    "acceleration": {
        "x": 0.8825984597206116,
        "y": -9.316317558288574,
        "z": -3.089094638824463
    },
    "gyroscope": {
        "x": 0.0005323254154063761,
        "y": 0.0015969761880114675,
        "z": 0.0005323254154063761
    }
}