{
    "acceleration": {
        "x": 0.8335652351379395,
        "y": -1.9122966527938843,
        "z": 9.63012981414795
    },
    "gyroscope": {
        "x": -0.011184069328010082,
        "y": -0.0015969761880114675,
        "z": 0.0015969761880114675
    }
}