{
    "acceleration": {
        "x": 0.6472389101982117,
        "y": -9.090764045715332,
        "z": 3.4323275089263916
    },
    "gyroscope": {
        "x": -0.012250465340912342,
        "y": -0.0031956976745277643,
        "z": 0.0015969761880114675
    }
}