{
    "acceleration": {
        "x": 0.3628460466861725,
        "y": -7.649186611175537,
        "z": 6.178189277648926
    },
    "gyroscope": {
        "x": -0.015446163713932037,
        "y": -0.004792673978954554,
        "z": 0.0031956976745277643
    }
}