{
    "acceleration": {
        "x": 0.7060787677764893,
        "y": -9.512450218200684,
        "z": -2.4222424030303955
    },
    "gyroscope": {
        "x": -0.011184069328010082,
        "y": 0.0,
        "z": 0.0010646508308127522
    }
}