{
    "acceleration": {
        "x": 1.039504885673523,
        "y": -2.843928337097168,
        "z": 9.375157356262207
    },
    "gyroscope": {
        "x": -0.004792673978954554,
        "y": -0.012782790698111057,
        "z": -0.0010646508308127522
    }
}