{
    "acceleration": {
        "x": 1.3729310035705566,
        "y": -7.129434585571289,
        "z": 6.619488716125488
    },
    "gyroscope": {
        "x": -0.015978489071130753,
        "y": -0.006923720706254244,
        "z": 0.0026616270188242197
    }
}