{
    "acceleration": {
        "x": 0.9610517024993896,
        "y": -2.677215337753296,
        "z": 9.45361042022705
    },
    "gyroscope": {
        "x": -0.0031956976745277643,
        "y": 0.004260348621755838,
        "z": 0.0005323254154063761
    }
}