{
    "acceleration": {
        "x": 1.794616937637329,
        "y": -9.639936447143555,
        "z": -0.18632633984088898
    },
    "gyroscope": {
        "x": -0.0031956976745277643,
        "y": -0.0031956976745277643,
        "z": -0.0005323254154063761
    }
}