{
    "acceleration": {
        "x": 0.7551120519638062,
        "y": -9.463417053222656,
        "z": 2.7948951721191406
    },
    "gyroscope": {
        "x": -0.0010646508308127522,
        "y": -0.0005323254154063761,
        "z": -0.0031956976745277643
    }
}