{
    "acceleration": {
        "x": 0.6374322175979614,
        "y": -9.404577255249023,
        "z": -2.677215337753296
    },
    "gyroscope": {
        "x": -0.008520697243511677,
        "y": -0.009587093256413937,
        "z": -0.0005323254154063761
    }
}