{
    "acceleration": {
        "x": 0.3824593424797058,
        "y": -8.021839141845703,
        "z": -5.57017707824707
    },
    "gyroscope": {
        "x": -0.019174186512827873,
        "y": -0.014913838356733322,
        "z": 0.003728023264557123
    }
}