{
    "acceleration": {
        "x": 0.9806649684906006,
        "y": -5.727083683013916,
        "z": 7.943386077880859
    },
    "gyroscope": {
        "x": -0.012782790698111057,
        "y": -0.0010646508308127522,
        "z": 0.003728023264557123
    }
}