{
    "acceleration": {
        "x": 1.9122966527938843,
        "y": -9.32612419128418,
        "z": 2.6281821727752686
    },
    "gyroscope": {
        "x": 0.0021293016616255045,
        "y": 0.0031956976745277643,
        "z": 0.003728023264557123
    }
}