{
    "acceleration": {
        "x": 2.28494930267334,
        "y": -3.1381278038024902,
        "z": 9.05153751373291
    },
    "gyroscope": {
        "x": -0.007456046529114246,
        "y": 0.004792673978954554,
        "z": -0.0031956976745277643
    }
}