{
    "acceleration": {
        "x": 0.3824593424797058,
        "y": -9.590903282165527,
        "z": -2.579148769378662
    },
    "gyroscope": {
        "x": 0.004792673978954554,
        "y": -0.003728023264557123,
        "z": -0.0031956976745277643
    }
}