{
    "acceleration": {
        "x": 0.7551120519638062,
        "y": -9.83607006072998,
        "z": 0.5687856674194336
    },
    "gyroscope": {
        "x": 0.003728023264557123,
        "y": -0.011718139983713627,
        "z": -0.005324999336153269
    }
}