{
    "acceleration": {
        "x": 0.7158854603767395,
        "y": -8.992697715759277,
        "z": 3.9030466079711914
    },
    "gyroscope": {
        "x": -0.0005323254154063761,
        "y": -0.0010646508308127522,
        "z": -0.0015969761880114675
    }
}