{
    "acceleration": {
        "x": 1.0983448028564453,
        "y": -7.923772811889648,
        "z": 5.6780500411987305
    },
    "gyroscope": {
        "x": 0.006923720706254244,
        "y": 0.0010646508308127522,
        "z": -0.005859069991856813
    }
}