{
    "acceleration": {
        "x": 0.6962721347808838,
        "y": -6.423355579376221,
        "z": 7.423634052276611
    },
    "gyroscope": {
        "x": -0.010119418613612652,
        "y": 0.0,
        "z": 0.0015969761880114675
    }
}