{
    "acceleration": {
        "x": 0.7354987263679504,
        "y": -4.697385311126709,
        "z": 8.610238075256348
    },
    "gyroscope": {
        "x": 0.0015969761880114675,
        "y": -0.004260348621755838,
        "z": 0.0010646508308127522
    }
}