{
    "acceleration": {
        "x": 0.4609125256538391,
        "y": -9.885103225708008,
        "z": 0.019613299518823624
    },
    "gyroscope": {
        "x": -0.0026616270188242197,
        "y": -0.009054767899215221,
        "z": -0.008520697243511677
    }
}