{
    "acceleration": {
        "x": 0.5393657088279724,
        "y": -9.747809410095215,
        "z": 1.010084867477417
    },
    "gyroscope": {
        "x": 0.0031956976745277643,
        "y": -0.008520697243511677,
        "z": -0.008520697243511677
    }
}