{
    "acceleration": {
        "x": 1.6573238372802734,
        "y": -7.845319747924805,
        "z": -5.8839898109436035
    },
    "gyroscope": {
        "x": -0.017577210441231728,
        "y": -0.010119418613612652,
        "z": -0.0015969761880114675
    }
}