{
    "acceleration": {
        "x": 0.7354987263679504,
        "y": -8.531785011291504,
        "z": -4.883711814880371
    },
    "gyroscope": {
        "x": 0.011718139983713627,
        "y": 0.009054767899215221,
        "z": 0.0010646508308127522
    }
}