{
    "acceleration": {
        "x": 1.2748644351959229,
        "y": -9.620323181152344,
        "z": -1.863263487815857
    },
    "gyroscope": {
        "x": -0.0005323254154063761,
        "y": -0.0026616270188242197,
        "z": -0.009054767899215221
    }
}