{
    "acceleration": {
        "x": 0.6668521761894226,
        "y": -9.512450218200684,
        "z": -2.1770763397216797
    },
    "gyroscope": {
        "x": 0.007456046529114246,
        "y": 0.009587093256413937,
        "z": -0.0005323254154063761
    }
}