{
    "acceleration": {
        "x": 0.6080122590065002,
        "y": -9.149603843688965,
        "z": -3.1185145378112793
    },
    "gyroscope": {
        "x": -0.004260348621755838,
        "y": -0.010119418613612652,
        "z": -0.0026616270188242197
    }
}