{
    "acceleration": {
        "x": 1.010084867477417,
        "y": -1.5690639019012451,
        "z": 9.64974308013916
    },
    "gyroscope": {
        "x": -0.0026616270188242197,
        "y": -0.005859069991856813,
        "z": -0.004792673978954554
    }
}