{
    "acceleration": {
        "x": 1.1277647018432617,
        "y": -8.512171745300293,
        "z": -4.6875786781311035
    },
    "gyroscope": {
        "x": 0.006923720706254244,
        "y": 0.016510814428329468,
        "z": 0.005324999336153269
    }
}