{
    "acceleration": {
        "x": 0.823758602142334,
        "y": -9.865489959716797,
        "z": -0.14709974825382233
    },
    "gyroscope": {
        "x": -0.005324999336153269,
        "y": -0.011184069328010082,
        "z": 0.003728023264557123
    }
}