{
    "acceleration": {
        "x": 0.7453053593635559,
        "y": -9.23786449432373,
        "z": 3.295034408569336
    },
    "gyroscope": {
        "x": 0.004260348621755838,
        "y": -0.0021293016616255045,
        "z": -0.004792673978954554
    }
}