{
    "acceleration": {
        "x": 0.5785923600196838,
        "y": -9.277091026306152,
        "z": 3.255807638168335
    },
    "gyroscope": {
        "x": -0.0026616270188242197,
        "y": -0.003728023264557123,
        "z": -0.0010646508308127522
    }
}