{
    "acceleration": {
        "x": 0.627625584602356,
        "y": -3.8834333419799805,
        "z": 9.022117614746094
    },
    "gyroscope": {
        "x": -0.004260348621755838,
        "y": -0.0031956976745277643,
        "z": 0.0021293016616255045
    }
}