{
    "acceleration": {
        "x": 0.4412992298603058,
        "y": -8.119906425476074,
        "z": -5.46230411529541
    },
    "gyroscope": {
        "x": -0.0026616270188242197,
        "y": -0.005324999336153269,
        "z": 0.0005323254154063761
    }
}