{
    "acceleration": {
        "x": 1.0591181516647339,
        "y": -2.5203089714050293,
        "z": 9.463417053222656
    },
    "gyroscope": {
        "x": -0.0010646508308127522,
        "y": -0.010119418613612652,
        "z": 0.0005323254154063761
    }
}