{
    "acceleration": {
        "x": 1.8534568548202515,
        "y": -8.825984954833984,
        "z": 3.9520797729492188
    },
    "gyroscope": {
        "x": -0.009054767899215221,
        "y": -0.0021293016616255045,
        "z": 0.005859069991856813
    }
}