{
    "acceleration": {
        "x": 0.725692093372345,
        "y": -1.7259703874588013,
        "z": 9.64974308013916
    },
    "gyroscope": {
        "x": -0.015446163713932037,
        "y": -0.005324999336153269,
        "z": 0.004260348621755838
    }
}