{
    "acceleration": {
        "x": -0.029419949278235435,
        "y": -7.129434585571289,
        "z": 6.796008110046387
    },
    "gyroscope": {
        "x": -0.009587093256413937,
        "y": -0.012782790698111057,
        "z": -0.003728023264557123
    }
}