{
    "acceleration": {
        "x": 0.990471601486206,
        "y": -8.404298782348633,
        "z": -4.922938346862793
    },
    "gyroscope": {
        "x": -0.0026616270188242197,
        "y": 0.0026616270188242197,
        "z": -0.0026616270188242197
    }
}