{
    "acceleration": {
        "x": 1.3238977193832397,
        "y": -4.579705238342285,
        "z": 8.620044708251953
    },
    "gyroscope": {
        "x": -0.0010646508308127522,
        "y": -0.003728023264557123,
        "z": -0.007456046529114246
    }
}