{
    "acceleration": {
        "x": 0.7158854603767395,
        "y": -9.747809410095215,
        "z": 0.823758602142334
    },
    "gyroscope": {
        "x": -0.006923720706254244,
        "y": -0.0005323254154063761,
        "z": 0.0010646508308127522
    }
}