{
    "acceleration": {
        "x": 0.7649186849594116,
        "y": -3.0008349418640137,
        "z": 9.34573745727539
    },
    "gyroscope": {
        "x": 0.0005323254154063761,
        "y": -0.0031956976745277643,
        "z": 0.0010646508308127522
    }
}