{
    "acceleration": {
        "x": 0.9316317439079285,
        "y": -9.32612419128418,
        "z": 2.785088539123535
    },
    "gyroscope": {
        "x": -0.017043139785528183,
        "y": 0.0005323254154063761,
        "z": 0.0015969761880114675
    }
}