{
    "acceleration": {
        "x": 0.4903324842453003,
        "y": -9.169217109680176,
        "z": 3.4715540409088135
    },
    "gyroscope": {
        "x": -0.02077290788292885,
        "y": -0.003728023264557123,
        "z": 0.006391395349055529
    }
}