{
    "acceleration": {
        "x": 0.5589790344238281,
        "y": -7.5315070152282715,
        "z": 6.3154826164245605
    },
    "gyroscope": {
        "x": -0.011184069328010082,
        "y": -0.011718139983713627,
        "z": 0.005859069991856813
    }
}