{
    "acceleration": {
        "x": 0.6766588091850281,
        "y": -7.884546279907227,
        "z": 5.962442874908447
    },
    "gyroscope": {
        "x": -0.008520697243511677,
        "y": -0.005324999336153269,
        "z": 0.0005323254154063761
    }
}