{
    "acceleration": {
        "x": 1.019891619682312,
        "y": -9.512450218200684,
        "z": -2.039783239364624
    },
    "gyroscope": {
        "x": -0.010119418613612652,
        "y": -0.0021293016616255045,
        "z": 0.0010646508308127522
    }
}