{
    "acceleration": {
        "x": 0.7354987263679504,
        "y": -7.296147346496582,
        "z": 6.619488716125488
    },
    "gyroscope": {
        "x": -0.023436279967427254,
        "y": -0.007988371886312962,
        "z": 0.003728023264557123
    }
}