{
    "acceleration": {
        "x": 1.186604619026184,
        "y": -7.462860584259033,
        "z": 6.266448974609375
    },
    "gyroscope": {
        "x": -0.003728023264557123,
        "y": -0.0021293016616255045,
        "z": -0.0005323254154063761
    }
}