{
    "acceleration": {
        "x": 0.16671304404735565,
        "y": -7.482473850250244,
        "z": 6.40374231338501
    },
    "gyroscope": {
        "x": -0.015978489071130753,
        "y": -0.007456046529114246,
        "z": 0.0026616270188242197
    }
}