{
    "acceleration": {
        "x": 0.4903324842453003,
        "y": -8.639657974243164,
        "z": -4.7071919441223145
    },
    "gyroscope": {
        "x": -0.011184069328010082,
        "y": -0.006923720706254244,
        "z": 0.0005323254154063761
    }
}