{
    "acceleration": {
        "x": 0.6374322175979614,
        "y": -5.874183177947998,
        "z": 7.786479949951172
    },
    "gyroscope": {
        "x": -0.01970651187002659,
        "y": 0.0015969761880114675,
        "z": 0.005859069991856813
    }
}