{
    "acceleration": {
        "x": 1.9417166709899902,
        "y": -5.197524547576904,
        "z": 8.168939590454102
    },
    "gyroscope": {
        "x": 0.0021293016616255045,
        "y": -0.0026616270188242197,
        "z": -0.006923720706254244
    }
}