{
    "acceleration": {
        "x": 1.2846710681915283,
        "y": -1.833843469619751,
        "z": 9.561483383178711
    },
    "gyroscope": {
        "x": -0.005324999336153269,
        "y": -0.003728023264557123,
        "z": 0.007988371886312962
    }
}