{
    "acceleration": {
        "x": 2.039783239364624,
        "y": -1.8240368366241455,
        "z": 9.473223686218262
    },
    "gyroscope": {
        "x": -0.014379767701029778,
        "y": 0.0026616270188242197,
        "z": 0.005859069991856813
    }
}