{
    "acceleration": {
        "x": -0.029419949278235435,
        "y": -9.796843528747559,
        "z": 0.2059396505355835
    },
    "gyroscope": {
        "x": -0.014913838356733322,
        "y": -0.006391395349055529,
        "z": 0.005859069991856813
    }
}