{
    "acceleration": {
        "x": 0.3922659754753113,
        "y": -9.728196144104004,
        "z": 1.1669913530349731
    },
    "gyroscope": {
        "x": -0.006923720706254244,
        "y": -0.015446163713932037,
        "z": -0.004792673978954554
    }
}