{
    "acceleration": {
        "x": 1.0591181516647339,
        "y": -9.679162979125977,
        "z": 0.9806649684906006
    },
    "gyroscope": {
        "x": -0.011184069328010082,
        "y": -0.0010646508308127522,
        "z": 0.0031956976745277643
    }
}