{
    "acceleration": {
        "x": 0.5001391172409058,
        "y": -9.81645679473877,
        "z": 0.27458620071411133
    },
    "gyroscope": {
        "x": -0.014913838356733322,
        "y": -0.004260348621755838,
        "z": 0.006391395349055529
    }
}