{
    "acceleration": {
        "x": 0.37265267968177795,
        "y": -2.4810824394226074,
        "z": 9.5418701171875
    },
    "gyroscope": {
        "x": -0.004792673978954554,
        "y": -0.006391395349055529,
        "z": 0.0031956976745277643
    }
}