{
    "acceleration": {
        "x": 0.24516624212265015,
        "y": -5.138684272766113,
        "z": 8.414105415344238
    },
    "gyroscope": {
        "x": 0.0,
        "y": -0.005859069991856813,
        "z": 0.0021293016616255045
    }
}