{
    "acceleration": {
        "x": 0.6178189516067505,
        "y": -8.061065673828125,
        "z": -5.560370445251465
    },
    "gyroscope": {
        "x": -0.0031956976745277643,
        "y": -0.004260348621755838,
        "z": -0.0021293016616255045
    }
}