{
    "acceleration": {
        "x": 0.37265267968177795,
        "y": -9.5418701171875,
        "z": -2.471275806427002
    },
    "gyroscope": {
        "x": -0.016510814428329468,
        "y": -0.005859069991856813,
        "z": 0.008520697243511677
    }
}