{
    "acceleration": {
        "x": 0.8335652351379395,
        "y": -7.668799877166748,
        "z": 6.158576011657715
    },
    "gyroscope": {
        "x": -0.0015969761880114675,
        "y": -0.004260348621755838,
        "z": 0.0015969761880114675
    }
}