{
    "acceleration": {
        "x": 0.7649186849594116,
        "y": -5.727083683013916,
        "z": 7.992419719696045
    },
    "gyroscope": {
        "x": -0.013847441412508488,
        "y": -0.004792673978954554,
        "z": 0.0015969761880114675
    }
}