{
    "acceleration": {
        "x": -0.19613298773765564,
        "y": -9.64974308013916,
        "z": -1.9417166709899902
    },
    "gyroscope": {
        "x": -0.006391395349055529,
        "y": -0.013847441412508488,
        "z": -0.0005323254154063761
    }
}