{
    "acceleration": {
        "x": 1.4611908197402954,
        "y": -1.5788706541061401,
        "z": 9.620323181152344
    },
    "gyroscope": {
        "x": -0.005324999336153269,
        "y": -0.005859069991856813,
        "z": -0.0026616270188242197
    }
}