{
    "acceleration": {
        "x": -0.029419949278235435,
        "y": -9.532063484191895,
        "z": -2.4026291370391846
    },
    "gyroscope": {
        "x": -0.006391395349055529,
        "y": 0.0010646508308127522,
        "z": 0.0010646508308127522
    }
}