{
    "acceleration": {
        "x": 1.8534568548202515,
        "y": -7.10982084274292,
        "z": 6.550841808319092
    },
    "gyroscope": {
        "x": -0.006391395349055529,
        "y": -0.0005323254154063761,
        "z": 0.0015969761880114675
    }
}