{
    "acceleration": {
        "x": 1.0296982526779175,
        "y": -9.669356346130371,
        "z": -1.4611908197402954
    },
    "gyroscope": {
        "x": -0.0031956976745277643,
        "y": -0.0026616270188242197,
        "z": 0.0026616270188242197
    }
}