{
    "acceleration": {
        "x": 0.10787314921617508,
        "y": -4.010919570922852,
        "z": 8.992697715759277
    },
    "gyroscope": {
        "x": -0.0031956976745277643,
        "y": -0.0015969761880114675,
        "z": -0.0026616270188242197
    }
}