{
    "acceleration": {
        "x": 0.19613298773765564,
        "y": -1.8044235706329346,
        "z": 9.718389511108398
    },
    "gyroscope": {
        "x": -0.0005323254154063761,
        "y": -0.010651743970811367,
        "z": 0.0
    }
}