{
    "acceleration": {
        "x": 0.8139519095420837,
        "y": -7.786479949951172,
        "z": -5.844763278961182
    },
    "gyroscope": {
        "x": 0.006923720706254244,
        "y": 0.0010646508308127522,
        "z": -0.003728023264557123
    }
}