{
    "acceleration": {
        "x": 0.9708583354949951,
        "y": -7.953193187713623,
        "z": 5.776116847991943
    },
    "gyroscope": {
        "x": 0.004260348621755838,
        "y": -0.009054767899215221,
        "z": -0.0010646508308127522
    }
}