{
    "acceleration": {
        "x": 0.6472389101982117,
        "y": -9.698776245117188,
        "z": -1.7161637544631958
    },
    "gyroscope": {
        "x": 0.0015969761880114675,
        "y": -0.0031956976745277643,
        "z": -0.003728023264557123
    }
}