{
    "acceleration": {
        "x": 0.6080122590065002,
        "y": -8.512171745300293,
        "z": -4.8542914390563965
    },
    "gyroscope": {
        "x": -0.003728023264557123,
        "y": -0.0031956976745277643,
        "z": 0.0015969761880114675
    }
}