{
    "acceleration": {
        "x": 1.0296982526779175,
        "y": -9.708582878112793,
        "z": 1.3140910863876343
    },
    "gyroscope": {
        "x": -0.009587093256413937,
        "y": -0.005859069991856813,
        "z": 0.0031956976745277643
    }
}