{
    "acceleration": {
        "x": 0.509945809841156,
        "y": -8.8554048538208,
        "z": 4.295312404632568
    },
    "gyroscope": {
        "x": -0.013315116055309772,
        "y": -0.011718139983713627,
        "z": 0.005859069991856813
    }
}