{
    "acceleration": {
        "x": -0.18632633984088898,
        "y": -9.728196144104004,
        "z": 1.618097186088562
    },
    "gyroscope": {
        "x": -0.011184069328010082,
        "y": -0.005324999336153269,
        "z": 0.0010646508308127522
    }
}