{
    "acceleration": {
        "x": 0.5982056260108948,
        "y": -7.972806453704834,
        "z": 5.629016876220703
    },
    "gyroscope": {
        "x": 0.006391395349055529,
        "y": 0.0021293016616255045,
        "z": -0.0026616270188242197
    }
}