{
    "acceleration": {
        "x": 0.5197524428367615,
        "y": -9.83607006072998,
        "z": -0.9120184183120728
    },
    "gyroscope": {
        "x": -0.017577210441231728,
        "y": -0.011718139983713627,
        "z": 0.0015969761880114675
    }
}