{
    "acceleration": {
        "x": -0.08825984597206116,
        "y": -8.933857917785645,
        "z": 4.158019542694092
    },
    "gyroscope": {
        "x": -0.006923720706254244,
        "y": -0.007988371886312962,
        "z": -0.004260348621755838
    }
}