{
    "acceleration": {
        "x": 1.1179580688476562,
        "y": -5.040617942810059,
        "z": 8.384685516357422
    },
    "gyroscope": {
        "x": -0.016510814428329468,
        "y": 0.0,
        "z": 0.0015969761880114675
    }
}