{
    "acceleration": {
        "x": 0.990471601486206,
        "y": -8.845598220825195,
        "z": -4.001112937927246
    },
    "gyroscope": {
        "x": -0.006923720706254244,
        "y": -0.004260348621755838,
        "z": -0.0021293016616255045
    }
}