{
    "acceleration": {
        "x": 0.8727918267250061,
        "y": -3.2067744731903076,
        "z": 9.277091026306152
    },
    "gyroscope": {
        "x": -0.009587093256413937,
        "y": -0.003728023264557123,
        "z": -0.0026616270188242197
    }
}