{
    "acceleration": {
        "x": 0.9414383769035339,
        "y": -4.795451641082764,
        "z": 8.54159164428711
    },
    "gyroscope": {
        "x": 0.0010646508308127522,
        "y": -0.0031956976745277643,
        "z": -0.0005323254154063761
    }
}