{
    "acceleration": {
        "x": 1.2846710681915283,
        "y": -4.442412376403809,
        "z": 8.669078826904297
    },
    "gyroscope": {
        "x": -0.0005323254154063761,
        "y": -0.0010646508308127522,
        "z": -0.0021293016616255045
    }
}