{
    "acceleration": {
        "x": 0.6570455431938171,
        "y": -9.669356346130371,
        "z": -2.0888164043426514
    },
    "gyroscope": {
        "x": -0.011718139983713627,
        "y": -0.005324999336153269,
        "z": 0.003728023264557123
    }
}