{
    "acceleration": {
        "x": 1.1669913530349731,
        "y": -8.54159164428711,
        "z": 4.71699857711792
    },
    "gyroscope": {
        "x": -0.007456046529114246,
        "y": -0.0010646508308127522,
        "z": 0.004260348621755838
    }
}