{
    "acceleration": {
        "x": 0.8433718681335449,
        "y": -4.158019542694092,
        "z": 8.894631385803223
    },
    "gyroscope": {
        "x": -0.017577210441231728,
        "y": -0.0021293016616255045,
        "z": 0.0021293016616255045
    }
}