{
    "acceleration": {
        "x": 0.4314925968647003,
        "y": -9.777230262756348,
        "z": -0.2843928337097168
    },
    "gyroscope": {
        "x": 0.0015969761880114675,
        "y": 0.0010646508308127522,
        "z": 0.0
    }
}