{
    "acceleration": {
        "x": 0.6668521761894226,
        "y": -9.796843528747559,
        "z": 1.6082905530929565
    },
    "gyroscope": {
        "x": 0.012782790698111057,
        "y": 0.003728023264557123,
        "z": -0.005324999336153269
    }
}