{
    "acceleration": {
        "x": 1.7357770204544067,
        "y": -8.865211486816406,
        "z": -3.7853667736053467
    },
    "gyroscope": {
        "x": -0.015446163713932037,
        "y": -0.017043139785528183,
        "z": 0.004792673978954554
    }
}