{
    "acceleration": {
        "x": 0.7845319509506226,
        "y": -9.384963989257812,
        "z": -2.5399222373962402
    },
    "gyroscope": {
        "x": -0.0005323254154063761,
        "y": 0.0005323254154063761,
        "z": -0.0015969761880114675
    }
}