{
    "acceleration": {
        "x": 1.1277647018432617,
        "y": -8.924051284790039,
        "z": 3.912853240966797
    },
    "gyroscope": {
        "x": 0.0031956976745277643,
        "y": -0.005324999336153269,
        "z": -0.0026616270188242197
    }
}