{
    "acceleration": {
        "x": 0.6864655017852783,
        "y": -8.796565055847168,
        "z": 4.37376594543457
    },
    "gyroscope": {
        "x": 0.007456046529114246,
        "y": -0.0015969761880114675,
        "z": -0.007456046529114246
    }
}