{
    "acceleration": {
        "x": 0.04903324693441391,
        "y": -8.894631385803223,
        "z": 4.207052707672119
    },
    "gyroscope": {
        "x": -0.011184069328010082,
        "y": -0.0015969761880114675,
        "z": 0.0031956976745277643
    }
}