{
    "acceleration": {
        "x": -0.14709974825382233,
        "y": -8.54159164428711,
        "z": -4.785645008087158
    },
    "gyroscope": {
        "x": -0.004792673978954554,
        "y": -0.005859069991856813,
        "z": -0.0010646508308127522
    }
}