{
    "acceleration": {
        "x": 0.47071918845176697,
        "y": -9.257477760314941,
        "z": -2.785088539123535
    },
    "gyroscope": {
        "x": 0.007988371886312962,
        "y": 0.011184069328010082,
        "z": 0.0026616270188242197
    }
}