{
    "acceleration": {
        "x": 1.235637903213501,
        "y": -7.1392412185668945,
        "z": 6.619488716125488
    },
    "gyroscope": {
        "x": -0.004792673978954554,
        "y": 0.0031956976745277643,
        "z": -0.0015969761880114675
    }
}