{
    "acceleration": {
        "x": 0.3334260880947113,
        "y": -8.296425819396973,
        "z": -5.197524547576904
    },
    "gyroscope": {
        "x": -0.022369883954524994,
        "y": -0.0026616270188242197,
        "z": 0.012250465340912342
    }
}