{
    "acceleration": {
        "x": 1.421964168548584,
        "y": -0.411879301071167,
        "z": 9.728196144104004
    },
    "gyroscope": {
        "x": -0.007988371886312962,
        "y": 0.005859069991856813,
        "z": -0.003728023264557123
    }
}