{
    "acceleration": {
        "x": 1.7848103046417236,
        "y": -9.492836952209473,
        "z": 2.059396505355835
    },
    "gyroscope": {
        "x": -0.018109535798430443,
        "y": -0.012250465340912342,
        "z": 0.005324999336153269
    }
}