{
    "acceleration": {
        "x": 0.9512450098991394,
        "y": -1.2454445362091064,
        "z": 9.728196144104004
    },
    "gyroscope": {
        "x": -0.012250465340912342,
        "y": 0.0015969761880114675,
        "z": -0.0015969761880114675
    }
}