{
    "acceleration": {
        "x": -0.04903324693441391,
        "y": -8.629851341247559,
        "z": -4.60912561416626
    },
    "gyroscope": {
        "x": -0.003728023264557123,
        "y": -0.0021293016616255045,
        "z": -0.0031956976745277643
    }
}