{
    "acceleration": {
        "x": 1.7455836534500122,
        "y": -9.443803787231445,
        "z": -1.8044235706329346
    },
    "gyroscope": {
        "x": -0.023436279967427254,
        "y": -0.02290220931172371,
        "z": 0.009054767899215221
    }
}