{
    "acceleration": {
        "x": 1.2944778203964233,
        "y": -9.75761604309082,
        "z": -0.34323275089263916
    },
    "gyroscope": {
        "x": -0.016510814428329468,
        "y": -0.009054767899215221,
        "z": -0.0005323254154063761
    }
}