{
    "acceleration": {
        "x": 0.24516624212265015,
        "y": -9.708582878112793,
        "z": 1.3140910863876343
    },
    "gyroscope": {
        "x": -0.011718139983713627,
        "y": -0.014379767701029778,
        "z": 0.0015969761880114675
    }
}