{
    "acceleration": {
        "x": 1.010084867477417,
        "y": -4.736611843109131,
        "z": 8.580818176269531
    },
    "gyroscope": {
        "x": -0.013315116055309772,
        "y": 0.0,
        "z": -0.003728023264557123
    }
}