{
    "acceleration": {
        "x": 0.19613298773765564,
        "y": -1.255251169204712,
        "z": 9.767423629760742
    },
    "gyroscope": {
        "x": -0.004792673978954554,
        "y": 0.0015969761880114675,
        "z": 0.0
    }
}