{
    "acceleration": {
        "x": 1.9024900197982788,
        "y": -4.363959312438965,
        "z": 8.620044708251953
    },
    "gyroscope": {
        "x": 0.0031956976745277643,
        "y": -0.003728023264557123,
        "z": -0.0026616270188242197
    }
}