{
    "acceleration": {
        "x": -0.127486452460289,
        "y": -9.865489959716797,
        "z": 0.42168593406677246
    },
    "gyroscope": {
        "x": -0.005324999336153269,
        "y": -0.0010646508308127522,
        "z": 0.0031956976745277643
    }
}