{
    "acceleration": {
        "x": 0.019613299518823624,
        "y": -4.942551612854004,
        "z": 8.492558479309082
    },
    "gyroscope": {
        "x": 0.004792673978954554,
        "y": 0.0026616270188242197,
        "z": -0.0010646508308127522
    }
}