{
    "acceleration": {
        "x": 1.8730701208114624,
        "y": -8.168939590454102,
        "z": 5.256364345550537
    },
    "gyroscope": {
        "x": 0.011718139983713627,
        "y": -0.006923720706254244,
        "z": -0.004792673978954554
    }
}