{
    "acceleration": {
        "x": -0.3334260880947113,
        "y": -8.463138580322266,
        "z": -4.962164878845215
    },
    "gyroscope": {
        "x": 0.0005323254154063761,
        "y": 0.0005323254154063761,
        "z": -0.0026616270188242197
    }
}