{
    "acceleration": {
        "x": -0.19613298773765564,
        "y": -9.277091026306152,
        "z": -3.03025484085083
    },
    "gyroscope": {
        "x": 0.0015969761880114675,
        "y": 0.0031956976745277643,
        "z": -0.0015969761880114675
    }
}