{
    "acceleration": {
        "x": 1.4709974527359009,
        "y": -8.100293159484863,
        "z": 5.452497482299805
    },
    "gyroscope": {
        "x": -0.01970651187002659,
        "y": -0.009054767899215221,
        "z": 0.0026616270188242197
    }
}