{
    "acceleration": {
        "x": 0.313812792301178,
        "y": -8.8554048538208,
        "z": 4.187439441680908
    },
    "gyroscope": {
        "x": -0.011718139983713627,
        "y": -0.010119418613612652,
        "z": 0.004792673978954554
    }
}