{
    "acceleration": {
        "x": 0.45110589265823364,
        "y": -4.697385311126709,
        "z": 8.620044708251953
    },
    "gyroscope": {
        "x": -0.006391395349055529,
        "y": -0.0026616270188242197,
        "z": 0.0010646508308127522
    }
}