{
    "acceleration": {
        "x": 1.7455836534500122,
        "y": -1.9122966527938843,
        "z": 9.512450218200684
    },
    "gyroscope": {
        "x": -0.0031956976745277643,
        "y": -0.005324999336153269,
        "z": -0.0015969761880114675
    }
}