{
    "acceleration": {
        "x": 1.8436501026153564,
        "y": -9.100570678710938,
        "z": 3.196967840194702
    },
    "gyroscope": {
        "x": -0.02077290788292885,
        "y": 0.005859069991856813,
        "z": 0.0026616270188242197
    }
}