{
    "acceleration": {
        "x": 0.6080122590065002,
        "y": -1.2650578022003174,
        "z": 9.767423629760742
    },
    "gyroscope": {
        "x": -0.003728023264557123,
        "y": -0.0031956976745277643,
        "z": -0.0021293016616255045
    }
}