{
    "acceleration": {
        "x": 0.29419949650764465,
        "y": -9.698776245117188,
        "z": 1.7357770204544067
    },
    "gyroscope": {
        "x": -0.004260348621755838,
        "y": 0.0015969761880114675,
        "z": 0.004792673978954554
    }
}