{
    "acceleration": {
        "x": 0.11767979711294174,
        "y": -1.8044235706329346,
        "z": 9.679162979125977
    },
    "gyroscope": {
        "x": -0.0026616270188242197,
        "y": -0.0005323254154063761,
        "z": -0.004792673978954554
    }
}