{
    "acceleration": {
        "x": 2.020169734954834,
        "y": -1.8926833868026733,
        "z": 9.463417053222656
    },
    "gyroscope": {
        "x": 0.0010646508308127522,
        "y": -0.005324999336153269,
        "z": -0.003728023264557123
    }
}