{
    "acceleration": {
        "x": 1.647517204284668,
        "y": -9.100570678710938,
        "z": -3.295034408569336
    },
    "gyroscope": {
        "x": -0.02077290788292885,
        "y": -0.0010646508308127522,
        "z": 0.008520697243511677
    }
}