{
    "acceleration": {
        "x": 0.7158854603767395,
        "y": -8.276812553405762,
        "z": -5.246557712554932
    },
    "gyroscope": {
        "x": -0.006391395349055529,
        "y": -0.0026616270188242197,
        "z": -0.0021293016616255045
    }
}