{
    "acceleration": {
        "x": 0.7943386435508728,
        "y": -9.590903282165527,
        "z": -1.7848103046417236
    },
    "gyroscope": {
        "x": -0.013315116055309772,
        "y": -0.003728023264557123,
        "z": 0.0
    }
}