{
    "acceleration": {
        "x": 1.9711365699768066,
        "y": -5.982056140899658,
        "z": 7.560926914215088
    },
    "gyroscope": {
        "x": -0.012250465340912342,
        "y": 0.0015969761880114675,
        "z": 0.004260348621755838
    }
}