{
    "acceleration": {
        "x": 0.5589790344238281,
        "y": -1.6082905530929565,
        "z": 9.669356346130371
    },
    "gyroscope": {
        "x": -0.010119418613612652,
        "y": -0.009054767899215221,
        "z": 0.004260348621755838
    }
}