{
    "acceleration": {
        "x": 0.04903324693441391,
        "y": -7.894352912902832,
        "z": 5.844763278961182
    },
    "gyroscope": {
        "x": 0.003728023264557123,
        "y": -0.011718139983713627,
        "z": -0.0015969761880114675
    }
}