{
    "acceleration": {
        "x": 0.6766588091850281,
        "y": -8.14932632446289,
        "z": -5.383850574493408
    },
    "gyroscope": {
        "x": -0.0021293016616255045,
        "y": 0.0021293016616255045,
        "z": -0.0031956976745277643
    }
}