{
    "acceleration": {
        "x": 1.6573238372802734,
        "y": -7.923772811889648,
        "z": -5.521143913269043
    },
    "gyroscope": {
        "x": -0.03462209552526474,
        "y": -0.007456046529114246,
        "z": 0.014379767701029778
    }
}