{
    "acceleration": {
        "x": 1.7063570022583008,
        "y": -9.620323181152344,
        "z": 1.019891619682312
    },
    "gyroscope": {
        "x": -0.021305233240127563,
        "y": -0.017043139785528183,
        "z": 0.0031956976745277643
    }
}