{
    "acceleration": {
        "x": 0.411879301071167,
        "y": -7.296147346496582,
        "z": 6.5606489181518555
    },
    "gyroscope": {
        "x": -0.008520697243511677,
        "y": 0.006923720706254244,
        "z": 0.003728023264557123
    }
}