{
    "acceleration": {
        "x": 1.2846710681915283,
        "y": -9.316317558288574,
        "z": -2.7948951721191406
    },
    "gyroscope": {
        "x": -0.0021293016616255045,
        "y": -0.003728023264557123,
        "z": -0.0005323254154063761
    }
}