{
    "acceleration": {
        "x": 0.26477953791618347,
        "y": -2.7556686401367188,
        "z": 9.424190521240234
    },
    "gyroscope": {
        "x": -0.004792673978954554,
        "y": -0.0015969761880114675,
        "z": -0.005859069991856813
    }
}