{
    "acceleration": {
        "x": 1.1375713348388672,
        "y": -2.3634026050567627,
        "z": 9.492836952209473
    },
    "gyroscope": {
        "x": 0.005859069991856813,
        "y": 0.0026616270188242197,
        "z": -0.005859069991856813
    }
}