{
    "acceleration": {
        "x": 0.7943386435508728,
        "y": -9.75761604309082,
        "z": 0.5982056260108948
    },
    "gyroscope": {
        "x": -0.0031956976745277643,
        "y": -0.007456046529114246,
        "z": 0.0021293016616255045
    }
}