{
    "acceleration": {
        "x": -0.06864655017852783,
        "y": -9.23786449432373,
        "z": 3.461747407913208
    },
    "gyroscope": {
        "x": -0.003728023264557123,
        "y": -0.007456046529114246,
        "z": 0.0026616270188242197
    }
}