{
    "acceleration": {
        "x": -0.27458620071411133,
        "y": -8.502365112304688,
        "z": -4.864098072052002
    },
    "gyroscope": {
        "x": -0.005324999336153269,
        "y": -0.005859069991856813,
        "z": -0.0015969761880114675
    }
}