{
    "acceleration": {
        "x": 0.2843928337097168,
        "y": -8.639657974243164,
        "z": 4.6875786781311035
    },
    "gyroscope": {
        "x": -0.004260348621755838,
        "y": -0.0010646508308127522,
        "z": 0.003728023264557123
    }
}