{
    "acceleration": {
        "x": -0.0784531980752945,
        "y": -7.472667217254639,
        "z": 6.433162212371826
    },
    "gyroscope": {
        "x": -0.004260348621755838,
        "y": 0.0010646508308127522,
        "z": 0.004792673978954554
    }
}