{
    "acceleration": {
        "x": 0.8924051523208618,
        "y": -7.7374467849731445,
        "z": 6.040896415710449
    },
    "gyroscope": {
        "x": -0.007456046529114246,
        "y": -0.003728023264557123,
        "z": -0.0005323254154063761
    }
}