{
    "acceleration": {
        "x": 1.5592572689056396,
        "y": -8.325845718383789,
        "z": -4.775838375091553
    },
    "gyroscope": {
        "x": -0.017043139785528183,
        "y": -0.011718139983713627,
        "z": -0.005859069991856813
    }
}