{
    "acceleration": {
        "x": 0.4903324842453003,
        "y": -4.22666597366333,
        "z": 8.933857917785645
    },
    "gyroscope": {
        "x": -0.009054767899215221,
        "y": -0.0005323254154063761,
        "z": 0.0021293016616255045
    }
}