{
    "acceleration": {
        "x": 0.29419949650764465,
        "y": -9.581096649169922,
        "z": -1.863263487815857
    },
    "gyroscope": {
        "x": -0.006923720706254244,
        "y": -0.0005323254154063761,
        "z": -0.0021293016616255045
    }
}