{
    "acceleration": {
        "x": 0.823758602142334,
        "y": -9.090764045715332,
        "z": 3.746140241622925
    },
    "gyroscope": {
        "x": 0.0010646508308127522,
        "y": -0.005324999336153269,
        "z": -0.004260348621755838
    }
}