{
    "acceleration": {
        "x": 0.26477953791618347,
        "y": -9.63012981414795,
        "z": -1.8534568548202515
    },
    "gyroscope": {
        "x": -0.011718139983713627,
        "y": -0.011718139983713627,
        "z": 0.004260348621755838
    }
}