{
    "acceleration": {
        "x": 0.725692093372345,
        "y": -9.110377311706543,
        "z": -3.3440675735473633
    },
    "gyroscope": {
        "x": -0.009587093256413937,
        "y": -0.006923720706254244,
        "z": 0.0015969761880114675
    }
}