{
    "acceleration": {
        "x": 0.11767979711294174,
        "y": -5.91340970993042,
        "z": 7.874739646911621
    },
    "gyroscope": {
        "x": -0.009587093256413937,
        "y": 0.008520697243511677,
        "z": 0.003728023264557123
    }
}