{
    "acceleration": {
        "x": 0.627625584602356,
        "y": -1.7651969194412231,
        "z": 9.698776245117188
    },
    "gyroscope": {
        "x": -0.015446163713932037,
        "y": -0.0026616270188242197,
        "z": 0.003728023264557123
    }
}