{
    "acceleration": {
        "x": -0.09806649386882782,
        "y": -7.649186611175537,
        "z": 6.246835708618164
    },
    "gyroscope": {
        "x": -0.006391395349055529,
        "y": -0.0031956976745277643,
        "z": 0.0015969761880114675
    }
}