{
    "acceleration": {
        "x": 0.2059396505355835,
        "y": -9.796843528747559,
        "z": 0.8531785011291504
    },
    "gyroscope": {
        "x": -0.006391395349055529,
        "y": 0.0,
        "z": 0.0015969761880114675
    }
}