{
    "acceleration": {
        "x": -0.29419949650764465,
        "y": -9.865489959716797,
        "z": 0.10787314921617508
    },
    "gyroscope": {
        "x": -0.0010646508308127522,
        "y": -0.005859069991856813,
        "z": 0.0
    }
}