{
    "acceleration": {
        "x": 1.402350902557373,
        "y": -9.13979721069336,
        "z": 3.3440675735473633
    },
    "gyroscope": {
        "x": -0.0015969761880114675,
        "y": -0.004260348621755838,
        "z": 0.0015969761880114675
    }
}