{
    "acceleration": {
        "x": -0.2843928337097168,
        "y": -9.551676750183105,
        "z": -2.039783239364624
    },
    "gyroscope": {
        "x": 0.003728023264557123,
        "y": 0.0031956976745277643,
        "z": 0.0021293016616255045
    }
}