{
    "acceleration": {
        "x": 0.14709974825382233,
        "y": -8.502365112304688,
        "z": -4.795451641082764
    },
    "gyroscope": {
        "x": -0.003728023264557123,
        "y": -0.004260348621755838,
        "z": 0.0010646508308127522
    }
}