{
    "acceleration": {
        "x": 1.7848103046417236,
        "y": -8.698498725891113,
        "z": 4.314925670623779
    },
    "gyroscope": {
        "x": -0.006391395349055529,
        "y": -0.005324999336153269,
        "z": -0.0015969761880114675
    }
}