{
    "acceleration": {
        "x": 1.7357770204544067,
        "y": -9.708582878112793,
        "z": 0.09806649386882782
    },
    "gyroscope": {
        "x": 0.0015969761880114675,
        "y": -0.0021293016616255045,
        "z": 0.0015969761880114675
    }
}