{
    "acceleration": {
        "x": 0.40207263827323914,
        "y": -6.805814743041992,
        "z": 7.10982084274292
    },
    "gyroscope": {
        "x": -0.009587093256413937,
        "y": -0.003728023264557123,
        "z": -0.0021293016616255045
    }
}