{
    "acceleration": {
        "x": -0.24516624212265015,
        "y": -9.639936447143555,
        "z": -1.9515233039855957
    },
    "gyroscope": {
        "x": -0.009587093256413937,
        "y": -0.005859069991856813,
        "z": 0.0005323254154063761
    }
}