{
    "acceleration": {
        "x": 0.4903324842453003,
        "y": -3.8834333419799805,
        "z": 9.022117614746094
    },
    "gyroscope": {
        "x": -0.014913838356733322,
        "y": -0.0026616270188242197,
        "z": -0.0010646508308127522
    }
}