{
    "acceleration": {
        "x": 0.17651969194412231,
        "y": -9.698776245117188,
        "z": -1.4709974527359009
    },
    "gyroscope": {
        "x": -0.013315116055309772,
        "y": 0.0010646508308127522,
        "z": 0.009054767899215221
    }
}