{
    "acceleration": {
        "x": 0.37265267968177795,
        "y": -7.5118937492370605,
        "z": 6.354709148406982
    },
    "gyroscope": {
        "x": 0.0010646508308127522,
        "y": -0.0021293016616255045,
        "z": 0.003728023264557123
    }
}