{
    "acceleration": {
        "x": 1.8534568548202515,
        "y": -7.286340713500977,
        "z": 6.433162212371826
    },
    "gyroscope": {
        "x": -0.0031956976745277643,
        "y": -0.0026616270188242197,
        "z": -0.0010646508308127522
    }
}