{
    "acceleration": {
        "x": -0.21574629843235016,
        "y": -9.767423629760742,
        "z": 1.3631243705749512
    },
    "gyroscope": {
        "x": -0.011184069328010082,
        "y": -0.0010646508308127522,
        "z": 0.0026616270188242197
    }
}