{
    "acceleration": {
        "x": -0.019613299518823624,
        "y": -4.805258274078369,
        "z": 8.600431442260742
    },
    "gyroscope": {
        "x": -0.005324999336153269,
        "y": -0.0015969761880114675,
        "z": 0.006391395349055529
    }
}