{
    "acceleration": {
        "x": 1.206217885017395,
        "y": -2.7752819061279297,
        "z": 9.394770622253418
    },
    "gyroscope": {
        "x": -0.0010646508308127522,
        "y": -0.0015969761880114675,
        "z": -0.0010646508308127522
    }
}