{
    "acceleration": {
        "x": 0.9120184183120728,
        "y": -8.080678939819336,
        "z": 5.560370445251465
    },
    "gyroscope": {
        "x": 0.004792673978954554,
        "y": 0.0021293016616255045,
        "z": -0.0031956976745277643
    }
}