{
    "acceleration": {
        "x": 2.1280429363250732,
        "y": -2.637988805770874,
        "z": 9.277091026306152
    },
    "gyroscope": {
        "x": -0.006391395349055529,
        "y": 0.0,
        "z": -0.003728023264557123
    }
}