{
    "acceleration": {
        "x": 1.2160245180130005,
        "y": -7.658993244171143,
        "z": -5.952636241912842
    },
    "gyroscope": {
        "x": -0.013847441412508488,
        "y": -0.009587093256413937,
        "z": 0.0010646508308127522
    }
}