{
    "acceleration": {
        "x": 1.0591181516647339,
        "y": -5.089651107788086,
        "z": 8.374878883361816
    },
    "gyroscope": {
        "x": -0.012250465340912342,
        "y": -0.005324999336153269,
        "z": 0.004260348621755838
    }
}