{
    "acceleration": {
        "x": -0.21574629843235016,
        "y": -9.296704292297363,
        "z": 3.3244543075561523
    },
    "gyroscope": {
        "x": -0.005324999336153269,
        "y": -0.0005323254154063761,
        "z": 0.0
    }
}