{
    "acceleration": {
        "x": 0.7551120519638062,
        "y": -9.83607006072998,
        "z": 0.4314925968647003
    },
    "gyroscope": {
        "x": 0.0,
        "y": -0.009587093256413937,
        "z": -0.006923720706254244
    }
}