{
    "acceleration": {
        "x": 1.667130470275879,
        "y": -9.5418701171875,
        "z": -1.2944778203964233
    },
    "gyroscope": {
        "x": 0.0026616270188242197,
        "y": -0.0015969761880114675,
        "z": -0.006391395349055529
    }
}