{
    "acceleration": {
        "x": 0.8629851937294006,
        "y": -9.365350723266602,
        "z": 3.0989012718200684
    },
    "gyroscope": {
        "x": -0.0010646508308127522,
        "y": -0.004260348621755838,
        "z": 0.003728023264557123
    }
}