{
    "acceleration": {
        "x": 0.26477953791618347,
        "y": -8.894631385803223,
        "z": -4.138406276702881
    },
    "gyroscope": {
        "x": -0.006923720706254244,
        "y": -0.010119418613612652,
        "z": -0.0010646508308127522
    }
}