{
    "acceleration": {
        "x": 0.32361945509910583,
        "y": -8.786758422851562,
        "z": 4.452219009399414
    },
    "gyroscope": {
        "x": -0.0031956976745277643,
        "y": 0.0005323254154063761,
        "z": 0.0005323254154063761
    }
}