{
    "acceleration": {
        "x": 1.598483920097351,
        "y": -5.530950546264648,
        "z": 7.972806453704834
    },
    "gyroscope": {
        "x": 0.0,
        "y": 0.0005323254154063761,
        "z": 0.0021293016616255045
    }
}