{
    "acceleration": {
        "x": -0.23535959422588348,
        "y": -7.708026885986328,
        "z": -6.011476516723633
    },
    "gyroscope": {
        "x": -0.007456046529114246,
        "y": 0.0005323254154063761,
        "z": -0.0010646508308127522
    }
}