{
    "acceleration": {
        "x": -0.14709974825382233,
        "y": -8.924051284790039,
        "z": 4.138406276702881
    },
    "gyroscope": {
        "x": -0.009587093256413937,
        "y": -0.005859069991856813,
        "z": 0.0015969761880114675
    }
}