{
    "acceleration": {
        "x": 0.24516624212265015,
        "y": -8.43371868133545,
        "z": -4.97197151184082
    },
    "gyroscope": {
        "x": -0.006923720706254244,
        "y": -0.0031956976745277643,
        "z": 0.0010646508308127522
    }
}