{
    "acceleration": {
        "x": -1.7357770204544067,
        "y": -8.914244651794434,
        "z": 3.7853667736053467
    },
    "gyroscope": {
        "x": 0.004260348621755838,
        "y": -0.003728023264557123,
        "z": 0.0
    }
}