{
    "acceleration": {
        "x": -1.019891619682312,
        "y": -7.60015344619751,
        "z": -6.413548946380615
    },
    "gyroscope": {
        "x": -0.0021293016616255045,
        "y": -0.033023372292518616,
        "z": -0.011718139983713627
    }
}