{
    "acceleration": {
        "x": -2.147656202316284,
        "y": -7.786479949951172,
        "z": -5.550563812255859
    },
    "gyroscope": {
        "x": 0.005324999336153269,
        "y": 0.004260348621755838,
        "z": -0.008520697243511677
    }
}