{
    "acceleration": {
        "x": -1.7161637544631958,
        "y": -9.532063484191895,
        "z": -1.4906107187271118
    },
    "gyroscope": {
        "x": -0.0005323254154063761,
        "y": -0.0010646508308127522,
        "z": 0.004260348621755838
    }
}