{
    "acceleration": {
        "x": -0.5001391172409058,
        "y": -7.815899848937988,
        "z": -5.6584367752075195
    },
    "gyroscope": {
        "x": 0.023436279967427254,
        "y": -0.004792673978954554,
        "z": -0.003728023264557123
    }
}