{
    "acceleration": {
        "x": -1.3729310035705566,
        "y": -9.639936447143555,
        "z": -1.1277647018432617
    },
    "gyroscope": {
        "x": -0.0015969761880114675,
        "y": -0.0005323254154063761,
        "z": 0.0010646508308127522
    }
}