{
    "acceleration": {
        "x": -1.382737636566162,
        "y": -8.718111991882324,
        "z": 4.334539413452148
    },
    "gyroscope": {
        "x": -0.006923720706254244,
        "y": 0.007456046529114246,
        "z": 0.004260348621755838
    }
}