{
    "acceleration": {
        "x": -1.0689247846603394,
        "y": -3.2460010051727295,
        "z": 9.286897659301758
    },
    "gyroscope": {
        "x": -0.006391395349055529,
        "y": -0.0026616270188242197,
        "z": -0.0015969761880114675
    }
}