{
    "acceleration": {
        "x": -1.402350902557373,
        "y": -9.600709915161133,
        "z": 1.5690639019012451
    },
    "gyroscope": {
        "x": -0.003728023264557123,
        "y": -0.007988371886312962,
        "z": 0.0005323254154063761
    }
}