{
    "acceleration": {
        "x": -1.4121575355529785,
        "y": -4.7071919441223145,
        "z": 8.54159164428711
    },
    "gyroscope": {
        "x": -0.010119418613612652,
        "y": -0.014913838356733322,
        "z": -0.0021293016616255045
    }
}