{
    "acceleration": {
        "x": -1.7848103046417236,
        "y": -8.865211486816406,
        "z": -3.6971070766448975
    },
    "gyroscope": {
        "x": -0.013315116055309772,
        "y": -0.004260348621755838,
        "z": 0.007988371886312962
    }
}