{
    "acceleration": {
        "x": -1.186604619026184,
        "y": -6.344902515411377,
        "z": 7.541313648223877
    },
    "gyroscope": {
        "x": -0.019174186512827873,
        "y": 0.006923720706254244,
        "z": 0.0
    }
}