{
    "acceleration": {
        "x": -1.8044235706329346,
        "y": -9.443803787231445,
        "z": -2.0888164043426514
    },
    "gyroscope": {
        "x": -0.0021293016616255045,
        "y": -0.004260348621755838,
        "z": -0.0005323254154063761
    }
}