{
    "acceleration": {
        "x": -1.5690639019012451,
        "y": -8.845598220825195,
        "z": 3.9520797729492188
    },
    "gyroscope": {
        "x": -0.004792673978954554,
        "y": -0.004260348621755838,
        "z": -0.0005323254154063761
    }
}