{
    "acceleration": {
        "x": -1.8044235706329346,
        "y": -9.708582878112793,
        "z": 0.5785923600196838
    },
    "gyroscope": {
        "x": 0.007456046529114246,
        "y": -0.0021293016616255045,
        "z": -0.0010646508308127522
    }
}