{
    "acceleration": {
        "x": -1.0591181516647339,
        "y": -9.198637008666992,
        "z": -3.4323275089263916
    },
    "gyroscope": {
        "x": -0.005859069991856813,
        "y": -0.016510814428329468,
        "z": -0.003728023264557123
    }
}