{
    "acceleration": {
        "x": -0.3628460466861725,
        "y": -9.483030319213867,
        "z": 2.5889556407928467
    },
    "gyroscope": {
        "x": -0.02183755859732628,
        "y": 0.004792673978954554,
        "z": -0.0021293016616255045
    }
}