{
    "acceleration": {
        "x": -0.8139519095420837,
        "y": -6.187995910644531,
        "z": 7.796286582946777
    },
    "gyroscope": {
        "x": -0.027696629986166954,
        "y": -0.004260348621755838,
        "z": 0.0005323254154063761
    }
}