{
    "acceleration": {
        "x": -1.598483920097351,
        "y": -4.4620256423950195,
        "z": 8.649465560913086
    },
    "gyroscope": {
        "x": 0.0,
        "y": -0.009054767899215221,
        "z": -0.0005323254154063761
    }
}