{
    "acceleration": {
        "x": -1.5788706541061401,
        "y": -4.726805210113525,
        "z": 8.45333194732666
    },
    "gyroscope": {
        "x": -0.0005323254154063761,
        "y": -0.013315116055309772,
        "z": -0.0015969761880114675
    }
}