{
    "acceleration": {
        "x": -1.81423020362854,
        "y": -2.7556686401367188,
        "z": 9.286897659301758
    },
    "gyroscope": {
        "x": -0.005859069991856813,
        "y": -0.007456046529114246,
        "z": 0.0
    }
}