{
    "acceleration": {
        "x": -2.1280429363250732,
        "y": -5.697663307189941,
        "z": 7.815899848937988
    },
    "gyroscope": {
        "x": -0.024500930681824684,
        "y": 0.009587093256413937,
        "z": 0.003728023264557123
    }
}