{
    "acceleration": {
        "x": -2.1084296703338623,
        "y": -7.4040207862854,
        "z": 6.237029075622559
    },
    "gyroscope": {
        "x": 0.02716430276632309,
        "y": -0.014379767701029778,
        "z": -0.004260348621755838
    }
}