{
    "acceleration": {
        "x": -1.7651969194412231,
        "y": -9.600709915161133,
        "z": 1.1081514358520508
    },
    "gyroscope": {
        "x": -0.005324999336153269,
        "y": -0.009587093256413937,
        "z": -0.004260348621755838
    }
}