{
    "acceleration": {
        "x": -2.020169734954834,
        "y": -5.668243408203125,
        "z": 7.884546279907227
    },
    "gyroscope": {
        "x": -0.0010646508308127522,
        "y": -0.006923720706254244,
        "z": 0.0015969761880114675
    }
}