{
    "acceleration": {
        "x": -2.5497288703918457,
        "y": -9.483030319213867,
        "z": 0.6570455431938171
    },
    "gyroscope": {
        "x": -0.005324999336153269,
        "y": -0.003728023264557123,
        "z": 0.004792673978954554
    }
}