{
    "acceleration": {
        "x": -0.19613298773765564,
        "y": -3.010641574859619,
        "z": 9.34573745727539
    },
    "gyroscope": {
        "x": -0.02290220931172371,
        "y": 0.008520697243511677,
        "z": 0.003728023264557123
    }
}