{
    "acceleration": {
        "x": -0.47071918845176697,
        "y": -9.061344146728516,
        "z": -3.295034408569336
    },
    "gyroscope": {
        "x": -0.014913838356733322,
        "y": 0.004792673978954554,
        "z": 0.003728023264557123
    }
}