{
    "acceleration": {
        "x": -1.7455836534500122,
        "y": -8.825984954833984,
        "z": 4.020726203918457
    },
    "gyroscope": {
        "x": 0.006391395349055529,
        "y": -0.005859069991856813,
        "z": 0.0026616270188242197
    }
}