{
    "acceleration": {
        "x": -1.010084867477417,
        "y": -9.75761604309082,
        "z": -0.6472389101982117
    },
    "gyroscope": {
        "x": 0.0010646508308127522,
        "y": -0.009587093256413937,
        "z": 0.0015969761880114675
    }
}