{
    "acceleration": {
        "x": -1.2846710681915283,
        "y": -9.355544090270996,
        "z": 2.657602071762085
    },
    "gyroscope": {
        "x": 0.015446163713932037,
        "y": -0.014379767701029778,
        "z": -0.010119418613612652
    }
}