{
    "acceleration": {
        "x": -2.2359161376953125,
        "y": -9.463417053222656,
        "z": -0.411879301071167
    },
    "gyroscope": {
        "x": 0.012250465340912342,
        "y": -0.012250465340912342,
        "z": -0.008520697243511677
    }
}