{
    "acceleration": {
        "x": -2.079009771347046,
        "y": -9.169217109680176,
        "z": 2.843928337097168
    },
    "gyroscope": {
        "x": -0.0015969761880114675,
        "y": -0.010651743970811367,
        "z": 0.004792673978954554
    }
}