{
    "acceleration": {
        "x": -2.4418559074401855,
        "y": -7.1588544845581055,
        "z": 6.246835708618164
    },
    "gyroscope": {
        "x": 0.004260348621755838,
        "y": 0.0010646508308127522,
        "z": 0.0031956976745277643
    }
}