{
    "acceleration": {
        "x": -1.5788706541061401,
        "y": -4.579705238342285,
        "z": 8.571011543273926
    },
    "gyroscope": {
        "x": 0.0031956976745277643,
        "y": -0.006923720706254244,
        "z": 0.005324999336153269
    }
}