{
    "acceleration": {
        "x": -2.559535503387451,
        "y": -8.090486526489258,
        "z": -4.873904705047607
    },
    "gyroscope": {
        "x": -0.009054767899215221,
        "y": -0.0010646508308127522,
        "z": -0.0010646508308127522
    }
}