{
    "acceleration": {
        "x": -1.3729310035705566,
        "y": -8.992697715759277,
        "z": -3.4127140045166016
    },
    "gyroscope": {
        "x": -0.005859069991856813,
        "y": 0.0031956976745277643,
        "z": 0.004792673978954554
    }
}