{
    "acceleration": {
        "x": -1.8240368366241455,
        "y": -9.443803787231445,
        "z": -1.8534568548202515
    },
    "gyroscope": {
        "x": -0.0031956976745277643,
        "y": -0.0010646508308127522,
        "z": 0.006391395349055529
    }
}