{
    "acceleration": {
        "x": -2.3437893390655518,
        "y": -4.579705238342285,
        "z": 8.374878883361816
    },
    "gyroscope": {
        "x": -0.005859069991856813,
        "y": 0.003728023264557123,
        "z": 0.0026616270188242197
    }
}