{
    "acceleration": {
        "x": -0.6472389101982117,
        "y": -3.402907371520996,
        "z": 9.306510925292969
    },
    "gyroscope": {
        "x": 0.009587093256413937,
        "y": 0.007988371886312962,
        "z": 0.006923720706254244
    }
}