{
    "acceleration": {
        "x": -1.9907499551773071,
        "y": -2.8929617404937744,
        "z": 9.179023742675781
    },
    "gyroscope": {
        "x": 0.016510814428329468,
        "y": -0.009054767899215221,
        "z": 0.0010646508308127522
    }
}