{
    "acceleration": {
        "x": -1.618097186088562,
        "y": -7.992419719696045,
        "z": 5.442690849304199
    },
    "gyroscope": {
        "x": -0.011718139983713627,
        "y": 0.004792673978954554,
        "z": 0.003728023264557123
    }
}