{
    "acceleration": {
        "x": -1.7259703874588013,
        "y": -8.718111991882324,
        "z": 4.2560858726501465
    },
    "gyroscope": {
        "x": -0.007988371886312962,
        "y": -0.006923720706254244,
        "z": -0.003728023264557123
    }
}