{
    "acceleration": {
        "x": -1.5494506359100342,
        "y": -8.404298782348633,
        "z": -4.746418476104736
    },
    "gyroscope": {
        "x": -0.004792673978954554,
        "y": -0.004792673978954554,
        "z": -0.0005323254154063761
    }
}