{
    "acceleration": {
        "x": -2.1966896057128906,
        "y": -9.21825122833252,
        "z": -2.9419949054718018
    },
    "gyroscope": {
        "x": 0.006923720706254244,
        "y": -0.0015969761880114675,
        "z": 0.0
    }
}