{
    "acceleration": {
        "x": -1.6769371032714844,
        "y": -6.835235118865967,
        "z": 6.884268283843994
    },
    "gyroscope": {
        "x": -0.010119418613612652,
        "y": 0.0010646508308127522,
        "z": 0.003728023264557123
    }
}