{
    "acceleration": {
        "x": -1.3238977193832397,
        "y": -7.482473850250244,
        "z": -6.1095428466796875
    },
    "gyroscope": {
        "x": 0.011184069328010082,
        "y": -0.009587093256413937,
        "z": -0.004260348621755838
    }
}