{
    "acceleration": {
        "x": -2.5006957054138184,
        "y": -8.884824752807617,
        "z": 3.363680839538574
    },
    "gyroscope": {
        "x": 0.0015969761880114675,
        "y": 0.003728023264557123,
        "z": 0.0031956976745277643
    }
}