{
    "acceleration": {
        "x": -1.7357770204544067,
        "y": -8.551398277282715,
        "z": -4.452219009399414
    },
    "gyroscope": {
        "x": 0.0010646508308127522,
        "y": -0.0005323254154063761,
        "z": 0.0021293016616255045
    }
}