{
    "acceleration": {
        "x": -1.5690639019012451,
        "y": -9.639936447143555,
        "z": 1.1179580688476562
    },
    "gyroscope": {
        "x": -0.009054767899215221,
        "y": -0.005859069991856813,
        "z": -0.0015969761880114675
    }
}