{
    "acceleration": {
        "x": -1.3435109853744507,
        "y": -9.777230262756348,
        "z": -0.627625584602356
    },
    "gyroscope": {
        "x": -0.0026616270188242197,
        "y": -0.003728023264557123,
        "z": -0.0010646508308127522
    }
}