{
    "acceleration": {
        "x": -0.37265267968177795,
        "y": -8.217972755432129,
        "z": 5.344624042510986
    },
    "gyroscope": {
        "x": -0.014913838356733322,
        "y": 0.014379767701029778,
        "z": 0.0026616270188242197
    }
}