{
    "acceleration": {
        "x": -2.226109504699707,
        "y": -9.13979721069336,
        "z": 2.7066352367401123
    },
    "gyroscope": {
        "x": -0.01970651187002659,
        "y": -0.003728023264557123,
        "z": 0.003728023264557123
    }
}