{
    "acceleration": {
        "x": -0.35303938388824463,
        "y": -6.138962745666504,
        "z": 7.796286582946777
    },
    "gyroscope": {
        "x": 0.0015969761880114675,
        "y": -0.014913838356733322,
        "z": 0.005859069991856813
    }
}