{
    "acceleration": {
        "x": -1.2454445362091064,
        "y": -8.208166122436523,
        "z": 5.383850574493408
    },
    "gyroscope": {
        "x": -0.021305233240127563,
        "y": -0.017577210441231728,
        "z": 0.005324999336153269
    }
}