{
    "acceleration": {
        "x": -1.647517204284668,
        "y": -6.5606489181518555,
        "z": 7.1588544845581055
    },
    "gyroscope": {
        "x": 0.0,
        "y": -0.005859069991856813,
        "z": -0.0031956976745277643
    }
}