{
    "acceleration": {
        "x": -1.3925442695617676,
        "y": -1.8534568548202515,
        "z": 9.581096649169922
    },
    "gyroscope": {
        "x": -0.015446163713932037,
        "y": 0.007988371886312962,
        "z": -0.0015969761880114675
    }
}