{
    "acceleration": {
        "x": -2.3339827060699463,
        "y": -1.833843469619751,
        "z": 9.384963989257812
    },
    "gyroscope": {
        "x": -0.0015969761880114675,
        "y": -0.007456046529114246,
        "z": 0.0005323254154063761
    }
}