{
    "acceleration": {
        "x": -1.5788706541061401,
        "y": -9.512450218200684,
        "z": -1.833843469619751
    },
    "gyroscope": {
        "x": 0.0021293016616255045,
        "y": -0.004792673978954554,
        "z": -0.0015969761880114675
    }
}