{
    "acceleration": {
        "x": -1.3729310035705566,
        "y": -6.923494815826416,
        "z": 6.845041751861572
    },
    "gyroscope": {
        "x": -0.012250465340912342,
        "y": 0.0005323254154063761,
        "z": 0.004792673978954554
    }
}