{
    "acceleration": {
        "x": -1.5004174709320068,
        "y": -7.060787677764893,
        "z": 6.65871524810791
    },
    "gyroscope": {
        "x": -0.017577210441231728,
        "y": -0.0010646508308127522,
        "z": -0.0010646508308127522
    }
}