{
    "acceleration": {
        "x": -1.6965503692626953,
        "y": -9.610516548156738,
        "z": 1.1179580688476562
    },
    "gyroscope": {
        "x": -0.004260348621755838,
        "y": -0.003728023264557123,
        "z": -0.006923720706254244
    }
}