{
    "acceleration": {
        "x": -1.4808040857315063,
        "y": -2.206496238708496,
        "z": 9.492836952209473
    },
    "gyroscope": {
        "x": -0.0005323254154063761,
        "y": -0.010651743970811367,
        "z": 0.0015969761880114675
    }
}