{
    "acceleration": {
        "x": -1.5102241039276123,
        "y": -1.2650578022003174,
        "z": 9.688969612121582
    },
    "gyroscope": {
        "x": 0.004260348621755838,
        "y": -0.0015969761880114675,
        "z": -0.0021293016616255045
    }
}