{
    "acceleration": {
        "x": -2.30456280708313,
        "y": -9.179023742675781,
        "z": -3.0204482078552246
    },
    "gyroscope": {
        "x": 0.014379767701029778,
        "y": -0.011184069328010082,
        "z": -0.006391395349055529
    }
}