{
    "acceleration": {
        "x": -2.3339827060699463,
        "y": -7.551120281219482,
        "z": -5.923216342926025
    },
    "gyroscope": {
        "x": -0.027696629986166954,
        "y": -0.015446163713932037,
        "z": 0.011718139983713627
    }
}