{
    "acceleration": {
        "x": -0.9708583354949951,
        "y": -9.5418701171875,
        "z": 2.373209238052368
    },
    "gyroscope": {
        "x": 0.0026616270188242197,
        "y": 0.004260348621755838,
        "z": 0.0021293016616255045
    }
}