{
    "acceleration": {
        "x": -2.079009771347046,
        "y": -9.561483383178711,
        "z": 0.17651969194412231
    },
    "gyroscope": {
        "x": -0.013315116055309772,
        "y": 0.006391395349055529,
        "z": 0.007456046529114246
    }
}