{
    "acceleration": {
        "x": -1.4121575355529785,
        "y": -8.551398277282715,
        "z": -4.511058807373047
    },
    "gyroscope": {
        "x": -0.011184069328010082,
        "y": -0.008520697243511677,
        "z": 0.0005323254154063761
    }
}