{
    "acceleration": {
        "x": -1.8044235706329346,
        "y": -8.07087230682373,
        "z": -5.2857842445373535
    },
    "gyroscope": {
        "x": -0.007456046529114246,
        "y": -0.0005323254154063761,
        "z": 0.005859069991856813
    }
}