{
    "acceleration": {
        "x": -1.186604619026184,
        "y": -1.4709974527359009,
        "z": 9.659549713134766
    },
    "gyroscope": {
        "x": -0.009054767899215221,
        "y": 0.005324999336153269,
        "z": -0.0031956976745277643
    }
}