{
    "acceleration": {
        "x": -0.8924051523208618,
        "y": -8.521978378295898,
        "z": 4.952358245849609
    },
    "gyroscope": {
        "x": -0.012782790698111057,
        "y": 0.0005323254154063761,
        "z": 0.0026616270188242197
    }
}