{
    "acceleration": {
        "x": -1.5886772871017456,
        "y": -1.5592572689056396,
        "z": 9.610516548156738
    },
    "gyroscope": {
        "x": -0.0010646508308127522,
        "y": -0.0031956976745277643,
        "z": 0.0
    }
}