{
    "acceleration": {
        "x": -0.45110589265823364,
        "y": -9.75761604309082,
        "z": -0.3334260880947113
    },
    "gyroscope": {
        "x": 0.024500930681824684,
        "y": -0.011718139983713627,
        "z": -0.005859069991856813
    }
}