{
    "acceleration": {
        "x": -1.2650578022003174,
        "y": -4.383572578430176,
        "z": 8.74753189086914
    },
    "gyroscope": {
        "x": -0.009054767899215221,
        "y": 0.0031956976745277643,
        "z": -0.0015969761880114675
    }
}