{
    "acceleration": {
        "x": -2.5497288703918457,
        "y": -9.375157356262207,
        "z": -1.382737636566162
    },
    "gyroscope": {
        "x": -0.011718139983713627,
        "y": -0.008520697243511677,
        "z": -0.0021293016616255045
    }
}