{
    "acceleration": {
        "x": -2.167269706726074,
        "y": -7.796286582946777,
        "z": 5.530950546264648
    },
    "gyroscope": {
        "x": -0.013847441412508488,
        "y": 0.0010646508308127522,
        "z": 0.0015969761880114675
    }
}