{
    "acceleration": {
        "x": -1.7357770204544067,
        "y": -9.610516548156738,
        "z": 0.8139519095420837
    },
    "gyroscope": {
        "x": -0.006391395349055529,
        "y": -0.007988371886312962,
        "z": -0.003728023264557123
    }
}