{
    "acceleration": {
        "x": -1.6867437362670898,
        "y": -7.198081016540527,
        "z": 6.462582111358643
    },
    "gyroscope": {
        "x": -0.008520697243511677,
        "y": -0.012782790698111057,
        "z": 0.0031956976745277643
    }
}