{
    "acceleration": {
        "x": -1.382737636566162,
        "y": -8.021839141845703,
        "z": -5.452497482299805
    },
    "gyroscope": {
        "x": 0.004792673978954554,
        "y": 0.0015969761880114675,
        "z": -0.0015969761880114675
    }
}