{
    "acceleration": {
        "x": -1.5298373699188232,
        "y": -3.402907371520996,
        "z": 9.120183944702148
    },
    "gyroscope": {
        "x": 0.0031956976745277643,
        "y": -0.0021293016616255045,
        "z": -0.0010646508308127522
    }
}