{
    "acceleration": {
        "x": -2.147656202316284,
        "y": -8.05125904083252,
        "z": -5.089651107788086
    },
    "gyroscope": {
        "x": -0.005324999336153269,
        "y": -0.005859069991856813,
        "z": -0.0005323254154063761
    }
}