{
    "acceleration": {
        "x": -1.3435109853744507,
        "y": -7.011754512786865,
        "z": 6.7077484130859375
    },
    "gyroscope": {
        "x": -0.009054767899215221,
        "y": -0.0015969761880114675,
        "z": 0.0015969761880114675
    }
}