{
    "acceleration": {
        "x": -1.235637903213501,
        "y": -8.021839141845703,
        "z": 5.521143913269043
    },
    "gyroscope": {
        "x": -0.003728023264557123,
        "y": 0.013847441412508488,
        "z": 0.0
    }
}