{
    "acceleration": {
        "x": -2.1084296703338623,
        "y": -8.72791862487793,
        "z": 4.0305328369140625
    },
    "gyroscope": {
        "x": -0.006391395349055529,
        "y": 0.0005323254154063761,
        "z": 0.0015969761880114675
    }
}