{
    "acceleration": {
        "x": -1.647517204284668,
        "y": -8.365072250366211,
        "z": 4.942551612854004
    },
    "gyroscope": {
        "x": 0.0,
        "y": -0.0005323254154063761,
        "z": 0.0015969761880114675
    }
}