{
    "acceleration": {
        "x": -1.3140910863876343,
        "y": -9.718389511108398,
        "z": -0.4609125256538391
    },
    "gyroscope": {
        "x": -0.004792673978954554,
        "y": -0.004792673978954554,
        "z": 0.003728023264557123
    }
}