{
    "acceleration": {
        "x": -1.402350902557373,
        "y": -9.718389511108398,
        "z": 0.0
    },
    "gyroscope": {
        "x": -0.010651743970811367,
        "y": -0.011718139983713627,
        "z": 0.0015969761880114675
    }
}