{
    "acceleration": {
        "x": -1.3631243705749512,
        "y": -4.726805210113525,
        "z": 8.54159164428711
    },
    "gyroscope": {
        "x": -0.0005323254154063761,
        "y": -0.008520697243511677,
        "z": 0.003728023264557123
    }
}