{
    "acceleration": {
        "x": -1.6279038190841675,
        "y": -7.090207576751709,
        "z": 6.629295349121094
    },
    "gyroscope": {
        "x": -0.006391395349055529,
        "y": -0.0010646508308127522,
        "z": 0.0026616270188242197
    }
}