{
    "acceleration": {
        "x": -1.431770920753479,
        "y": -9.296704292297363,
        "z": -2.785088539123535
    },
    "gyroscope": {
        "x": -0.011718139983713627,
        "y": -0.003728023264557123,
        "z": -0.0015969761880114675
    }
}