{
    "acceleration": {
        "x": -1.45138418674469,
        "y": -7.766866683959961,
        "z": -5.7368903160095215
    },
    "gyroscope": {
        "x": -0.0005323254154063761,
        "y": 0.004260348621755838,
        "z": 0.0026616270188242197
    }
}