{
    "acceleration": {
        "x": -1.0689247846603394,
        "y": -0.627625584602356,
        "z": 9.747809410095215
    },
    "gyroscope": {
        "x": -0.013315116055309772,
        "y": -0.005324999336153269,
        "z": 0.0021293016616255045
    }
}