{
    "acceleration": {
        "x": -1.8730701208114624,
        "y": -2.020169734954834,
        "z": 9.414383888244629
    },
    "gyroscope": {
        "x": -0.008520697243511677,
        "y": 0.0,
        "z": -0.0010646508308127522
    }
}