{
    "acceleration": {
        "x": -0.9806649684906006,
        "y": -2.3830158710479736,
        "z": 9.492836952209473
    },
    "gyroscope": {
        "x": -0.0021293016616255045,
        "y": -0.003728023264557123,
        "z": 0.0010646508308127522
    }
}