{
    "acceleration": {
        "x": -1.3631243705749512,
        "y": -9.365350723266602,
        "z": -2.6281821727752686
    },
    "gyroscope": {
        "x": -0.007456046529114246,
        "y": -0.012250465340912342,
        "z": -0.0031956976745277643
    }
}