{
    "acceleration": {
        "x": -1.6769371032714844,
        "y": -9.512450218200684,
        "z": 1.7455836534500122
    },
    "gyroscope": {
        "x": 0.0015969761880114675,
        "y": -0.0015969761880114675,
        "z": 0.0005323254154063761
    }
}