{
    "acceleration": {
        "x": -1.4808040857315063,
        "y": -9.277091026306152,
        "z": 2.883155107498169
    },
    "gyroscope": {
        "x": 0.0,
        "y": 0.007456046529114246,
        "z": 0.0
    }
}