{
    "acceleration": {
        "x": -1.382737636566162,
        "y": -6.982334613800049,
        "z": 6.786201477050781
    },
    "gyroscope": {
        "x": 0.004792673978954554,
        "y": -0.0005323254154063761,
        "z": 0.0005323254154063761
    }
}