{
    "acceleration": {
        "x": -2.765475273132324,
        "y": -8.080678939819336,
        "z": -4.844484806060791
    },
    "gyroscope": {
        "x": 0.0005323254154063761,
        "y": -0.004792673978954554,
        "z": 0.0005323254154063761
    }
}