{
    "acceleration": {
        "x": -1.1964112520217896,
        "y": -5.364237308502197,
        "z": 8.14932632446289
    },
    "gyroscope": {
        "x": -0.009054767899215221,
        "y": -0.0021293016616255045,
        "z": -0.0005323254154063761
    }
}