{
    "acceleration": {
        "x": -1.6867437362670898,
        "y": -8.404298782348633,
        "z": -4.726805210113525
    },
    "gyroscope": {
        "x": -0.007988371886312962,
        "y": -0.006391395349055529,
        "z": 0.0
    }
}