{
    "acceleration": {
        "x": -2.7458620071411133,
        "y": -9.061344146728516,
        "z": -2.6674087047576904
    },
    "gyroscope": {
        "x": -0.012782790698111057,
        "y": -0.004792673978954554,
        "z": -0.0021293016616255045
    }
}