{
    "acceleration": {
        "x": -2.0495898723602295,
        "y": -9.512450218200684,
        "z": -1.45138418674469
    },
    "gyroscope": {
        "x": -0.0010646508308127522,
        "y": -0.004260348621755838,
        "z": 0.0
    }
}