{
    "acceleration": {
        "x": -1.8730701208114624,
        "y": -1.3140910863876343,
        "z": 9.571290016174316
    },
    "gyroscope": {
        "x": -0.007988371886312962,
        "y": 0.003728023264557123,
        "z": 0.0026616270188242197
    }
}