{
    "acceleration": {
        "x": -2.1574628353118896,
        "y": -9.404577255249023,
        "z": -1.7357770204544067
    },
    "gyroscope": {
        "x": -0.0031956976745277643,
        "y": -0.006391395349055529,
        "z": -0.0015969761880114675
    }
}