{
    "acceleration": {
        "x": -1.3925442695617676,
        "y": -9.169217109680176,
        "z": 3.3048410415649414
    },
    "gyroscope": {
        "x": -0.006391395349055529,
        "y": -0.0015969761880114675,
        "z": 0.0021293016616255045
    }
}