{
    "acceleration": {
        "x": -1.7161637544631958,
        "y": -8.74753189086914,
        "z": 4.167826175689697
    },
    "gyroscope": {
        "x": -0.006923720706254244,
        "y": -0.007456046529114246,
        "z": -0.0010646508308127522
    }
}