{
    "acceleration": {
        "x": -1.6867437362670898,
        "y": -9.561483383178711,
        "z": -1.3042844533920288
    },
    "gyroscope": {
        "x": -0.009587093256413937,
        "y": -0.007456046529114246,
        "z": 0.0010646508308127522
    }
}