{
    "acceleration": {
        "x": -1.421964168548584,
        "y": -9.63012981414795,
        "z": 1.1964112520217896
    },
    "gyroscope": {
        "x": -0.013847441412508488,
        "y": -0.007456046529114246,
        "z": 0.0031956976745277643
    }
}