{
    "acceleration": {
        "x": -1.1767979860305786,
        "y": -5.874183177947998,
        "z": 7.786479949951172
    },
    "gyroscope": {
        "x": -0.007988371886312962,
        "y": -0.009054767899215221,
        "z": 0.005859069991856813
    }
}