{
    "acceleration": {
        "x": -1.3729310035705566,
        "y": -8.54159164428711,
        "z": 4.6875786781311035
    },
    "gyroscope": {
        "x": -0.010119418613612652,
        "y": 0.0,
        "z": -0.0010646508308127522
    }
}