{
    "acceleration": {
        "x": -2.7066352367401123,
        "y": -9.394770622253418,
        "z": 1.0296982526779175
    },
    "gyroscope": {
        "x": -0.005859069991856813,
        "y": -0.004792673978954554,
        "z": 0.0
    }
}