{
    "acceleration": {
        "x": -1.431770920753479,
        "y": -8.472945213317871,
        "z": 4.766031742095947
    },
    "gyroscope": {
        "x": -0.007456046529114246,
        "y": -0.007456046529114246,
        "z": -0.0005323254154063761
    }
}