{
    "acceleration": {
        "x": -2.0299766063690186,
        "y": -7.021561145782471,
        "z": 6.639101982116699
    },
    "gyroscope": {
        "x": 0.0015969761880114675,
        "y": -0.003728023264557123,
        "z": -0.0010646508308127522
    }
}