{
    "acceleration": {
        "x": -1.2650578022003174,
        "y": -7.60015344619751,
        "z": 6.148769378662109
    },
    "gyroscope": {
        "x": 0.0,
        "y": -0.0005323254154063761,
        "z": -0.0021293016616255045
    }
}