{
    "acceleration": {
        "x": -1.1669913530349731,
        "y": -2.098623037338257,
        "z": 9.551676750183105
    },
    "gyroscope": {
        "x": -0.009054767899215221,
        "y": -0.005859069991856813,
        "z": 0.0010646508308127522
    }
}