{
    "acceleration": {
        "x": -1.235637903213501,
        "y": -4.314925670623779,
        "z": 8.757338523864746
    },
    "gyroscope": {
        "x": -0.011184069328010082,
        "y": -0.003728023264557123,
        "z": 0.006391395349055529
    }
}