{
    "acceleration": {
        "x": -1.9907499551773071,
        "y": -4.314925670623779,
        "z": 8.649465560913086
    },
    "gyroscope": {
        "x": -0.005324999336153269,
        "y": -0.0031956976745277643,
        "z": 0.0
    }
}