{
    "acceleration": {
        "x": -1.8044235706329346,
        "y": -9.384963989257812,
        "z": -2.265336036682129
    },
    "gyroscope": {
        "x": -0.009587093256413937,
        "y": -0.0026616270188242197,
        "z": -0.0005323254154063761
    }
}