{
    "acceleration": {
        "x": -1.421964168548584,
        "y": -7.9041595458984375,
        "z": 5.687856674194336
    },
    "gyroscope": {
        "x": 0.0,
        "y": 0.0031956976745277643,
        "z": -0.0021293016616255045
    }
}