{
    "acceleration": {
        "x": -1.402350902557373,
        "y": -9.022117614746094,
        "z": -3.62846040725708
    },
    "gyroscope": {
        "x": -0.007456046529114246,
        "y": -0.005324999336153269,
        "z": 0.0021293016616255045
    }
}