{
    "acceleration": {
        "x": -1.3533176183700562,
        "y": -5.011198043823242,
        "z": 8.374878883361816
    },
    "gyroscope": {
        "x": 0.0010646508308127522,
        "y": 0.004792673978954554,
        "z": -0.005324999336153269
    }
}