{
    "acceleration": {
        "x": -1.6082905530929565,
        "y": -4.97197151184082,
        "z": 8.316039085388184
    },
    "gyroscope": {
        "x": -0.010651743970811367,
        "y": -0.007988371886312962,
        "z": 0.0021293016616255045
    }
}