{
    "acceleration": {
        "x": -1.402350902557373,
        "y": -9.561483383178711,
        "z": -1.5592572689056396
    },
    "gyroscope": {
        "x": -0.014913838356733322,
        "y": 0.0026616270188242197,
        "z": 0.0010646508308127522
    }
}