{
    "acceleration": {
        "x": -2.510502338409424,
        "y": -2.265336036682129,
        "z": 9.247671127319336
    },
    "gyroscope": {
        "x": -0.0031956976745277643,
        "y": -0.005859069991856813,
        "z": 0.0
    }
}