{
    "acceleration": {
        "x": -1.5396440029144287,
        "y": -9.728196144104004,
        "z": -0.24516624212265015
    },
    "gyroscope": {
        "x": 0.004260348621755838,
        "y": -0.003728023264557123,
        "z": -0.005324999336153269
    }
}