{
    "acceleration": {
        "x": -1.3533176183700562,
        "y": -9.414383888244629,
        "z": 2.5889556407928467
    },
    "gyroscope": {
        "x": -0.004792673978954554,
        "y": 0.0010646508308127522,
        "z": 0.0010646508308127522
    }
}