{
    "acceleration": {
        "x": -1.7750035524368286,
        "y": -8.276812553405762,
        "z": -4.873904705047607
    },
    "gyroscope": {
        "x": -0.003728023264557123,
        "y": -0.008520697243511677,
        "z": -0.0031956976745277643
    }
}