{
    "acceleration": {
        "x": -1.5004174709320068,
        "y": -1.8828767538070679,
        "z": 9.522256851196289
    },
    "gyroscope": {
        "x": -0.009054767899215221,
        "y": -0.007988371886312962,
        "z": 0.004260348621755838
    }
}