{
    "acceleration": {
        "x": -1.4808040857315063,
        "y": -9.600709915161133,
        "z": -1.402350902557373
    },
    "gyroscope": {
        "x": -0.0031956976745277643,
        "y": -0.004792673978954554,
        "z": 0.0005323254154063761
    }
}