{
    "acceleration": {
        "x": -2.579148769378662,
        "y": -4.736611843109131,
        "z": 8.217972755432129
    },
    "gyroscope": {
        "x": -0.006923720706254244,
        "y": -0.008520697243511677,
        "z": 0.0
    }
}