{
    "acceleration": {
        "x": -1.431770920753479,
        "y": -8.963277816772461,
        "z": -3.6774935722351074
    },
    "gyroscope": {
        "x": -0.0021293016616255045,
        "y": -0.006391395349055529,
        "z": -0.005324999336153269
    }
}