{
    "acceleration": {
        "x": -1.1277647018432617,
        "y": -5.442690849304199,
        "z": 8.110099792480469
    },
    "gyroscope": {
        "x": -0.011718139983713627,
        "y": -0.005324999336153269,
        "z": 0.005324999336153269
    }
}