{
    "acceleration": {
        "x": -2.0495898723602295,
        "y": -7.3059539794921875,
        "z": 6.2566423416137695
    },
    "gyroscope": {
        "x": 0.0031956976745277643,
        "y": -0.0010646508308127522,
        "z": -0.0031956976745277643
    }
}