{
    "acceleration": {
        "x": -1.980943202972412,
        "y": -4.6875786781311035,
        "z": 8.43371868133545
    },
    "gyroscope": {
        "x": 0.0015969761880114675,
        "y": -0.005859069991856813,
        "z": 0.004260348621755838
    }
}