{
    "acceleration": {
        "x": -1.431770920753479,
        "y": -1.3533176183700562,
        "z": 9.63012981414795
    },
    "gyroscope": {
        "x": -0.0021293016616255045,
        "y": -0.003728023264557123,
        "z": 0.0021293016616255045
    }
}