{
    "acceleration": {
        "x": -1.421964168548584,
        "y": -8.090486526489258,
        "z": -5.266170978546143
    },
    "gyroscope": {
        "x": -0.0010646508308127522,
        "y": -0.0021293016616255045,
        "z": 0.0026616270188242197
    }
}