{
    "acceleration": {
        "x": -1.4415775537490845,
        "y": -8.904438018798828,
        "z": -3.8049800395965576
    },
    "gyroscope": {
        "x": -0.009587093256413937,
        "y": -0.0005323254154063761,
        "z": 0.0021293016616255045
    }
}