{
    "acceleration": {
        "x": -1.45138418674469,
        "y": -9.473223686218262,
        "z": 2.0692031383514404
    },
    "gyroscope": {
        "x": -0.0015969761880114675,
        "y": -0.004260348621755838,
        "z": 0.003728023264557123
    }
}