{
    "acceleration": {
        "x": -2.147656202316284,
        "y": -9.492836952209473,
        "z": 1.3042844533920288
    },
    "gyroscope": {
        "x": -0.004260348621755838,
        "y": -0.0021293016616255045,
        "z": 0.0026616270188242197
    }
}