{
    "acceleration": {
        "x": -2.039783239364624,
        "y": -8.286619186401367,
        "z": 4.8542914390563965
    },
    "gyroscope": {
        "x": -0.007988371886312962,
        "y": -0.0031956976745277643,
        "z": 0.0031956976745277643
    }
}