{
    "acceleration": {
        "x": -1.1179580688476562,
        "y": -3.0989012718200684,
        "z": 9.267284393310547
    },
    "gyroscope": {
        "x": -0.011184069328010082,
        "y": -0.015978489071130753,
        "z": 0.004792673978954554
    }
}