{
    "acceleration": {
        "x": -1.206217885017395,
        "y": -1.3337043523788452,
        "z": 9.708582878112793
    },
    "gyroscope": {
        "x": -0.005859069991856813,
        "y": -0.0021293016616255045,
        "z": -0.0015969761880114675
    }
}