{
    "acceleration": {
        "x": -1.3042844533920288,
        "y": -9.198637008666992,
        "z": 3.2852277755737305
    },
    "gyroscope": {
        "x": -0.0021293016616255045,
        "y": 0.003728023264557123,
        "z": -0.0010646508308127522
    }
}