{
    "acceleration": {
        "x": -1.2944778203964233,
        "y": -8.345458984375,
        "z": 5.001391410827637
    },
    "gyroscope": {
        "x": -0.007456046529114246,
        "y": -0.004792673978954554,
        "z": 0.0005323254154063761
    }
}