{
    "acceleration": {
        "x": -2.618375539779663,
        "y": -7.188274383544922,
        "z": 6.148769378662109
    },
    "gyroscope": {
        "x": -0.009587093256413937,
        "y": -0.0010646508308127522,
        "z": -0.0026616270188242197
    }
}