{
    "acceleration": {
        "x": -1.5690639019012451,
        "y": -8.090486526489258,
        "z": -5.334817409515381
    },
    "gyroscope": {
        "x": -0.012250465340912342,
        "y": 0.0015969761880114675,
        "z": 0.005324999336153269
    }
}