{
    "acceleration": {
        "x": -1.5298373699188232,
        "y": -9.483030319213867,
        "z": -1.9024900197982788
    },
    "gyroscope": {
        "x": -0.006391395349055529,
        "y": 0.0015969761880114675,
        "z": 0.0026616270188242197
    }
}