{
    "acceleration": {
        "x": -2.0692031383514404,
        "y": -8.472945213317871,
        "z": -4.412992477416992
    },
    "gyroscope": {
        "x": 0.0015969761880114675,
        "y": -0.0005323254154063761,
        "z": -0.0015969761880114675
    }
}