{
    "acceleration": {
        "x": -2.0692031383514404,
        "y": -9.375157356262207,
        "z": 2.0692031383514404
    },
    "gyroscope": {
        "x": -0.007988371886312962,
        "y": -0.0010646508308127522,
        "z": 0.0
    }
}