{
    "acceleration": {
        "x": -1.2258312702178955,
        "y": -1.9711365699768066,
        "z": 9.561483383178711
    },
    "gyroscope": {
        "x": -0.006923720706254244,
        "y": -0.008520697243511677,
        "z": 0.007456046529114246
    }
}