{
    "acceleration": {
        "x": -1.3533176183700562,
        "y": -9.708582878112793,
        "z": 0.23535959422588348
    },
    "gyroscope": {
        "x": -0.007988371886312962,
        "y": 0.0026616270188242197,
        "z": 0.005324999336153269
    }
}