{
    "acceleration": {
        "x": 1.0002782344818115,
        "y": -9.179023742675781,
        "z": -3.520587205886841
    },
    "gyroscope": {
        "x": -0.03994709625840187,
        "y": -0.009587093256413937,
        "z": 0.018109535798430443
    }
}