{
    "acceleration": {
        "x": 1.3533176183700562,
        "y": -8.914244651794434,
        "z": 4.020726203918457
    },
    "gyroscope": {
        "x": -0.0015969761880114675,
        "y": 0.0015969761880114675,
        "z": -0.0005323254154063761
    }
}