{
    "acceleration": {
        "x": 0.254972904920578,
        "y": -9.787036895751953,
        "z": 0.7158854603767395
    },
    "gyroscope": {
        "x": -0.0031956976745277643,
        "y": -0.0021293016616255045,
        "z": 0.0015969761880114675
    }
}