{
    "acceleration": {
        "x": 0.5883989930152893,
        "y": -1.7063570022583008,
        "z": 9.659549713134766
    },
    "gyroscope": {
        "x": -0.0031956976745277643,
        "y": 0.003728023264557123,
        "z": -0.0015969761880114675
    }
}