{
    "acceleration": {
        "x": 0.823758602142334,
        "y": -8.080678939819336,
        "z": -5.746696949005127
    },
    "gyroscope": {
        "x": 0.01970651187002659,
        "y": 0.0021293016616255045,
        "z": -0.015446163713932037
    }
}