{
    "acceleration": {
        "x": 0.6374322175979614,
        "y": -7.943386077880859,
        "z": -5.746696949005127
    },
    "gyroscope": {
        "x": -0.011718139983713627,
        "y": 0.0026616270188242197,
        "z": 0.011184069328010082
    }
}