{
    "acceleration": {
        "x": 0.990471601486206,
        "y": -9.698776245117188,
        "z": 1.421964168548584
    },
    "gyroscope": {
        "x": -0.005859069991856813,
        "y": 0.0015969761880114675,
        "z": 0.004260348621755838
    }
}