{
    "acceleration": {
        "x": 1.2846710681915283,
        "y": -9.443803787231445,
        "z": -1.9122966527938843
    },
    "gyroscope": {
        "x": -0.0021293016616255045,
        "y": -0.006391395349055529,
        "z": -0.004260348621755838
    }
}