{
    "acceleration": {
        "x": 1.6965503692626953,
        "y": -2.4026291370391846,
        "z": 9.414383888244629
    },
    "gyroscope": {
        "x": -0.010651743970811367,
        "y": 0.004792673978954554,
        "z": -0.0026616270188242197
    }
}