{
    "acceleration": {
        "x": 1.0296982526779175,
        "y": -9.463417053222656,
        "z": 2.4026291370391846
    },
    "gyroscope": {
        "x": 0.015978489071130753,
        "y": -0.005324999336153269,
        "z": -0.009587093256413937
    }
}