{
    "acceleration": {
        "x": 0.8629851937294006,
        "y": -8.021839141845703,
        "z": -5.521143913269043
    },
    "gyroscope": {
        "x": 0.006923720706254244,
        "y": -0.006391395349055529,
        "z": -0.010651743970811367
    }
}