{
    "acceleration": {
        "x": 1.5396440029144287,
        "y": -4.658158779144287,
        "z": 8.590624809265137
    },
    "gyroscope": {
        "x": 0.0005323254154063761,
        "y": 0.0021293016616255045,
        "z": -0.0031956976745277643
    }
}