{
    "acceleration": {
        "x": 1.637710452079773,
        "y": -1.7848103046417236,
        "z": 9.561483383178711
    },
    "gyroscope": {
        "x": -0.005859069991856813,
        "y": 0.0005323254154063761,
        "z": 0.0021293016616255045
    }
}