{
    "acceleration": {
        "x": 1.2650578022003174,
        "y": -2.4810824394226074,
        "z": 9.473223686218262
    },
    "gyroscope": {
        "x": -0.0015969761880114675,
        "y": -0.0005323254154063761,
        "z": 0.0010646508308127522
    }
}