{
    "acceleration": {
        "x": 1.0493115186691284,
        "y": -8.286619186401367,
        "z": 5.226944446563721
    },
    "gyroscope": {
        "x": -0.011184069328010082,
        "y": -0.003728023264557123,
        "z": 0.005324999336153269
    }
}