{
    "acceleration": {
        "x": 1.1964112520217896,
        "y": -9.443803787231445,
        "z": 2.0299766063690186
    },
    "gyroscope": {
        "x": -0.006923720706254244,
        "y": -0.004260348621755838,
        "z": -0.003728023264557123
    }
}