{
    "acceleration": {
        "x": 1.1669913530349731,
        "y": -6.089929580688477,
        "z": 7.649186611175537
    },
    "gyroscope": {
        "x": -0.010119418613612652,
        "y": 0.006923720706254244,
        "z": 0.003728023264557123
    }
}