{
    "acceleration": {
        "x": 0.2843928337097168,
        "y": -7.972806453704834,
        "z": 5.785923480987549
    },
    "gyroscope": {
        "x": -0.015446163713932037,
        "y": -0.003728023264557123,
        "z": 0.0010646508308127522
    }
}