{
    "acceleration": {
        "x": 0.8433718681335449,
        "y": -9.355544090270996,
        "z": -2.922381639480591
    },
    "gyroscope": {
        "x": -0.005859069991856813,
        "y": -0.008520697243511677,
        "z": 0.0005323254154063761
    }
}