{
    "acceleration": {
        "x": 1.5102241039276123,
        "y": -7.521700382232666,
        "z": 6.138962745666504
    },
    "gyroscope": {
        "x": -0.006923720706254244,
        "y": -0.017043139785528183,
        "z": 0.0015969761880114675
    }
}