{
    "acceleration": {
        "x": 0.13729310035705566,
        "y": -8.276812553405762,
        "z": -5.217137813568115
    },
    "gyroscope": {
        "x": -0.0031956976745277643,
        "y": -0.013315116055309772,
        "z": -0.004792673978954554
    }
}