{
    "acceleration": {
        "x": 1.2650578022003174,
        "y": -2.618375539779663,
        "z": 9.43399715423584
    },
    "gyroscope": {
        "x": -0.006391395349055529,
        "y": -0.012782790698111057,
        "z": -0.0031956976745277643
    }
}