{
    "acceleration": {
        "x": 0.40207263827323914,
        "y": -7.580540180206299,
        "z": 6.197802543640137
    },
    "gyroscope": {
        "x": -0.006391395349055529,
        "y": -0.0010646508308127522,
        "z": 0.0015969761880114675
    }
}