{
    "acceleration": {
        "x": 1.3435109853744507,
        "y": -9.679162979125977,
        "z": 0.4609125256538391
    },
    "gyroscope": {
        "x": 0.004260348621755838,
        "y": 0.012250465340912342,
        "z": 0.005324999336153269
    }
}