{
    "acceleration": {
        "x": 0.9708583354949951,
        "y": -9.21825122833252,
        "z": 3.402907371520996
    },
    "gyroscope": {
        "x": -0.010651743970811367,
        "y": -0.014379767701029778,
        "z": 0.0026616270188242197
    }
}