{
    "acceleration": {
        "x": 0.3922659754753113,
        "y": -5.923216342926025,
        "z": 7.874739646911621
    },
    "gyroscope": {
        "x": -0.02077290788292885,
        "y": 0.0,
        "z": 0.004260348621755838
    }
}