{
    "acceleration": {
        "x": 1.3435109853744507,
        "y": -8.806371688842773,
        "z": -4.11879301071167
    },
    "gyroscope": {
        "x": 0.017577210441231728,
        "y": 0.029827676713466644,
        "z": 0.005859069991856813
    }
}