{
    "acceleration": {
        "x": 0.9610517024993896,
        "y": -8.168939590454102,
        "z": -5.364237308502197
    },
    "gyroscope": {
        "x": -0.009054767899215221,
        "y": -0.011718139983713627,
        "z": 0.0010646508308127522
    }
}