{
    "acceleration": {
        "x": 1.0689247846603394,
        "y": -7.502087116241455,
        "z": -6.138962745666504
    },
    "gyroscope": {
        "x": 0.04101349040865898,
        "y": 0.009054767899215221,
        "z": -0.023436279967427254
    }
}