{
    "acceleration": {
        "x": 1.2846710681915283,
        "y": -8.100293159484863,
        "z": 5.354430675506592
    },
    "gyroscope": {
        "x": 0.0015969761880114675,
        "y": -0.005859069991856813,
        "z": -0.003728023264557123
    }
}