{
    "acceleration": {
        "x": 1.1179580688476562,
        "y": -8.23758602142334,
        "z": 5.256364345550537
    },
    "gyroscope": {
        "x": -0.0026616270188242197,
        "y": -0.009587093256413937,
        "z": -0.003728023264557123
    }
}