{
    "acceleration": {
        "x": 1.0689247846603394,
        "y": -2.1770763397216797,
        "z": 9.532063484191895
    },
    "gyroscope": {
        "x": -0.005324999336153269,
        "y": -0.006391395349055529,
        "z": 0.0021293016616255045
    }
}