{
    "acceleration": {
        "x": 0.627625584602356,
        "y": -9.335930824279785,
        "z": -3.069481372833252
    },
    "gyroscope": {
        "x": -0.008520697243511677,
        "y": -0.008520697243511677,
        "z": 0.003728023264557123
    }
}