{
    "acceleration": {
        "x": 1.2258312702178955,
        "y": -8.325845718383789,
        "z": 5.158297538757324
    },
    "gyroscope": {
        "x": -0.02290220931172371,
        "y": -0.0005323254154063761,
        "z": 0.005859069991856813
    }
}