{
    "acceleration": {
        "x": 1.2748644351959229,
        "y": -8.45333194732666,
        "z": -4.501252174377441
    },
    "gyroscope": {
        "x": -0.02929535135626793,
        "y": -0.02609965205192566,
        "z": 0.005859069991856813
    }
}