{
    "acceleration": {
        "x": 0.156906396150589,
        "y": -9.414383888244629,
        "z": -2.8145084381103516
    },
    "gyroscope": {
        "x": -0.006391395349055529,
        "y": -0.0015969761880114675,
        "z": 0.0005323254154063761
    }
}