{
    "acceleration": {
        "x": 1.3533176183700562,
        "y": -9.688969612121582,
        "z": 0.411879301071167
    },
    "gyroscope": {
        "x": -0.015978489071130753,
        "y": -0.011184069328010082,
        "z": 0.0005323254154063761
    }
}