{
    "acceleration": {
        "x": 1.4415775537490845,
        "y": -3.706913709640503,
        "z": 9.022117614746094
    },
    "gyroscope": {
        "x": -0.007988371886312962,
        "y": -0.003728023264557123,
        "z": 0.0010646508308127522
    }
}