{
    "acceleration": {
        "x": 0.8041452765464783,
        "y": -7.49228048324585,
        "z": 6.29586935043335
    },
    "gyroscope": {
        "x": 0.0,
        "y": 0.004792673978954554,
        "z": 0.003728023264557123
    }
}