{
    "acceleration": {
        "x": 0.9512450098991394,
        "y": -9.188830375671387,
        "z": -3.255807638168335
    },
    "gyroscope": {
        "x": 0.025565581396222115,
        "y": -0.008520697243511677,
        "z": -0.023436279967427254
    }
}