{
    "acceleration": {
        "x": 1.0296982526779175,
        "y": -9.43399715423584,
        "z": 2.5301156044006348
    },
    "gyroscope": {
        "x": 0.0031956976745277643,
        "y": -0.013315116055309772,
        "z": -0.006923720706254244
    }
}