{
    "acceleration": {
        "x": 0.23535959422588348,
        "y": -9.43399715423584,
        "z": 2.7752819061279297
    },
    "gyroscope": {
        "x": -0.011184069328010082,
        "y": -0.003728023264557123,
        "z": -0.0005323254154063761
    }
}