{
    "acceleration": {
        "x": 1.0296982526779175,
        "y": -7.658993244171143,
        "z": 6.119349479675293
    },
    "gyroscope": {
        "x": -0.018109535798430443,
        "y": -0.0026616270188242197,
        "z": 0.0031956976745277643
    }
}