{
    "acceleration": {
        "x": 1.5494506359100342,
        "y": -9.551676750183105,
        "z": -1.4121575355529785
    },
    "gyroscope": {
        "x": 0.02929535135626793,
        "y": 0.006391395349055529,
        "z": -0.016510814428329468
    }
}