{
    "acceleration": {
        "x": 0.9610517024993896,
        "y": -9.414383888244629,
        "z": -2.5889556407928467
    },
    "gyroscope": {
        "x": -0.010119418613612652,
        "y": -0.005324999336153269,
        "z": -0.004260348621755838
    }
}