{
    "acceleration": {
        "x": 0.17651969194412231,
        "y": -9.83607006072998,
        "z": 0.009806649759411812
    },
    "gyroscope": {
        "x": -0.005859069991856813,
        "y": -0.005859069991856813,
        "z": 0.0010646508308127522
    }
}