{
    "acceleration": {
        "x": 0.7747253179550171,
        "y": -9.34573745727539,
        "z": 2.9616081714630127
    },
    "gyroscope": {
        "x": 0.013847441412508488,
        "y": 0.004260348621755838,
        "z": -0.0021293016616255045
    }
}