{
    "acceleration": {
        "x": 1.3140910863876343,
        "y": -5.756503582000732,
        "z": 7.933579444885254
    },
    "gyroscope": {
        "x": -0.012782790698111057,
        "y": 0.0031956976745277643,
        "z": 0.0
    }
}