{
    "acceleration": {
        "x": 1.421964168548584,
        "y": -7.5315070152282715,
        "z": 6.148769378662109
    },
    "gyroscope": {
        "x": -0.014913838356733322,
        "y": -0.005859069991856813,
        "z": 0.006923720706254244
    }
}