{
    "acceleration": {
        "x": 1.402350902557373,
        "y": -5.727083683013916,
        "z": 7.835513114929199
    },
    "gyroscope": {
        "x": -0.02077290788292885,
        "y": -0.003728023264557123,
        "z": 0.008520697243511677
    }
}