{
    "acceleration": {
        "x": 1.206217885017395,
        "y": -4.736611843109131,
        "z": 8.551398277282715
    },
    "gyroscope": {
        "x": -0.004260348621755838,
        "y": 0.003728023264557123,
        "z": -0.0010646508308127522
    }
}