{
    "acceleration": {
        "x": 1.81423020362854,
        "y": -5.893796443939209,
        "z": 7.766866683959961
    },
    "gyroscope": {
        "x": -0.018641861155629158,
        "y": 0.0021293016616255045,
        "z": 0.0015969761880114675
    }
}