{
    "acceleration": {
        "x": 0.7060787677764893,
        "y": -9.796843528747559,
        "z": 0.08825984597206116
    },
    "gyroscope": {
        "x": -0.003728023264557123,
        "y": 0.004260348621755838,
        "z": 0.006391395349055529
    }
}