{
    "acceleration": {
        "x": 0.29419949650764465,
        "y": -9.21825122833252,
        "z": 3.383294105529785
    },
    "gyroscope": {
        "x": 0.005324999336153269,
        "y": -0.004792673978954554,
        "z": -0.005859069991856813
    }
}