{
    "acceleration": {
        "x": 1.1277647018432617,
        "y": -7.835513114929199,
        "z": -5.982056140899658
    },
    "gyroscope": {
        "x": -0.010651743970811367,
        "y": -0.007988371886312962,
        "z": -0.0005323254154063761
    }
}