{
    "acceleration": {
        "x": 1.2454445362091064,
        "y": -9.43399715423584,
        "z": -2.2163028717041016
    },
    "gyroscope": {
        "x": 0.007988371886312962,
        "y": 0.012250465340912342,
        "z": 0.003728023264557123
    }
}