{
    "acceleration": {
        "x": 1.4808040857315063,
        "y": -3.6186537742614746,
        "z": 9.05153751373291
    },
    "gyroscope": {
        "x": 0.013315116055309772,
        "y": -0.009054767899215221,
        "z": -0.0021293016616255045
    }
}