{
    "acceleration": {
        "x": 1.667130470275879,
        "y": -9.071150779724121,
        "z": 3.0596747398376465
    },
    "gyroscope": {
        "x": -0.017577210441231728,
        "y": -0.0026616270188242197,
        "z": 0.0021293016616255045
    }
}