{
    "acceleration": {
        "x": 0.4805258512496948,
        "y": -2.7948951721191406,
        "z": 9.45361042022705
    },
    "gyroscope": {
        "x": -0.023436279967427254,
        "y": -0.003728023264557123,
        "z": 0.0010646508308127522
    }
}