{
    "acceleration": {
        "x": 1.0689247846603394,
        "y": -9.796843528747559,
        "z": -0.9610517024993896
    },
    "gyroscope": {
        "x": 0.02929535135626793,
        "y": -0.0021293016616255045,
        "z": -0.018109535798430443
    }
}