{
    "acceleration": {
        "x": 0.9316317439079285,
        "y": -5.2857842445373535,
        "z": 8.23758602142334
    },
    "gyroscope": {
        "x": 0.007988371886312962,
        "y": 0.005324999336153269,
        "z": -0.0021293016616255045
    }
}