{
    "acceleration": {
        "x": 1.1277647018432617,
        "y": -9.855683326721191,
        "z": -1.039504885673523
    },
    "gyroscope": {
        "x": 0.012250465340912342,
        "y": -0.0015969761880114675,
        "z": -0.0031956976745277643
    }
}