{
    "acceleration": {
        "x": 0.8825984597206116,
        "y": -9.94394302368164,
        "z": -0.5785923600196838
    },
    "gyroscope": {
        "x": -0.0031956976745277643,
        "y": -0.017043139785528183,
        "z": -0.005324999336153269
    }
}