{
    "acceleration": {
        "x": 0.47071918845176697,
        "y": -5.275977611541748,
        "z": 8.306232452392578
    },
    "gyroscope": {
        "x": -0.0010646508308127522,
        "y": -0.011184069328010082,
        "z": -0.004260348621755838
    }
}