{
    "acceleration": {
        "x": 0.2059396505355835,
        "y": -8.423912048339844,
        "z": -4.942551612854004
    },
    "gyroscope": {
        "x": -0.005324999336153269,
        "y": -0.004792673978954554,
        "z": -0.0026616270188242197
    }
}