{
    "acceleration": {
        "x": 1.2160245180130005,
        "y": -9.522256851196289,
        "z": 2.2359161376953125
    },
    "gyroscope": {
        "x": -0.005324999336153269,
        "y": -0.003728023264557123,
        "z": 0.0005323254154063761
    }
}