{
    "acceleration": {
        "x": 0.8825984597206116,
        "y": -9.767423629760742,
        "z": -0.5982056260108948
    },
    "gyroscope": {
        "x": -0.0005323254154063761,
        "y": -0.006391395349055529,
        "z": -0.003728023264557123
    }
}