{
    "acceleration": {
        "x": 1.4709974527359009,
        "y": -7.335373878479004,
        "z": -6.3350958824157715
    },
    "gyroscope": {
        "x": -0.05432860553264618,
        "y": -0.02716430276632309,
        "z": 0.014379767701029778
    }
}