{
    "acceleration": {
        "x": 1.402350902557373,
        "y": -9.012310981750488,
        "z": 3.667686939239502
    },
    "gyroscope": {
        "x": -0.0010646508308127522,
        "y": -0.006923720706254244,
        "z": -0.004260348621755838
    }
}