{
    "acceleration": {
        "x": 1.9515233039855957,
        "y": -3.03025484085083,
        "z": 9.100570678710938
    },
    "gyroscope": {
        "x": -0.022369883954524994,
        "y": -0.0026616270188242197,
        "z": 0.010119418613612652
    }
}