{
    "acceleration": {
        "x": 1.5200307369232178,
        "y": -9.012310981750488,
        "z": -3.5696206092834473
    },
    "gyroscope": {
        "x": -0.04314279183745384,
        "y": -0.012782790698111057,
        "z": 0.013847441412508488
    }
}