{
    "acceleration": {
        "x": 1.7161637544631958,
        "y": -8.54159164428711,
        "z": 4.540478706359863
    },
    "gyroscope": {
        "x": -0.018109535798430443,
        "y": -0.0021293016616255045,
        "z": 0.004260348621755838
    }
}