{
    "acceleration": {
        "x": 1.1081514358520508,
        "y": -9.129990577697754,
        "z": -3.6971070766448975
    },
    "gyroscope": {
        "x": -0.012782790698111057,
        "y": -0.007988371886312962,
        "z": 0.0005323254154063761
    }
}