{
    "acceleration": {
        "x": 0.18632633984088898,
        "y": -9.718389511108398,
        "z": -1.4709974527359009
    },
    "gyroscope": {
        "x": -0.010119418613612652,
        "y": -0.0021293016616255045,
        "z": 0.0
    }
}