{
    "acceleration": {
        "x": 1.2258312702178955,
        "y": -6.06050968170166,
        "z": 7.668799877166748
    },
    "gyroscope": {
        "x": -0.009587093256413937,
        "y": -0.004260348621755838,
        "z": 0.0015969761880114675
    }
}