{
    "acceleration": {
        "x": 1.382737636566162,
        "y": -3.3931007385253906,
        "z": 9.071150779724121
    },
    "gyroscope": {
        "x": -0.006923720706254244,
        "y": -0.0005323254154063761,
        "z": 0.0031956976745277643
    }
}