{
    "acceleration": {
        "x": 1.6082905530929565,
        "y": -5.197524547576904,
        "z": 8.178746223449707
    },
    "gyroscope": {
        "x": -0.0021293016616255045,
        "y": -0.009054767899215221,
        "z": -0.0005323254154063761
    }
}