{
    "acceleration": {
        "x": -1.0787314176559448,
        "y": -9.551676750183105,
        "z": 1.8534568548202515
    },
    "gyroscope": {
        "x": -0.033023372292518616,
        "y": -0.012782790698111057,
        "z": 0.0015969761880114675
    }
}