{
    "acceleration": {
        "x": -1.618097186088562,
        "y": -7.668799877166748,
        "z": 5.91340970993042
    },
    "gyroscope": {
        "x": 0.007456046529114246,
        "y": -0.006923720706254244,
        "z": -0.005324999336153269
    }
}