{
    "acceleration": {
        "x": -1.647517204284668,
        "y": -9.561483383178711,
        "z": 3.108707904815674
    },
    "gyroscope": {
        "x": -0.026631977409124374,
        "y": -0.014379767701029778,
        "z": 0.005859069991856813
    }
}