{
    "acceleration": {
        "x": -0.24516624212265015,
        "y": -9.718389511108398,
        "z": 0.5687856674194336
    },
    "gyroscope": {
        "x": 0.05006825923919678,
        "y": 0.015978489071130753,
        "z": -0.007456046529114246
    }
}