{
    "acceleration": {
        "x": -1.6279038190841675,
        "y": -9.532063484191895,
        "z": 0.19613298773765564
    },
    "gyroscope": {
        "x": 0.0015969761880114675,
        "y": 0.004792673978954554,
        "z": -0.005859069991856813
    }
}