{
    "acceleration": {
        "x": -1.45138418674469,
        "y": -9.522256851196289,
        "z": -1.8044235706329346
    },
    "gyroscope": {
        "x": 0.0,
        "y": 0.0026616270188242197,
        "z": 0.0010646508308127522
    }
}