{
    "acceleration": {
        "x": -1.4121575355529785,
        "y": -2.059396505355835,
        "z": 9.590903282165527
    },
    "gyroscope": {
        "x": -0.003728023264557123,
        "y": -0.0026616270188242197,
        "z": -0.017043139785528183
    }
}