{
    "acceleration": {
        "x": -2.079009771347046,
        "y": -9.512450218200684,
        "z": 1.3631243705749512
    },
    "gyroscope": {
        "x": 0.018109535798430443,
        "y": 0.010651743970811367,
        "z": 0.0005323254154063761
    }
}