{
    "acceleration": {
        "x": -2.098623037338257,
        "y": -9.551676750183105,
        "z": 1.1277647018432617
    },
    "gyroscope": {
        "x": -0.006391395349055529,
        "y": -0.009587093256413937,
        "z": 0.0
    }
}