{
    "acceleration": {
        "x": -2.637988805770874,
        "y": -8.649465560913086,
        "z": 3.834399938583374
    },
    "gyroscope": {
        "x": -0.006923720706254244,
        "y": 0.0015969761880114675,
        "z": 0.0021293016616255045
    }
}