{
    "acceleration": {
        "x": -2.4222424030303955,
        "y": -0.9708583354949951,
        "z": 9.502643585205078
    },
    "gyroscope": {
        "x": 0.009587093256413937,
        "y": 0.011184069328010082,
        "z": 0.0031956976745277643
    }
}