{
    "acceleration": {
        "x": -2.079009771347046,
        "y": -9.21825122833252,
        "z": -2.677215337753296
    },
    "gyroscope": {
        "x": -0.010119418613612652,
        "y": 0.010651743970811367,
        "z": 0.012782790698111057
    }
}