{
    "acceleration": {
        "x": -1.794616937637329,
        "y": -9.522256851196289,
        "z": -2.883155107498169
    },
    "gyroscope": {
        "x": 0.023436279967427254,
        "y": -0.004792673978954554,
        "z": -0.006923720706254244
    }
}