{
    "acceleration": {
        "x": -0.14709974825382233,
        "y": -5.942829608917236,
        "z": 7.85512638092041
    },
    "gyroscope": {
        "x": 0.007988371886312962,
        "y": -0.025565581396222115,
        "z": -0.007456046529114246
    }
}