{
    "acceleration": {
        "x": -2.079009771347046,
        "y": -8.865211486816406,
        "z": 3.6578803062438965
    },
    "gyroscope": {
        "x": -0.006391395349055529,
        "y": -0.010651743970811367,
        "z": 0.0015969761880114675
    }
}