{
    "acceleration": {
        "x": -2.6674087047576904,
        "y": -9.335930824279785,
        "z": -1.598483920097351
    },
    "gyroscope": {
        "x": -0.006391395349055529,
        "y": -0.008520697243511677,
        "z": -0.0026616270188242197
    }
}