{
    "acceleration": {
        "x": -1.7553902864456177,
        "y": -4.050146579742432,
        "z": 8.786758422851562
    },
    "gyroscope": {
        "x": -0.018641861155629158,
        "y": -0.018641861155629158,
        "z": -0.0005323254154063761
    }
}