{
    "acceleration": {
        "x": -0.029419949278235435,
        "y": -3.5107805728912354,
        "z": 9.15941047668457
    },
    "gyroscope": {
        "x": 0.02183755859732628,
        "y": -0.015978489071130753,
        "z": -0.007456046529114246
    }
}