{
    "acceleration": {
        "x": -1.0885381698608398,
        "y": -8.718111991882324,
        "z": 4.412992477416992
    },
    "gyroscope": {
        "x": -0.02077290788292885,
        "y": -0.007456046529114246,
        "z": -0.003728023264557123
    }
}