{
    "acceleration": {
        "x": -1.4611908197402954,
        "y": -7.649186611175537,
        "z": 6.06050968170166
    },
    "gyroscope": {
        "x": 0.006391395349055529,
        "y": -0.004260348621755838,
        "z": -0.003728023264557123
    }
}