{
    "acceleration": {
        "x": -1.2454445362091064,
        "y": -3.8834333419799805,
        "z": 8.953471183776855
    },
    "gyroscope": {
        "x": -0.016510814428329468,
        "y": -0.0015969761880114675,
        "z": -0.0010646508308127522
    }
}