{
    "acceleration": {
        "x": -2.324176073074341,
        "y": -8.894631385803223,
        "z": 3.3440675735473633
    },
    "gyroscope": {
        "x": 0.014379767701029778,
        "y": -0.021305233240127563,
        "z": -0.003728023264557123
    }
}