{
    "acceleration": {
        "x": -2.6870219707489014,
        "y": -8.335652351379395,
        "z": -4.344346046447754
    },
    "gyroscope": {
        "x": -0.008520697243511677,
        "y": 0.0031956976745277643,
        "z": -0.0021293016616255045
    }
}