{
    "acceleration": {
        "x": -1.8044235706329346,
        "y": -9.424190521240234,
        "z": -2.490889072418213
    },
    "gyroscope": {
        "x": 0.010651743970811367,
        "y": -0.018109535798430443,
        "z": -0.010119418613612652
    }
}