{
    "acceleration": {
        "x": -2.4222424030303955,
        "y": -9.600709915161133,
        "z": -0.09806649386882782
    },
    "gyroscope": {
        "x": 0.016510814428329468,
        "y": -0.012782790698111057,
        "z": -0.005324999336153269
    }
}