{
    "acceleration": {
        "x": -1.7357770204544067,
        "y": -7.864933013916016,
        "z": -5.844763278961182
    },
    "gyroscope": {
        "x": -0.04207814112305641,
        "y": 0.02077290788292885,
        "z": 0.016510814428329468
    }
}