{
    "acceleration": {
        "x": -1.7357770204544067,
        "y": -9.983169555664062,
        "z": -0.06864655017852783
    },
    "gyroscope": {
        "x": -0.04420918971300125,
        "y": 0.0010646508308127522,
        "z": 0.0026616270188242197
    }
}