{
    "acceleration": {
        "x": -2.1280429363250732,
        "y": -8.316039085388184,
        "z": -4.648352146148682
    },
    "gyroscope": {
        "x": -0.003728023264557123,
        "y": -0.011718139983713627,
        "z": -0.006391395349055529
    }
}