{
    "acceleration": {
        "x": -0.8531785011291504,
        "y": -4.71699857711792,
        "z": 8.600431442260742
    },
    "gyroscope": {
        "x": -0.03355569764971733,
        "y": -0.005324999336153269,
        "z": 0.006391395349055529
    }
}