{
    "acceleration": {
        "x": -2.677215337753296,
        "y": -9.394770622253418,
        "z": 0.5982056260108948
    },
    "gyroscope": {
        "x": -0.01970651187002659,
        "y": -0.004260348621755838,
        "z": -0.004260348621755838
    }
}