{
    "acceleration": {
        "x": -2.000556468963623,
        "y": -7.502087116241455,
        "z": 6.001669883728027
    },
    "gyroscope": {
        "x": -0.013847441412508488,
        "y": 0.009054767899215221,
        "z": 0.007456046529114246
    }
}