{
    "acceleration": {
        "x": -1.9907499551773071,
        "y": -9.610516548156738,
        "z": 0.7551120519638062
    },
    "gyroscope": {
        "x": -0.009587093256413937,
        "y": -0.0010646508308127522,
        "z": -0.0031956976745277643
    }
}