{
    "acceleration": {
        "x": -1.431770920753479,
        "y": -8.502365112304688,
        "z": -4.658158779144287
    },
    "gyroscope": {
        "x": -0.0031956976745277643,
        "y": -0.0010646508308127522,
        "z": -0.0005323254154063761
    }
}