{
    "acceleration": {
        "x": -2.2163028717041016,
        "y": -5.521143913269043,
        "z": 7.85512638092041
    },
    "gyroscope": {
        "x": -0.013315116055309772,
        "y": 0.007456046529114246,
        "z": 0.004792673978954554
    }
}