{
    "acceleration": {
        "x": -1.9907499551773071,
        "y": -9.404577255249023,
        "z": -1.81423020362854
    },
    "gyroscope": {
        "x": -0.009054767899215221,
        "y": 0.0026616270188242197,
        "z": 0.0005323254154063761
    }
}