{
    "acceleration": {
        "x": -1.5200307369232178,
        "y": -9.414383888244629,
        "z": -0.411879301071167
    },
    "gyroscope": {
        "x": 0.031958721578121185,
        "y": -0.0031956976745277643,
        "z": -0.015446163713932037
    }
}