{
    "acceleration": {
        "x": -1.1767979860305786,
        "y": -2.1378495693206787,
        "z": 9.551676750183105
    },
    "gyroscope": {
        "x": -0.02183755859732628,
        "y": 0.0005323254154063761,
        "z": 0.004260348621755838
    }
}