{
    "acceleration": {
        "x": -0.9708583354949951,
        "y": -7.374600410461426,
        "z": 6.4821953773498535
    },
    "gyroscope": {
        "x": -0.03462209552526474,
        "y": -0.015978489071130753,
        "z": -0.0010646508308127522
    }
}