{
    "acceleration": {
        "x": -1.667130470275879,
        "y": -8.757338523864746,
        "z": 4.148212909698486
    },
    "gyroscope": {
        "x": 0.02609965205192566,
        "y": -0.02716430276632309,
        "z": -0.008520697243511677
    }
}