{
    "acceleration": {
        "x": -1.8926833868026733,
        "y": -4.4620256423950195,
        "z": 8.551398277282715
    },
    "gyroscope": {
        "x": -0.005324999336153269,
        "y": 0.014379767701029778,
        "z": 0.011184069328010082
    }
}