{
    "acceleration": {
        "x": -1.4415775537490845,
        "y": -9.679162979125977,
        "z": 0.8433718681335449
    },
    "gyroscope": {
        "x": -0.010651743970811367,
        "y": 0.0,
        "z": 0.004260348621755838
    }
}