{
    "acceleration": {
        "x": -0.29419949650764465,
        "y": -9.424190521240234,
        "z": 2.7262487411499023
    },
    "gyroscope": {
        "x": -0.024500930681824684,
        "y": 0.02077290788292885,
        "z": 0.007456046529114246
    }
}