{
    "acceleration": {
        "x": -0.2843928337097168,
        "y": -8.031645774841309,
        "z": -5.364237308502197
    },
    "gyroscope": {
        "x": 0.05326395481824875,
        "y": 0.012250465340912342,
        "z": -0.008520697243511677
    }
}