{
    "acceleration": {
        "x": -1.4808040857315063,
        "y": -8.786758422851562,
        "z": -3.010641574859619
    },
    "gyroscope": {
        "x": 0.003728023264557123,
        "y": 0.005324999336153269,
        "z": -0.0026616270188242197
    }
}