{
    "acceleration": {
        "x": -0.29419949650764465,
        "y": -9.34573745727539,
        "z": -2.4614691734313965
    },
    "gyroscope": {
        "x": 0.02929535135626793,
        "y": 0.025565581396222115,
        "z": -0.003728023264557123
    }
}