{
    "acceleration": {
        "x": -1.9319100379943848,
        "y": -7.178467750549316,
        "z": 6.433162212371826
    },
    "gyroscope": {
        "x": -0.009054767899215221,
        "y": -0.025565581396222115,
        "z": -0.011718139983713627
    }
}