{
    "acceleration": {
        "x": -2.5693421363830566,
        "y": -4.618932247161865,
        "z": 8.306232452392578
    },
    "gyroscope": {
        "x": 0.010651743970811367,
        "y": 0.006923720706254244,
        "z": 0.0021293016616255045
    }
}