{
    "acceleration": {
        "x": -1.8828767538070679,
        "y": -1.4906107187271118,
        "z": 9.610516548156738
    },
    "gyroscope": {
        "x": -0.024500930681824684,
        "y": 0.0250332560390234,
        "z": 0.0005323254154063761
    }
}