{
    "acceleration": {
        "x": -1.0885381698608398,
        "y": -9.718389511108398,
        "z": -1.255251169204712
    },
    "gyroscope": {
        "x": -0.02183755859732628,
        "y": -0.009587093256413937,
        "z": 0.007988371886312962
    }
}