{
    "acceleration": {
        "x": -1.6279038190841675,
        "y": -7.874739646911621,
        "z": -6.099736213684082
    },
    "gyroscope": {
        "x": 0.0,
        "y": -0.021305233240127563,
        "z": -0.004792673978954554
    }
}