{
    "acceleration": {
        "x": -1.7651969194412231,
        "y": -8.23758602142334,
        "z": -4.922938346862793
    },
    "gyroscope": {
        "x": 0.014913838356733322,
        "y": -0.0031956976745277643,
        "z": -0.015978489071130753
    }
}