{
    "acceleration": {
        "x": -1.980943202972412,
        "y": -0.5001391172409058,
        "z": 9.620323181152344
    },
    "gyroscope": {
        "x": 0.005859069991856813,
        "y": -0.01970651187002659,
        "z": 0.005859069991856813
    }
}