{
    "acceleration": {
        "x": -1.255251169204712,
        "y": -2.579148769378662,
        "z": 9.384963989257812
    },
    "gyroscope": {
        "x": 0.025565581396222115,
        "y": -0.005859069991856813,
        "z": -0.0005323254154063761
    }
}