{
    "acceleration": {
        "x": -2.059396505355835,
        "y": -9.463417053222656,
        "z": -1.7553902864456177
    },
    "gyroscope": {
        "x": 0.026631977409124374,
        "y": 0.020240582525730133,
        "z": -0.008520697243511677
    }
}