{
    "acceleration": {
        "x": -1.5592572689056396,
        "y": -9.23786449432373,
        "z": 3.5500071048736572
    },
    "gyroscope": {
        "x": -0.007988371886312962,
        "y": -0.005859069991856813,
        "z": 0.004260348621755838
    }
}