{
    "acceleration": {
        "x": -2.2555294036865234,
        "y": -7.933579444885254,
        "z": 5.266170978546143
    },
    "gyroscope": {
        "x": 0.016510814428329468,
        "y": -0.014379767701029778,
        "z": -0.0021293016616255045
    }
}