{
    "acceleration": {
        "x": -0.23535959422588348,
        "y": -8.05125904083252,
        "z": 5.491724014282227
    },
    "gyroscope": {
        "x": -0.015978489071130753,
        "y": 0.007456046529114246,
        "z": 0.0021293016616255045
    }
}