{
    "acceleration": {
        "x": -1.0983448028564453,
        "y": -8.982891082763672,
        "z": -4.001112937927246
    },
    "gyroscope": {
        "x": -0.02077290788292885,
        "y": -0.013847441412508488,
        "z": 0.0
    }
}