{
    "acceleration": {
        "x": -1.9221034049987793,
        "y": -8.718111991882324,
        "z": 4.138406276702881
    },
    "gyroscope": {
        "x": 0.006923720706254244,
        "y": -0.020240582525730133,
        "z": -0.009587093256413937
    }
}