{
    "acceleration": {
        "x": -1.5102241039276123,
        "y": -5.982056140899658,
        "z": 7.874739646911621
    },
    "gyroscope": {
        "x": 0.0026616270188242197,
        "y": -0.017577210441231728,
        "z": 0.004792673978954554
    }
}