{
    "acceleration": {
        "x": -0.990471601486206,
        "y": -1.2748644351959229,
        "z": 9.747809410095215
    },
    "gyroscope": {
        "x": -0.04314279183745384,
        "y": -0.006923720706254244,
        "z": 0.004260348621755838
    }
}