{
    "acceleration": {
        "x": -1.3925442695617676,
        "y": -8.512171745300293,
        "z": 4.677772045135498
    },
    "gyroscope": {
        "x": -0.010651743970811367,
        "y": 0.0031956976745277643,
        "z": 0.0031956976745277643
    }
}