{
    "acceleration": {
        "x": -1.3435109853744507,
        "y": -7.021561145782471,
        "z": 6.746974945068359
    },
    "gyroscope": {
        "x": -0.015978489071130753,
        "y": -0.003728023264557123,
        "z": 0.0005323254154063761
    }
}