{
    "acceleration": {
        "x": -2.598762273788452,
        "y": -6.845041751861572,
        "z": 6.550841808319092
    },
    "gyroscope": {
        "x": -0.005859069991856813,
        "y": -0.0005323254154063761,
        "z": 0.007456046529114246
    }
}