{
    "acceleration": {
        "x": -2.490889072418213,
        "y": -9.394770622253418,
        "z": -2.3143694400787354
    },
    "gyroscope": {
        "x": 0.036219071596860886,
        "y": -0.033023372292518616,
        "z": -0.018641861155629158
    }
}