{
    "acceleration": {
        "x": -2.079009771347046,
        "y": -8.531785011291504,
        "z": -4.099179744720459
    },
    "gyroscope": {
        "x": -0.02290220931172371,
        "y": -0.028761280700564384,
        "z": -0.0031956976745277643
    }
}