{
    "acceleration": {
        "x": -2.510502338409424,
        "y": -7.776673316955566,
        "z": -5.785923480987549
    },
    "gyroscope": {
        "x": -0.02716430276632309,
        "y": 0.0031956976745277643,
        "z": 0.014379767701029778
    }
}