{
    "acceleration": {
        "x": -2.1182363033294678,
        "y": -2.4418559074401855,
        "z": 9.316317558288574
    },
    "gyroscope": {
        "x": 0.0010646508308127522,
        "y": -0.014379767701029778,
        "z": 0.0021293016616255045
    }
}