{
    "acceleration": {
        "x": -1.7357770204544067,
        "y": -1.8926833868026733,
        "z": 9.512450218200684
    },
    "gyroscope": {
        "x": 0.0021293016616255045,
        "y": -0.02183755859732628,
        "z": 0.0
    }
}