{
    "acceleration": {
        "x": -2.079009771347046,
        "y": -8.345458984375,
        "z": -4.638545513153076
    },
    "gyroscope": {
        "x": -0.009054767899215221,
        "y": 0.003728023264557123,
        "z": 0.0010646508308127522
    }
}