{
    "acceleration": {
        "x": -1.4415775537490845,
        "y": -4.530672073364258,
        "z": 8.580818176269531
    },
    "gyroscope": {
        "x": -0.0031956976745277643,
        "y": 0.0031956976745277643,
        "z": 0.0015969761880114675
    }
}