{
    "acceleration": {
        "x": -2.098623037338257,
        "y": -6.619488716125488,
        "z": 6.982334613800049
    },
    "gyroscope": {
        "x": -0.005859069991856813,
        "y": -0.010119418613612652,
        "z": 0.0010646508308127522
    }
}