{
    "acceleration": {
        "x": -2.098623037338257,
        "y": -4.2364726066589355,
        "z": 8.659272193908691
    },
    "gyroscope": {
        "x": 0.010119418613612652,
        "y": -0.013847441412508488,
        "z": 0.0
    }
}