{
    "acceleration": {
        "x": -1.3631243705749512,
        "y": -5.236751079559326,
        "z": 8.208166122436523
    },
    "gyroscope": {
        "x": -0.010119418613612652,
        "y": 0.0031956976745277643,
        "z": 0.004260348621755838
    }
}