{
    "acceleration": {
        "x": -1.4611908197402954,
        "y": -2.5203089714050293,
        "z": 9.43399715423584
    },
    "gyroscope": {
        "x": -0.011184069328010082,
        "y": -0.0015969761880114675,
        "z": -0.0010646508308127522
    }
}