{
    "acceleration": {
        "x": -1.5886772871017456,
        "y": -8.05125904083252,
        "z": 5.354430675506592
    },
    "gyroscope": {
        "x": 0.0015969761880114675,
        "y": 0.0,
        "z": -0.004260348621755838
    }
}