{
    "acceleration": {
        "x": -2.098623037338257,
        "y": -8.335652351379395,
        "z": 4.726805210113525
    },
    "gyroscope": {
        "x": 0.018641861155629158,
        "y": 0.0005323254154063761,
        "z": 0.0015969761880114675
    }
}