{
    "acceleration": {
        "x": -1.647517204284668,
        "y": -9.600709915161133,
        "z": -2.265336036682129
    },
    "gyroscope": {
        "x": 0.04687255993485451,
        "y": -0.013847441412508488,
        "z": -0.022369883954524994
    }
}