{
    "acceleration": {
        "x": -0.26477953791618347,
        "y": -4.383572578430176,
        "z": 8.825984954833984
    },
    "gyroscope": {
        "x": -0.010119418613612652,
        "y": -0.004260348621755838,
        "z": -0.0015969761880114675
    }
}