{
    "acceleration": {
        "x": -2.392822504043579,
        "y": -9.43399715423584,
        "z": -1.2944778203964233
    },
    "gyroscope": {
        "x": -0.008520697243511677,
        "y": -0.004792673978954554,
        "z": -0.003728023264557123
    }
}