{
    "acceleration": {
        "x": -0.5491724014282227,
        "y": -8.894631385803223,
        "z": 4.246279239654541
    },
    "gyroscope": {
        "x": -0.0021293016616255045,
        "y": -0.004260348621755838,
        "z": 0.0021293016616255045
    }
}