{
    "acceleration": {
        "x": -1.3042844533920288,
        "y": -7.1490478515625,
        "z": 6.433162212371826
    },
    "gyroscope": {
        "x": -0.011184069328010082,
        "y": 0.0,
        "z": -0.0026616270188242197
    }
}