{
    "acceleration": {
        "x": -1.2944778203964233,
        "y": -4.932744979858398,
        "z": 8.404298782348633
    },
    "gyroscope": {
        "x": -0.025565581396222115,
        "y": 0.013847441412508488,
        "z": 0.0015969761880114675
    }
}