{
    "acceleration": {
        "x": -1.8534568548202515,
        "y": -6.9333014488220215,
        "z": 6.550841808319092
    },
    "gyroscope": {
        "x": -0.04207814112305641,
        "y": 0.004260348621755838,
        "z": 0.005859069991856813
    }
}