{
    "acceleration": {
        "x": -1.6867437362670898,
        "y": -1.0885381698608398,
        "z": 9.639936447143555
    },
    "gyroscope": {
        "x": -0.004792673978954554,
        "y": -0.0031956976745277643,
        "z": 0.0010646508308127522
    }
}