{
    "acceleration": {
        "x": -1.7063570022583008,
        "y": -8.276812553405762,
        "z": -4.873904705047607
    },
    "gyroscope": {
        "x": 0.007988371886312962,
        "y": -0.018641861155629158,
        "z": -0.019174186512827873
    }
}