{
    "acceleration": {
        "x": -1.6769371032714844,
        "y": -9.581096649169922,
        "z": 1.3729310035705566
    },
    "gyroscope": {
        "x": -0.008520697243511677,
        "y": -0.0015969761880114675,
        "z": -0.0021293016616255045
    }
}