{
    "acceleration": {
        "x": -1.9024900197982788,
        "y": -6.9136881828308105,
        "z": 6.746974945068359
    },
    "gyroscope": {
        "x": -0.0005323254154063761,
        "y": 0.004792673978954554,
        "z": -0.0010646508308127522
    }
}