{
    "acceleration": {
        "x": -0.6472389101982117,
        "y": -9.669356346130371,
        "z": -1.2160245180130005
    },
    "gyroscope": {
        "x": -0.011184069328010082,
        "y": -0.005324999336153269,
        "z": 0.0005323254154063761
    }
}