{
    "acceleration": {
        "x": -1.3238977193832397,
        "y": -4.922938346862793,
        "z": 8.414105415344238
    },
    "gyroscope": {
        "x": -0.007456046529114246,
        "y": -0.009054767899215221,
        "z": 0.004260348621755838
    }
}