{
    "acceleration": {
        "x": -0.3922659754753113,
        "y": -4.452219009399414,
        "z": 8.786758422851562
    },
    "gyroscope": {
        "x": -0.011718139983713627,
        "y": -0.007456046529114246,
        "z": 0.005859069991856813
    }
}