{
    "acceleration": {
        "x": -2.0103631019592285,
        "y": -8.590624809265137,
        "z": 4.344346046447754
    },
    "gyroscope": {
        "x": -0.004260348621755838,
        "y": 0.003728023264557123,
        "z": 0.0031956976745277643
    }
}