{
    "acceleration": {
        "x": -2.324176073074341,
        "y": -9.355544090270996,
        "z": 1.8534568548202515
    },
    "gyroscope": {
        "x": -0.0021293016616255045,
        "y": -0.004260348621755838,
        "z": -0.0015969761880114675
    }
}