{
    "acceleration": {
        "x": -2.265336036682129,
        "y": -8.816178321838379,
        "z": 3.6774935722351074
    },
    "gyroscope": {
        "x": -0.013847441412508488,
        "y": 0.007988371886312962,
        "z": 0.0015969761880114675
    }
}