{
    "acceleration": {
        "x": -0.6374322175979614,
        "y": -8.963277816772461,
        "z": -3.9030466079711914
    },
    "gyroscope": {
        "x": -0.004260348621755838,
        "y": 0.0,
        "z": -0.0015969761880114675
    }
}