{
    "acceleration": {
        "x": -0.37265267968177795,
        "y": -6.982334613800049,
        "z": 6.9333014488220215
    },
    "gyroscope": {
        "x": -0.009054767899215221,
        "y": 0.0005323254154063761,
        "z": 0.0010646508308127522
    }
}