{
    "acceleration": {
        "x": -0.5687856674194336,
        "y": -9.787036895751953,
        "z": 1.3435109853744507
    },
    "gyroscope": {
        "x": -0.008520697243511677,
        "y": -0.005859069991856813,
        "z": 0.0005323254154063761
    }
}