{
    "acceleration": {
        "x": -2.3143694400787354,
        "y": -9.414383888244629,
        "z": -1.5004174709320068
    },
    "gyroscope": {
        "x": -0.004792673978954554,
        "y": -0.0026616270188242197,
        "z": -0.0015969761880114675
    }
}