{
    "acceleration": {
        "x": -0.40207263827323914,
        "y": -6.550841808319092,
        "z": 7.345180511474609
    },
    "gyroscope": {
        "x": 0.0026616270188242197,
        "y": -0.004260348621755838,
        "z": -0.0031956976745277643
    }
}