{
    "acceleration": {
        "x": -2.510502338409424,
        "y": -7.9826130867004395,
        "z": -5.325010776519775
    },
    "gyroscope": {
        "x": -0.025565581396222115,
        "y": 0.0026616270188242197,
        "z": 0.012782790698111057
    }
}