{
    "acceleration": {
        "x": -1.6965503692626953,
        "y": -8.512171745300293,
        "z": -4.579705238342285
    },
    "gyroscope": {
        "x": -0.008520697243511677,
        "y": 0.0005323254154063761,
        "z": 0.0031956976745277643
    }
}