{
    "acceleration": {
        "x": -0.5785923600196838,
        "y": -9.767423629760742,
        "z": 1.186604619026184
    },
    "gyroscope": {
        "x": -0.0021293016616255045,
        "y": -0.0026616270188242197,
        "z": -0.0005323254154063761
    }
}