{
    "acceleration": {
        "x": -1.9907499551773071,
        "y": -1.2454445362091064,
        "z": 9.561483383178711
    },
    "gyroscope": {
        "x": -0.0015969761880114675,
        "y": -0.004792673978954554,
        "z": -0.0015969761880114675
    }
}