{
    "acceleration": {
        "x": -1.7161637544631958,
        "y": -9.522256851196289,
        "z": -1.7063570022583008
    },
    "gyroscope": {
        "x": -0.006923720706254244,
        "y": -0.0010646508308127522,
        "z": 0.003728023264557123
    }
}