{
    "acceleration": {
        "x": -2.5006957054138184,
        "y": -9.669356346130371,
        "z": 0.9120184183120728
    },
    "gyroscope": {
        "x": 0.011718139983713627,
        "y": -0.024500930681824684,
        "z": -0.007456046529114246
    }
}