{
    "acceleration": {
        "x": -1.7553902864456177,
        "y": -2.2163028717041016,
        "z": 9.473223686218262
    },
    "gyroscope": {
        "x": -0.021305233240127563,
        "y": 0.0,
        "z": 0.0
    }
}