{
    "acceleration": {
        "x": -0.6766588091850281,
        "y": -8.659272193908691,
        "z": -4.530672073364258
    },
    "gyroscope": {
        "x": 0.0,
        "y": -0.004260348621755838,
        "z": -0.0015969761880114675
    }
}