{
    "acceleration": {
        "x": -1.9024900197982788,
        "y": -1.4121575355529785,
        "z": 9.571290016174316
    },
    "gyroscope": {
        "x": 0.0021293016616255045,
        "y": 0.005859069991856813,
        "z": -0.0015969761880114675
    }
}