{
    "acceleration": {
        "x": -0.509945809841156,
        "y": -7.207887649536133,
        "z": 6.648908615112305
    },
    "gyroscope": {
        "x": -0.008520697243511677,
        "y": -0.006923720706254244,
        "z": 0.005324999336153269
    }
}