{
    "acceleration": {
        "x": -2.41243577003479,
        "y": -8.355265617370605,
        "z": -4.501252174377441
    },
    "gyroscope": {
        "x": -0.0031956976745277643,
        "y": -0.006391395349055529,
        "z": -0.004260348621755838
    }
}