{
    "acceleration": {
        "x": -0.5295590758323669,
        "y": -9.63012981414795,
        "z": 2.020169734954834
    },
    "gyroscope": {
        "x": -0.0015969761880114675,
        "y": -0.0010646508308127522,
        "z": 0.0010646508308127522
    }
}