{
    "acceleration": {
        "x": -0.4805258512496948,
        "y": -8.825984954833984,
        "z": 4.344346046447754
    },
    "gyroscope": {
        "x": -0.004792673978954554,
        "y": 0.0005323254154063761,
        "z": 0.0021293016616255045
    }
}