{
    "acceleration": {
        "x": -2.039783239364624,
        "y": -7.913966178894043,
        "z": -5.109264373779297
    },
    "gyroscope": {
        "x": -0.04261046648025513,
        "y": -0.005859069991856813,
        "z": 0.010119418613612652
    }
}