{
    "acceleration": {
        "x": -2.079009771347046,
        "y": -3.667686939239502,
        "z": 8.904438018798828
    },
    "gyroscope": {
        "x": -0.0021293016616255045,
        "y": -0.0015969761880114675,
        "z": -0.0005323254154063761
    }
}