{
    "acceleration": {
        "x": -1.667130470275879,
        "y": -9.708582878112793,
        "z": 0.6766588091850281
    },
    "gyroscope": {
        "x": 0.005324999336153269,
        "y": -0.01970651187002659,
        "z": -0.011184069328010082
    }
}