{
    "acceleration": {
        "x": -2.000556468963623,
        "y": -8.894631385803223,
        "z": 3.8638200759887695
    },
    "gyroscope": {
        "x": 0.02183755859732628,
        "y": -0.014379767701029778,
        "z": -0.004792673978954554
    }
}