{
    "acceleration": {
        "x": -0.5883989930152893,
        "y": -9.777230262756348,
        "z": -0.9022117853164673
    },
    "gyroscope": {
        "x": 0.0021293016616255045,
        "y": -0.006923720706254244,
        "z": -0.003728023264557123
    }
}