{
    "acceleration": {
        "x": -1.5298373699188232,
        "y": -8.639657974243164,
        "z": 4.471832275390625
    },
    "gyroscope": {
        "x": 0.0005323254154063761,
        "y": -0.023436279967427254,
        "z": 0.0
    }
}