{
    "acceleration": {
        "x": -1.186604619026184,
        "y": -2.2359161376953125,
        "z": 9.512450218200684
    },
    "gyroscope": {
        "x": 0.015978489071130753,
        "y": -0.014379767701029778,
        "z": -0.0026616270188242197
    }
}