{
    "acceleration": {
        "x": -2.1378495693206787,
        "y": -6.266448974609375,
        "z": 7.276534080505371
    },
    "gyroscope": {
        "x": -0.0021293016616255045,
        "y": 0.007988371886312962,
        "z": -0.0010646508308127522
    }
}