{
    "acceleration": {
        "x": -0.6570455431938171,
        "y": -8.551398277282715,
        "z": -4.71699857711792
    },
    "gyroscope": {
        "x": -0.0031956976745277643,
        "y": -0.004792673978954554,
        "z": -0.0010646508308127522
    }
}