{
    "acceleration": {
        "x": -2.0103631019592285,
        "y": -9.532063484191895,
        "z": 1.3238977193832397
    },
    "gyroscope": {
        "x": -0.0021293016616255045,
        "y": -0.0005323254154063761,
        "z": -0.0010646508308127522
    }
}