{
    "acceleration": {
        "x": -1.4415775537490845,
        "y": -8.806371688842773,
        "z": 3.9716930389404297
    },
    "gyroscope": {
        "x": -0.007456046529114246,
        "y": -0.0015969761880114675,
        "z": -0.003728023264557123
    }
}