{
    "acceleration": {
        "x": -2.0692031383514404,
        "y": -8.54159164428711,
        "z": -4.344346046447754
    },
    "gyroscope": {
        "x": -0.004792673978954554,
        "y": -0.005324999336153269,
        "z": 0.0021293016616255045
    }
}