{
    "acceleration": {
        "x": -0.29419949650764465,
        "y": -1.3729310035705566,
        "z": 9.75761604309082
    },
    "gyroscope": {
        "x": 0.0026616270188242197,
        "y": -0.0031956976745277643,
        "z": -0.0010646508308127522
    }
}