{
    "acceleration": {
        "x": -1.863263487815857,
        "y": -5.42307710647583,
        "z": 8.090486526489258
    },
    "gyroscope": {
        "x": -0.011184069328010082,
        "y": -0.004260348621755838,
        "z": 0.006391395349055529
    }
}