{
    "acceleration": {
        "x": -2.28494930267334,
        "y": -8.443525314331055,
        "z": 4.491445541381836
    },
    "gyroscope": {
        "x": -0.005324999336153269,
        "y": -0.003728023264557123,
        "z": -0.0010646508308127522
    }
}