{
    "acceleration": {
        "x": -2.0692031383514404,
        "y": -9.885103225708008,
        "z": 0.0784531980752945
    },
    "gyroscope": {
        "x": -0.012250465340912342,
        "y": 0.0026616270188242197,
        "z": 0.0026616270188242197
    }
}