{
    "acceleration": {
        "x": -0.627625584602356,
        "y": -9.679162979125977,
        "z": -1.618097186088562
    },
    "gyroscope": {
        "x": -0.004792673978954554,
        "y": -0.0031956976745277643,
        "z": 0.005324999336153269
    }
}