{
    "acceleration": {
        "x": -1.235637903213501,
        "y": -1.7161637544631958,
        "z": 9.63012981414795
    },
    "gyroscope": {
        "x": -0.0031956976745277643,
        "y": -0.0026616270188242197,
        "z": 0.0005323254154063761
    }
}