{
    "acceleration": {
        "x": -1.5592572689056396,
        "y": -7.041174411773682,
        "z": 6.717555046081543
    },
    "gyroscope": {
        "x": -0.013315116055309772,
        "y": -0.0021293016616255045,
        "z": -0.0005323254154063761
    }
}