{
    "acceleration": {
        "x": -0.3334260880947113,
        "y": -4.579705238342285,
        "z": 8.737725257873535
    },
    "gyroscope": {
        "x": 0.0026616270188242197,
        "y": 0.0026616270188242197,
        "z": 0.0
    }
}