{
    "acceleration": {
        "x": -0.4903324842453003,
        "y": -8.678885459899902,
        "z": 4.6875786781311035
    },
    "gyroscope": {
        "x": 0.004792673978954554,
        "y": -0.0021293016616255045,
        "z": -0.0010646508308127522
    }
}