{
    "acceleration": {
        "x": -2.2359161376953125,
        "y": -9.473223686218262,
        "z": 1.2454445362091064
    },
    "gyroscope": {
        "x": -0.0026616270188242197,
        "y": -0.0010646508308127522,
        "z": 0.0
    }
}