{
    "acceleration": {
        "x": -2.098623037338257,
        "y": -9.522256851196289,
        "z": -2.6281821727752686
    },
    "gyroscope": {
        "x": 0.03462209552526474,
        "y": -0.0021293016616255045,
        "z": -0.004792673978954554
    }
}