{
    "acceleration": {
        "x": -2.3634026050567627,
        "y": -9.267284393310547,
        "z": -2.167269706726074
    },
    "gyroscope": {
        "x": 0.031958721578121185,
        "y": -0.02822895534336567,
        "z": -0.02077290788292885
    }
}