{
    "acceleration": {
        "x": -1.7161637544631958,
        "y": -9.45361042022705,
        "z": -1.980943202972412
    },
    "gyroscope": {
        "x": -0.018109535798430443,
        "y": 0.011718139983713627,
        "z": 0.012782790698111057
    }
}