{
    "acceleration": {
        "x": -2.1966896057128906,
        "y": -8.72791862487793,
        "z": 4.001112937927246
    },
    "gyroscope": {
        "x": -0.004792673978954554,
        "y": -0.0026616270188242197,
        "z": 0.0
    }
}