{
    "acceleration": {
        "x": -1.5200307369232178,
        "y": -9.63012981414795,
        "z": 0.4805258512496948
    },
    "gyroscope": {
        "x": -0.05912302806973457,
        "y": 0.013847441412508488,
        "z": 0.02077290788292885
    }
}