{
    "acceleration": {
        "x": -2.0299766063690186,
        "y": -4.648352146148682,
        "z": 8.45333194732666
    },
    "gyroscope": {
        "x": -0.005324999336153269,
        "y": -0.0026616270188242197,
        "z": 0.0021293016616255045
    }
}