{
    "acceleration": {
        "x": -2.0692031383514404,
        "y": -9.45361042022705,
        "z": -1.5102241039276123
    },
    "gyroscope": {
        "x": 0.0010646508308127522,
        "y": 0.0026616270188242197,
        "z": 0.0010646508308127522
    }
}