{
    "acceleration": {
        "x": -0.156906396150589,
        "y": -0.7845319509506226,
        "z": 9.826263427734375
    },
    "gyroscope": {
        "x": -0.0031956976745277643,
        "y": -0.0031956976745277643,
        "z": -0.0005323254154063761
    }
}