{
    "acceleration": {
        "x": -2.1574628353118896,
        "y": -7.5118937492370605,
        "z": 5.933022975921631
    },
    "gyroscope": {
        "x": -0.010119418613612652,
        "y": 0.0021293016616255045,
        "z": 0.0010646508308127522
    }
}