{
    "acceleration": {
        "x": -1.8240368366241455,
        "y": -4.275699138641357,
        "z": 8.678885459899902
    },
    "gyroscope": {
        "x": -0.0005323254154063761,
        "y": 0.005324999336153269,
        "z": -0.0005323254154063761
    }
}