{
    "acceleration": {
        "x": -1.4415775537490845,
        "y": -4.403185844421387,
        "z": 8.688692092895508
    },
    "gyroscope": {
        "x": -0.008520697243511677,
        "y": -0.005324999336153269,
        "z": 0.003728023264557123
    }
}