{
    "acceleration": {
        "x": -1.8926833868026733,
        "y": -2.079009771347046,
        "z": 9.34573745727539
    },
    "gyroscope": {
        "x": -0.006391395349055529,
        "y": 0.0015969761880114675,
        "z": -0.0031956976745277643
    }
}