{
    "acceleration": {
        "x": -1.618097186088562,
        "y": -8.512171745300293,
        "z": 4.638545513153076
    },
    "gyroscope": {
        "x": -0.010119418613612652,
        "y": -0.0031956976745277643,
        "z": 0.004792673978954554
    }
}