{
    "acceleration": {
        "x": -1.618097186088562,
        "y": -8.159132957458496,
        "z": -5.3053975105285645
    },
    "gyroscope": {
        "x": -0.02716430276632309,
        "y": 0.0010646508308127522,
        "z": 0.010119418613612652
    }
}