{
    "acceleration": {
        "x": -0.21574629843235016,
        "y": -0.9806649684906006,
        "z": 9.806650161743164
    },
    "gyroscope": {
        "x": -0.004792673978954554,
        "y": -0.0031956976745277643,
        "z": -0.0015969761880114675
    }
}