{
    "acceleration": {
        "x": -1.2846710681915283,
        "y": -2.020169734954834,
        "z": 9.571290016174316
    },
    "gyroscope": {
        "x": -0.012782790698111057,
        "y": 0.005859069991856813,
        "z": -0.005324999336153269
    }
}