{
    "acceleration": {
        "x": -2.0495898723602295,
        "y": -4.579705238342285,
        "z": 8.472945213317871
    },
    "gyroscope": {
        "x": -0.0031956976745277643,
        "y": -0.014913838356733322,
        "z": 0.0015969761880114675
    }
}