{
    "acceleration": {
        "x": -1.5200307369232178,
        "y": -7.335373878479004,
        "z": 6.423355579376221
    },
    "gyroscope": {
        "x": -0.004792673978954554,
        "y": -0.008520697243511677,
        "z": 0.0015969761880114675
    }
}