{
    "acceleration": {
        "x": -2.324176073074341,
        "y": -8.345458984375,
        "z": -4.511058807373047
    },
    "gyroscope": {
        "x": -0.007456046529114246,
        "y": -0.010119418613612652,
        "z": -0.0031956976745277643
    }
}