{
    "acceleration": {
        "x": -2.1182363033294678,
        "y": -7.276534080505371,
        "z": 6.2566423416137695
    },
    "gyroscope": {
        "x": -0.0021293016616255045,
        "y": -0.005859069991856813,
        "z": 0.0
    }
}