{
    "acceleration": {
        "x": 1.863263487815857,
        "y": -9.610516548156738,
        "z": -1.4709974527359009
    },
    "gyroscope": {
        "x": 0.010651743970811367,
        "y": -0.0005323254154063761,
        "z": -0.006923720706254244
    }
}