{
    "acceleration": {
        "x": 1.1964112520217896,
        "y": -9.688969612121582,
        "z": 1.2650578022003174
    },
    "gyroscope": {
        "x": -0.0021293016616255045,
        "y": -0.0005323254154063761,
        "z": -0.0026616270188242197
    }
}