{
    "acceleration": {
        "x": 0.7845319509506226,
        "y": -5.168104648590088,
        "z": 8.365072250366211
    },
    "gyroscope": {
        "x": -0.0005323254154063761,
        "y": -0.0021293016616255045,
        "z": -0.0005323254154063761
    }
}