{
    "acceleration": {
        "x": 0.22555294632911682,
        "y": -9.23786449432373,
        "z": 3.275420904159546
    },
    "gyroscope": {
        "x": -0.003728023264557123,
        "y": -0.003728023264557123,
        "z": 0.0021293016616255045
    }
}