{
    "acceleration": {
        "x": 1.3042844533920288,
        "y": -9.551676750183105,
        "z": -1.5200307369232178
    },
    "gyroscope": {
        "x": 0.004792673978954554,
        "y": 0.008520697243511677,
        "z": -0.003728023264557123
    }
}