{
    "acceleration": {
        "x": 0.5785923600196838,
        "y": -9.590903282165527,
        "z": -2.0299766063690186
    },
    "gyroscope": {
        "x": -0.007988371886312962,
        "y": 0.0021293016616255045,
        "z": 0.004792673978954554
    }
}