{
    "acceleration": {
        "x": 0.9414383769035339,
        "y": -9.669356346130371,
        "z": -1.4709974527359009
    },
    "gyroscope": {
        "x": -0.004792673978954554,
        "y": -0.009054767899215221,
        "z": -0.0021293016616255045
    }
}