{
    "acceleration": {
        "x": 2.0495898723602295,
        "y": -4.295312404632568,
        "z": 8.708305358886719
    },
    "gyroscope": {
        "x": -0.014913838356733322,
        "y": -0.04846953600645065,
        "z": 0.010651743970811367
    }
}