{
    "acceleration": {
        "x": 1.2846710681915283,
        "y": -6.9136881828308105,
        "z": 6.854848384857178
    },
    "gyroscope": {
        "x": -0.012782790698111057,
        "y": -0.004260348621755838,
        "z": 0.0005323254154063761
    }
}