{
    "acceleration": {
        "x": 0.40207263827323914,
        "y": -5.3053975105285645,
        "z": 8.286619186401367
    },
    "gyroscope": {
        "x": -0.0010646508308127522,
        "y": -0.005324999336153269,
        "z": -0.0010646508308127522
    }
}