{
    "acceleration": {
        "x": 0.16671304404735565,
        "y": -9.424190521240234,
        "z": -2.5301156044006348
    },
    "gyroscope": {
        "x": -0.004260348621755838,
        "y": -0.0031956976745277643,
        "z": 0.0015969761880114675
    }
}