{
    "acceleration": {
        "x": 0.4805258512496948,
        "y": -9.23786449432373,
        "z": 3.3244543075561523
    },
    "gyroscope": {
        "x": 0.004792673978954554,
        "y": -0.004260348621755838,
        "z": -0.010651743970811367
    }
}