{
    "acceleration": {
        "x": 1.421964168548584,
        "y": -8.472945213317871,
        "z": 4.746418476104736
    },
    "gyroscope": {
        "x": -0.0010646508308127522,
        "y": -0.0010646508308127522,
        "z": -0.0026616270188242197
    }
}