{
    "acceleration": {
        "x": 0.7747253179550171,
        "y": -2.0888164043426514,
        "z": 9.610516548156738
    },
    "gyroscope": {
        "x": -0.008520697243511677,
        "y": -0.007988371886312962,
        "z": 0.006391395349055529
    }
}