{
    "acceleration": {
        "x": 1.1669913530349731,
        "y": -9.64974308013916,
        "z": -1.6573238372802734
    },
    "gyroscope": {
        "x": -0.005324999336153269,
        "y": -0.010651743970811367,
        "z": -0.0015969761880114675
    }
}