{
    "acceleration": {
        "x": 0.7747253179550171,
        "y": -9.845876693725586,
        "z": -0.42168593406677246
    },
    "gyroscope": {
        "x": 0.015978489071130753,
        "y": -0.0031956976745277643,
        "z": -0.009587093256413937
    }
}