{
    "acceleration": {
        "x": 0.14709974825382233,
        "y": -4.60912561416626,
        "z": 8.708305358886719
    },
    "gyroscope": {
        "x": -0.011718139983713627,
        "y": -0.004792673978954554,
        "z": -0.0031956976745277643
    }
}