{
    "acceleration": {
        "x": 0.627625584602356,
        "y": -9.188830375671387,
        "z": 3.4127140045166016
    },
    "gyroscope": {
        "x": -0.0005323254154063761,
        "y": -0.010651743970811367,
        "z": 0.0
    }
}