{
    "acceleration": {
        "x": 1.7259703874588013,
        "y": -7.894352912902832,
        "z": 5.560370445251465
    },
    "gyroscope": {
        "x": -0.008520697243511677,
        "y": -0.008520697243511677,
        "z": 0.0
    }
}