{
    "acceleration": {
        "x": 0.3824593424797058,
        "y": -9.316317558288574,
        "z": -2.637988805770874
    },
    "gyroscope": {
        "x": -0.006923720706254244,
        "y": -0.005859069991856813,
        "z": -0.0015969761880114675
    }
}