{
    "acceleration": {
        "x": 1.8926833868026733,
        "y": -5.472110748291016,
        "z": 8.002225875854492
    },
    "gyroscope": {
        "x": -0.0021293016616255045,
        "y": -0.004792673978954554,
        "z": -0.0005323254154063761
    }
}