{
    "acceleration": {
        "x": 1.618097186088562,
        "y": -1.4709974527359009,
        "z": 9.610516548156738
    },
    "gyroscope": {
        "x": -0.012782790698111057,
        "y": -0.004792673978954554,
        "z": 0.007456046529114246
    }
}