{
    "acceleration": {
        "x": 1.4121575355529785,
        "y": -9.81645679473877,
        "z": 1.2846710681915283
    },
    "gyroscope": {
        "x": 0.006923720706254244,
        "y": 0.003728023264557123,
        "z": -0.0026616270188242197
    }
}