{
    "acceleration": {
        "x": 0.09806649386882782,
        "y": -8.168939590454102,
        "z": -5.403463840484619
    },
    "gyroscope": {
        "x": 0.007988371886312962,
        "y": -0.005859069991856813,
        "z": -0.007456046529114246
    }
}