{
    "acceleration": {
        "x": 1.2748644351959229,
        "y": -8.8554048538208,
        "z": 4.177632808685303
    },
    "gyroscope": {
        "x": -0.010651743970811367,
        "y": -0.004260348621755838,
        "z": 0.0015969761880114675
    }
}