{
    "acceleration": {
        "x": 1.5200307369232178,
        "y": -1.4611908197402954,
        "z": 9.620323181152344
    },
    "gyroscope": {
        "x": -0.013847441412508488,
        "y": -0.008520697243511677,
        "z": 0.0005323254154063761
    }
}