{
    "acceleration": {
        "x": 2.0299766063690186,
        "y": -3.1185145378112793,
        "z": 9.13979721069336
    },
    "gyroscope": {
        "x": -0.009054767899215221,
        "y": -0.0021293016616255045,
        "z": 0.0
    }
}