{
    "acceleration": {
        "x": 0.8825984597206116,
        "y": -8.512171745300293,
        "z": -4.71699857711792
    },
    "gyroscope": {
        "x": -0.007988371886312962,
        "y": -0.004260348621755838,
        "z": -0.0021293016616255045
    }
}