{
    "acceleration": {
        "x": 2.1966896057128906,
        "y": -1.235637903213501,
        "z": 9.522256851196289
    },
    "gyroscope": {
        "x": -0.006923720706254244,
        "y": 0.0,
        "z": 0.0026616270188242197
    }
}