{
    "acceleration": {
        "x": 0.6178189516067505,
        "y": -9.767423629760742,
        "z": 0.8924051523208618
    },
    "gyroscope": {
        "x": -0.009054767899215221,
        "y": -0.0010646508308127522,
        "z": 0.0021293016616255045
    }
}