{
    "acceleration": {
        "x": 0.6766588091850281,
        "y": -8.973084449768066,
        "z": 3.961886405944824
    },
    "gyroscope": {
        "x": -0.007988371886312962,
        "y": -0.004792673978954554,
        "z": 0.0021293016616255045
    }
}