{
    "acceleration": {
        "x": 0.40207263827323914,
        "y": -9.81645679473877,
        "z": -0.3040061295032501
    },
    "gyroscope": {
        "x": -0.003728023264557123,
        "y": -0.004792673978954554,
        "z": 0.0010646508308127522
    }
}