{
    "acceleration": {
        "x": 0.7453053593635559,
        "y": -7.315760612487793,
        "z": 6.541035175323486
    },
    "gyroscope": {
        "x": -0.0031956976745277643,
        "y": -0.0005323254154063761,
        "z": -0.0005323254154063761
    }
}