{
    "acceleration": {
        "x": 1.8436501026153564,
        "y": -8.639657974243164,
        "z": -4.432605743408203
    },
    "gyroscope": {
        "x": 0.003728023264557123,
        "y": 0.006923720706254244,
        "z": -0.004260348621755838
    }
}