{
    "acceleration": {
        "x": 0.6864655017852783,
        "y": -7.590346813201904,
        "z": 6.246835708618164
    },
    "gyroscope": {
        "x": -0.006391395349055529,
        "y": -0.004792673978954554,
        "z": -0.0026616270188242197
    }
}