{
    "acceleration": {
        "x": 1.8730701208114624,
        "y": -9.571290016174316,
        "z": 1.382737636566162
    },
    "gyroscope": {
        "x": -0.01970651187002659,
        "y": -0.008520697243511677,
        "z": 0.0031956976745277643
    }
}