{
    "acceleration": {
        "x": 1.5298373699188232,
        "y": -9.688969612121582,
        "z": -0.09806649386882782
    },
    "gyroscope": {
        "x": -0.007988371886312962,
        "y": -0.004792673978954554,
        "z": 0.0021293016616255045
    }
}