{
    "acceleration": {
        "x": 0.7354987263679504,
        "y": -9.394770622253418,
        "z": -2.9419949054718018
    },
    "gyroscope": {
        "x": 0.009587093256413937,
        "y": -0.0010646508308127522,
        "z": -0.007456046529114246
    }
}