{
    "acceleration": {
        "x": 0.14709974825382233,
        "y": -9.845876693725586,
        "z": 0.32361945509910583
    },
    "gyroscope": {
        "x": -0.012250465340912342,
        "y": -0.006391395349055529,
        "z": 0.0026616270188242197
    }
}