{
    "acceleration": {
        "x": 1.1081514358520508,
        "y": -5.6780500411987305,
        "z": 8.012032508850098
    },
    "gyroscope": {
        "x": 0.0,
        "y": 0.003728023264557123,
        "z": 0.0021293016616255045
    }
}