{
    "acceleration": {
        "x": 2.039783239364624,
        "y": -6.796008110046387,
        "z": 6.874461650848389
    },
    "gyroscope": {
        "x": 0.0010646508308127522,
        "y": 0.0015969761880114675,
        "z": -0.007988371886312962
    }
}