{
    "acceleration": {
        "x": -0.08825984597206116,
        "y": -9.620323181152344,
        "z": 1.9319100379943848
    },
    "gyroscope": {
        "x": -0.0031956976745277643,
        "y": -0.004792673978954554,
        "z": -0.0031956976745277643
    }
}