{
    "acceleration": {
        "x": 0.8433718681335449,
        "y": -4.658158779144287,
        "z": 8.639657974243164
    },
    "gyroscope": {
        "x": -0.0031956976745277643,
        "y": -0.0021293016616255045,
        "z": -0.0021293016616255045
    }
}