{
    "acceleration": {
        "x": -0.03922659903764725,
        "y": -9.061344146728516,
        "z": 3.795173406600952
    },
    "gyroscope": {
        "x": -0.007456046529114246,
        "y": -0.0026616270188242197,
        "z": 0.0010646508308127522
    }
}