{
    "acceleration": {
        "x": 0.5687856674194336,
        "y": -8.414105415344238,
        "z": -4.981778144836426
    },
    "gyroscope": {
        "x": 0.0021293016616255045,
        "y": -0.0021293016616255045,
        "z": -0.004260348621755838
    }
}