{
    "acceleration": {
        "x": 0.34323275089263916,
        "y": -7.815899848937988,
        "z": -5.893796443939209
    },
    "gyroscope": {
        "x": -0.015978489071130753,
        "y": -0.009054767899215221,
        "z": 0.0031956976745277643
    }
}