{
    "acceleration": {
        "x": 0.03922659903764725,
        "y": -6.992141246795654,
        "z": 6.943108081817627
    },
    "gyroscope": {
        "x": 0.0015969761880114675,
        "y": -0.006923720706254244,
        "z": -0.0031956976745277643
    }
}