{
    "acceleration": {
        "x": 0.9610517024993896,
        "y": -9.679162979125977,
        "z": 1.5396440029144287
    },
    "gyroscope": {
        "x": -0.004792673978954554,
        "y": -0.003728023264557123,
        "z": 0.0
    }
}