{
    "acceleration": {
        "x": 0.313812792301178,
        "y": -7.619766712188721,
        "z": 6.207609176635742
    },
    "gyroscope": {
        "x": -0.007456046529114246,
        "y": -0.005324999336153269,
        "z": -0.0010646508308127522
    }
}