{
    "acceleration": {
        "x": 1.2846710681915283,
        "y": -8.571011543273926,
        "z": -4.56989860534668
    },
    "gyroscope": {
        "x": -0.027696629986166954,
        "y": -0.026631977409124374,
        "z": 0.004260348621755838
    }
}