{
    "acceleration": {
        "x": 1.8828767538070679,
        "y": -8.786758422851562,
        "z": 4.128599643707275
    },
    "gyroscope": {
        "x": 0.0005323254154063761,
        "y": 0.0015969761880114675,
        "z": 0.017577210441231728
    }
}