{
    "acceleration": {
        "x": 1.0983448028564453,
        "y": -6.786201477050781,
        "z": 7.031367778778076
    },
    "gyroscope": {
        "x": -0.0026616270188242197,
        "y": 0.0021293016616255045,
        "z": -0.0005323254154063761
    }
}