{
    "acceleration": {
        "x": 1.5690639019012451,
        "y": -4.0893731117248535,
        "z": 8.786758422851562
    },
    "gyroscope": {
        "x": -0.005324999336153269,
        "y": -0.004792673978954554,
        "z": -0.0010646508308127522
    }
}