{
    "acceleration": {
        "x": 1.1669913530349731,
        "y": -4.305119037628174,
        "z": 8.767145156860352
    },
    "gyroscope": {
        "x": -0.0031956976745277643,
        "y": -0.004260348621755838,
        "z": 0.0031956976745277643
    }
}