{
    "acceleration": {
        "x": -0.11767979711294174,
        "y": -8.620044708251953,
        "z": -4.628738880157471
    },
    "gyroscope": {
        "x": -0.007456046529114246,
        "y": -0.005324999336153269,
        "z": 0.0015969761880114675
    }
}