{
    "acceleration": {
        "x": 0.5491724014282227,
        "y": -7.727640151977539,
        "z": 6.001669883728027
    },
    "gyroscope": {
        "x": -0.0031956976745277643,
        "y": -0.006391395349055529,
        "z": -0.004260348621755838
    }
}