{
    "acceleration": {
        "x": 1.1669913530349731,
        "y": -8.659272193908691,
        "z": -4.491445541381836
    },
    "gyroscope": {
        "x": -0.0010646508308127522,
        "y": 0.009587093256413937,
        "z": -0.0005323254154063761
    }
}