{
    "acceleration": {
        "x": 0.5491724014282227,
        "y": -9.83607006072998,
        "z": 0.411879301071167
    },
    "gyroscope": {
        "x": -0.009587093256413937,
        "y": 0.004260348621755838,
        "z": 0.004260348621755838
    }
}