{
    "acceleration": {
        "x": 0.8727918267250061,
        "y": -9.384963989257812,
        "z": 2.7752819061279297
    },
    "gyroscope": {
        "x": -0.006923720706254244,
        "y": -0.004792673978954554,
        "z": 0.003728023264557123
    }
}