{
    "acceleration": {
        "x": 0.627625584602356,
        "y": -5.579983711242676,
        "z": 8.05125904083252
    },
    "gyroscope": {
        "x": 0.0031956976745277643,
        "y": -0.0026616270188242197,
        "z": -0.0026616270188242197
    }
}