{
    "acceleration": {
        "x": 0.509945809841156,
        "y": -9.463417053222656,
        "z": -2.5203089714050293
    },
    "gyroscope": {
        "x": 0.009054767899215221,
        "y": -0.013315116055309772,
        "z": -0.009054767899215221
    }
}