{
    "acceleration": {
        "x": 0.5687856674194336,
        "y": -1.2258312702178955,
        "z": 9.796843528747559
    },
    "gyroscope": {
        "x": -0.004260348621755838,
        "y": -0.0031956976745277643,
        "z": 0.0021293016616255045
    }
}