{
    "acceleration": {
        "x": 0.725692093372345,
        "y": -7.923772811889648,
        "z": -5.756503582000732
    },
    "gyroscope": {
        "x": 0.006391395349055529,
        "y": -0.0015969761880114675,
        "z": -0.006391395349055529
    }
}