{
    "acceleration": {
        "x": 0.9708583354949951,
        "y": -7.9041595458984375,
        "z": 5.825150012969971
    },
    "gyroscope": {
        "x": -0.007456046529114246,
        "y": 0.003728023264557123,
        "z": -0.0021293016616255045
    }
}