{
    "acceleration": {
        "x": 0.27458620071411133,
        "y": -1.5592572689056396,
        "z": 9.73800277709961
    },
    "gyroscope": {
        "x": -0.011184069328010082,
        "y": -0.004260348621755838,
        "z": 0.004792673978954554
    }
}