{
    "acceleration": {
        "x": 0.9708583354949951,
        "y": -1.863263487815857,
        "z": 9.620323181152344
    },
    "gyroscope": {
        "x": -0.006391395349055529,
        "y": -0.0026616270188242197,
        "z": -0.0010646508308127522
    }
}