{
    "acceleration": {
        "x": 0.8924051523208618,
        "y": -2.1770763397216797,
        "z": 9.561483383178711
    },
    "gyroscope": {
        "x": -0.010651743970811367,
        "y": -0.004792673978954554,
        "z": -0.0031956976745277643
    }
}