{
    "acceleration": {
        "x": 1.431770920753479,
        "y": -7.835513114929199,
        "z": -5.697663307189941
    },
    "gyroscope": {
        "x": 0.009054767899215221,
        "y": 0.006923720706254244,
        "z": 0.0
    }
}