{
    "acceleration": {
        "x": 0.47071918845176697,
        "y": -8.316039085388184,
        "z": -5.148490905761719
    },
    "gyroscope": {
        "x": 0.004792673978954554,
        "y": -0.010651743970811367,
        "z": -0.007988371886312962
    }
}