{
    "acceleration": {
        "x": -0.11767979711294174,
        "y": -9.679162979125977,
        "z": -1.647517204284668
    },
    "gyroscope": {
        "x": -0.006923720706254244,
        "y": -0.0005323254154063761,
        "z": -0.0015969761880114675
    }
}