{
    "acceleration": {
        "x": 1.2748644351959229,
        "y": -2.9125750064849854,
        "z": 9.32612419128418
    },
    "gyroscope": {
        "x": -0.0026616270188242197,
        "y": -0.0026616270188242197,
        "z": -0.0015969761880114675
    }
}