{
    "acceleration": {
        "x": 1.4415775537490845,
        "y": -9.120183944702148,
        "z": -3.1185145378112793
    },
    "gyroscope": {
        "x": 0.0026616270188242197,
        "y": 0.0015969761880114675,
        "z": 0.0015969761880114675
    }
}