{
    "acceleration": {
        "x": 1.0296982526779175,
        "y": -8.786758422851562,
        "z": 4.285505771636963
    },
    "gyroscope": {
        "x": -0.008520697243511677,
        "y": -0.003728023264557123,
        "z": 0.0015969761880114675
    }
}