{
    "acceleration": {
        "x": 1.637710452079773,
        "y": -9.13979721069336,
        "z": 3.334260940551758
    },
    "gyroscope": {
        "x": 0.0015969761880114675,
        "y": 0.0,
        "z": -0.004792673978954554
    }
}