{
    "acceleration": {
        "x": 1.3042844533920288,
        "y": -1.402350902557373,
        "z": 9.64974308013916
    },
    "gyroscope": {
        "x": -0.007456046529114246,
        "y": -0.0031956976745277643,
        "z": 0.0021293016616255045
    }
}