{
    "acceleration": {
        "x": 1.3925442695617676,
        "y": -4.412992477416992,
        "z": 8.688692092895508
    },
    "gyroscope": {
        "x": -0.007988371886312962,
        "y": -0.005859069991856813,
        "z": 0.005324999336153269
    }
}