{
    "acceleration": {
        "x": 1.4906107187271118,
        "y": -6.923494815826416,
        "z": 6.903881549835205
    },
    "gyroscope": {
        "x": -0.014913838356733322,
        "y": -0.005859069991856813,
        "z": 0.006923720706254244
    }
}