{
    "acceleration": {
        "x": -1.9319100379943848,
        "y": -3.9030466079711914,
        "z": 8.825984954833984
    },
    "gyroscope": {
        "x": 0.007456046529114246,
        "y": -0.010651743970811367,
        "z": 0.005859069991856813
    }
}