{
    "acceleration": {
        "x": -2.8929617404937744,
        "y": -4.393379211425781,
        "z": 8.316039085388184
    },
    "gyroscope": {
        "x": -0.011718139983713627,
        "y": -0.009054767899215221,
        "z": 0.003728023264557123
    }
}