{
    "acceleration": {
        "x": -1.9515233039855957,
        "y": -9.21825122833252,
        "z": -2.9616081714630127
    },
    "gyroscope": {
        "x": -0.0031956976745277643,
        "y": 0.0,
        "z": -0.0026616270188242197
    }
}