{
    "acceleration": {
        "x": -2.1280429363250732,
        "y": -9.247671127319336,
        "z": -2.785088539123535
    },
    "gyroscope": {
        "x": -0.006391395349055529,
        "y": -0.005859069991856813,
        "z": -0.0021293016616255045
    }
}