{
    "acceleration": {
        "x": -2.6085689067840576,
        "y": -6.874461650848389,
        "z": 6.541035175323486
    },
    "gyroscope": {
        "x": -0.009587093256413937,
        "y": -0.005859069991856813,
        "z": 0.0005323254154063761
    }
}