{
    "acceleration": {
        "x": -1.3337043523788452,
        "y": -8.963277816772461,
        "z": -3.6382670402526855
    },
    "gyroscope": {
        "x": -0.006391395349055529,
        "y": -0.008520697243511677,
        "z": 0.0005323254154063761
    }
}