{
    "acceleration": {
        "x": -0.6374322175979614,
        "y": -9.845876693725586,
        "z": -0.22555294632911682
    },
    "gyroscope": {
        "x": 0.013847441412508488,
        "y": -0.011718139983713627,
        "z": -0.003728023264557123
    }
}