{
    "acceleration": {
        "x": -1.9221034049987793,
        "y": -9.532063484191895,
        "z": 1.4709974527359009
    },
    "gyroscope": {
        "x": -0.008520697243511677,
        "y": -0.004260348621755838,
        "z": -0.0010646508308127522
    }
}