{
    "acceleration": {
        "x": -1.6573238372802734,
        "y": -5.727083683013916,
        "z": 7.776673316955566
    },
    "gyroscope": {
        "x": -0.005324999336153269,
        "y": 0.007456046529114246,
        "z": -0.005859069991856813
    }
}