{
    "acceleration": {
        "x": -0.6962721347808838,
        "y": -9.179023742675781,
        "z": -3.6382670402526855
    },
    "gyroscope": {
        "x": -0.005324999336153269,
        "y": -0.0031956976745277643,
        "z": 0.0015969761880114675
    }
}