{
    "acceleration": {
        "x": -2.265336036682129,
        "y": -8.100293159484863,
        "z": 5.109264373779297
    },
    "gyroscope": {
        "x": -0.010651743970811367,
        "y": 0.004260348621755838,
        "z": 0.0005323254154063761
    }
}