{
    "acceleration": {
        "x": -1.81423020362854,
        "y": -4.2560858726501465,
        "z": 8.708305358886719
    },
    "gyroscope": {
        "x": 0.008520697243511677,
        "y": -0.005859069991856813,
        "z": 0.0015969761880114675
    }
}