{
    "acceleration": {
        "x": -2.079009771347046,
        "y": -8.45333194732666,
        "z": -4.4816389083862305
    },
    "gyroscope": {
        "x": -0.005859069991856813,
        "y": 0.0021293016616255045,
        "z": 0.005859069991856813
    }
}