{
    "acceleration": {
        "x": -2.6281821727752686,
        "y": -8.423912048339844,
        "z": -4.187439441680908
    },
    "gyroscope": {
        "x": -0.004260348621755838,
        "y": 0.003728023264557123,
        "z": -0.0015969761880114675
    }
}