{
    "acceleration": {
        "x": -1.7651969194412231,
        "y": -9.100570678710938,
        "z": 2.9321882724761963
    },
    "gyroscope": {
        "x": 0.007456046529114246,
        "y": -0.0031956976745277643,
        "z": -0.006391395349055529
    }
}