{
    "acceleration": {
        "x": -2.1574628353118896,
        "y": -9.45361042022705,
        "z": 1.8044235706329346
    },
    "gyroscope": {
        "x": -0.012250465340912342,
        "y": -0.0031956976745277643,
        "z": -0.0005323254154063761
    }
}