{
    "acceleration": {
        "x": -2.079009771347046,
        "y": -9.532063484191895,
        "z": -0.04903324693441391
    },
    "gyroscope": {
        "x": 0.011184069328010082,
        "y": -0.008520697243511677,
        "z": -0.003728023264557123
    }
}