{
    "acceleration": {
        "x": -2.5497288703918457,
        "y": -2.324176073074341,
        "z": 9.228057861328125
    },
    "gyroscope": {
        "x": 0.003728023264557123,
        "y": -0.012782790698111057,
        "z": 0.0026616270188242197
    }
}