{
    "acceleration": {
        "x": -0.42168593406677246,
        "y": -3.4715540409088135,
        "z": 9.15941047668457
    },
    "gyroscope": {
        "x": -0.04634023457765579,
        "y": 0.0015969761880114675,
        "z": 0.0026616270188242197
    }
}