{
    "acceleration": {
        "x": -2.5399222373962402,
        "y": -4.295312404632568,
        "z": 8.472945213317871
    },
    "gyroscope": {
        "x": 0.007988371886312962,
        "y": -0.014379767701029778,
        "z": 0.0021293016616255045
    }
}