{
    "acceleration": {
        "x": -2.8537349700927734,
        "y": -9.012310981750488,
        "z": -2.90276837348938
    },
    "gyroscope": {
        "x": 0.006391395349055529,
        "y": -0.017043139785528183,
        "z": -0.006391395349055529
    }
}