{
    "acceleration": {
        "x": -0.47071918845176697,
        "y": -6.325289249420166,
        "z": 7.580540180206299
    },
    "gyroscope": {
        "x": -0.017043139785528183,
        "y": 0.013847441412508488,
        "z": 0.004260348621755838
    }
}