{
    "acceleration": {
        "x": -1.3337043523788452,
        "y": -8.688692092895508,
        "z": 4.363959312438965
    },
    "gyroscope": {
        "x": -0.010651743970811367,
        "y": -0.0026616270188242197,
        "z": 0.0021293016616255045
    }
}