{
    "acceleration": {
        "x": -1.5396440029144287,
        "y": -2.8929617404937744,
        "z": 9.375157356262207
    },
    "gyroscope": {
        "x": -0.005859069991856813,
        "y": -0.008520697243511677,
        "z": 0.006391395349055529
    }
}