{
    "acceleration": {
        "x": -1.7651969194412231,
        "y": -7.953193187713623,
        "z": 5.46230411529541
    },
    "gyroscope": {
        "x": -0.0005323254154063761,
        "y": 0.003728023264557123,
        "z": -0.0015969761880114675
    }
}