{
    "acceleration": {
        "x": -1.3042844533920288,
        "y": -9.718389511108398,
        "z": -0.7453053593635559
    },
    "gyroscope": {
        "x": -0.004260348621755838,
        "y": 0.0005323254154063761,
        "z": 0.0
    }
}