{
    "acceleration": {
        "x": -2.098623037338257,
        "y": -6.864655017852783,
        "z": 6.7077484130859375
    },
    "gyroscope": {
        "x": -0.012250465340912342,
        "y": 0.004260348621755838,
        "z": 0.004260348621755838
    }
}