{
    "acceleration": {
        "x": -1.6573238372802734,
        "y": -1.9613299369812012,
        "z": 9.512450218200684
    },
    "gyroscope": {
        "x": -0.02716430276632309,
        "y": -0.013315116055309772,
        "z": 0.0031956976745277643
    }
}