{
    "acceleration": {
        "x": -0.6080122590065002,
        "y": -9.600709915161133,
        "z": 2.3143694400787354
    },
    "gyroscope": {
        "x": 0.02183755859732628,
        "y": -0.02929535135626793,
        "z": -0.004260348621755838
    }
}