{
    "acceleration": {
        "x": -2.1084296703338623,
        "y": -8.198359489440918,
        "z": 5.011198043823242
    },
    "gyroscope": {
        "x": -0.015978489071130753,
        "y": 0.0005323254154063761,
        "z": 0.0005323254154063761
    }
}