{
    "acceleration": {
        "x": -1.8436501026153564,
        "y": -7.10982084274292,
        "z": 6.5018086433410645
    },
    "gyroscope": {
        "x": -0.004792673978954554,
        "y": -0.009054767899215221,
        "z": -0.0010646508308127522
    }
}