{
    "acceleration": {
        "x": -2.7262487411499023,
        "y": -2.000556468963623,
        "z": 9.23786449432373
    },
    "gyroscope": {
        "x": -0.012250465340912342,
        "y": -0.005859069991856813,
        "z": 0.0031956976745277643
    }
}