{
    "acceleration": {
        "x": -2.324176073074341,
        "y": -9.286897659301758,
        "z": 2.2751426696777344
    },
    "gyroscope": {
        "x": 0.0010646508308127522,
        "y": 0.0026616270188242197,
        "z": 0.0015969761880114675
    }
}