{
    "acceleration": {
        "x": -1.9319100379943848,
        "y": -8.276812553405762,
        "z": -4.785645008087158
    },
    "gyroscope": {
        "x": -0.0005323254154063761,
        "y": -0.009054767899215221,
        "z": -0.006391395349055529
    }
}