{
    "acceleration": {
        "x": -0.5883989930152893,
        "y": -8.443525314331055,
        "z": 5.040617942810059
    },
    "gyroscope": {
        "x": 0.005859069991856813,
        "y": -0.012250465340912342,
        "z": 0.0021293016616255045
    }
}