{
    "acceleration": {
        "x": -1.7357770204544067,
        "y": -8.482751846313477,
        "z": 4.618932247161865
    },
    "gyroscope": {
        "x": -0.0031956976745277643,
        "y": 0.005324999336153269,
        "z": 0.0005323254154063761
    }
}