{
    "acceleration": {
        "x": -2.5889556407928467,
        "y": -8.345458984375,
        "z": 4.471832275390625
    },
    "gyroscope": {
        "x": -0.010119418613612652,
        "y": -0.0010646508308127522,
        "z": 0.0
    }
}