{
    "acceleration": {
        "x": -2.971414804458618,
        "y": -7.050981044769287,
        "z": 6.148769378662109
    },
    "gyroscope": {
        "x": -0.019174186512827873,
        "y": -0.007456046529114246,
        "z": -0.004792673978954554
    }
}