{
    "acceleration": {
        "x": -2.785088539123535,
        "y": -7.766866683959961,
        "z": 5.31520414352417
    },
    "gyroscope": {
        "x": -0.010651743970811367,
        "y": 0.0,
        "z": -0.0026616270188242197
    }
}