{
    "acceleration": {
        "x": -2.991028070449829,
        "y": -9.286897659301758,
        "z": 1.019891619682312
    },
    "gyroscope": {
        "x": -0.010651743970811367,
        "y": -0.0015969761880114675,
        "z": -0.004792673978954554
    }
}