{
    "acceleration": {
        "x": -1.0493115186691284,
        "y": -1.019891619682312,
        "z": 9.718389511108398
    },
    "gyroscope": {
        "x": -0.005324999336153269,
        "y": -0.003728023264557123,
        "z": -0.0021293016616255045
    }
}