{
    "acceleration": {
        "x": -1.7161637544631958,
        "y": -5.177911281585693,
        "z": 8.227779388427734
    },
    "gyroscope": {
        "x": -0.013315116055309772,
        "y": -0.0015969761880114675,
        "z": 0.0010646508308127522
    }
}