{
    "acceleration": {
        "x": -2.1084296703338623,
        "y": -0.9316317439079285,
        "z": 9.581096649169922
    },
    "gyroscope": {
        "x": -0.003728023264557123,
        "y": -0.004792673978954554,
        "z": -0.0021293016616255045
    }
}