{
    "acceleration": {
        "x": -2.8145084381103516,
        "y": -9.404577255249023,
        "z": 0.34323275089263916
    },
    "gyroscope": {
        "x": -0.020240582525730133,
        "y": 0.0010646508308127522,
        "z": -0.0015969761880114675
    }
}