{
    "acceleration": {
        "x": -3.010641574859619,
        "y": -9.198637008666992,
        "z": -1.9024900197982788
    },
    "gyroscope": {
        "x": -0.0015969761880114675,
        "y": -0.013847441412508488,
        "z": -0.005324999336153269
    }
}