{
    "acceleration": {
        "x": -1.833843469619751,
        "y": -1.3042844533920288,
        "z": 9.561483383178711
    },
    "gyroscope": {
        "x": -0.009054767899215221,
        "y": 0.006923720706254244,
        "z": -0.004260348621755838
    }
}