{
    "acceleration": {
        "x": -2.0299766063690186,
        "y": -9.080957412719727,
        "z": 3.1381278038024902
    },
    "gyroscope": {
        "x": 0.007988371886312962,
        "y": -0.0005323254154063761,
        "z": 0.0010646508308127522
    }
}