{
    "acceleration": {
        "x": -1.9024900197982788,
        "y": -9.394770622253418,
        "z": -2.9321882724761963
    },
    "gyroscope": {
        "x": -0.018109535798430443,
        "y": 0.004792673978954554,
        "z": 0.0
    }
}