{
    "acceleration": {
        "x": -1.186604619026184,
        "y": -3.6186537742614746,
        "z": 9.090764045715332
    },
    "gyroscope": {
        "x": -0.009054767899215221,
        "y": -0.006923720706254244,
        "z": -0.0005323254154063761
    }
}