{
    "acceleration": {
        "x": -2.9125750064849854,
        "y": -7.992419719696045,
        "z": -5.099457740783691
    },
    "gyroscope": {
        "x": 0.005324999336153269,
        "y": -0.014913838356733322,
        "z": -0.0026616270188242197
    }
}