{
    "acceleration": {
        "x": -2.1378495693206787,
        "y": -3.481360673904419,
        "z": 8.94366455078125
    },
    "gyroscope": {
        "x": -0.015446163713932037,
        "y": 0.004260348621755838,
        "z": -0.0031956976745277643
    }
}