{
    "acceleration": {
        "x": -1.8534568548202515,
        "y": -7.207887649536133,
        "z": -6.138962745666504
    },
    "gyroscope": {
        "x": 0.015446163713932037,
        "y": -0.012782790698111057,
        "z": -0.007456046529114246
    }
}