{
    "acceleration": {
        "x": -1.9907499551773071,
        "y": -8.168939590454102,
        "z": 5.138684272766113
    },
    "gyroscope": {
        "x": -0.004792673978954554,
        "y": 0.004260348621755838,
        "z": 0.004792673978954554
    }
}