{
    "acceleration": {
        "x": -2.7752819061279297,
        "y": -8.83579158782959,
        "z": 3.177354574203491
    },
    "gyroscope": {
        "x": -0.011718139983713627,
        "y": 0.0010646508308127522,
        "z": -0.006923720706254244
    }
}