{
    "acceleration": {
        "x": -2.41243577003479,
        "y": -0.5883989930152893,
        "z": 9.502643585205078
    },
    "gyroscope": {
        "x": -0.005324999336153269,
        "y": -0.015446163713932037,
        "z": 0.0005323254154063761
    }
}