{
    "acceleration": {
        "x": -1.8828767538070679,
        "y": -9.532063484191895,
        "z": 0.7649186849594116
    },
    "gyroscope": {
        "x": -0.004260348621755838,
        "y": -0.0021293016616255045,
        "z": -0.0015969761880114675
    }
}