{
    "acceleration": {
        "x": -1.9024900197982788,
        "y": -8.188552856445312,
        "z": -4.97197151184082
    },
    "gyroscope": {
        "x": 0.0026616270188242197,
        "y": -0.0015969761880114675,
        "z": -0.003728023264557123
    }
}