{
    "acceleration": {
        "x": -0.6962721347808838,
        "y": -7.708026885986328,
        "z": -5.629016876220703
    },
    "gyroscope": {
        "x": -0.025565581396222115,
        "y": 0.0015969761880114675,
        "z": 0.007988371886312962
    }
}