{
    "acceleration": {
        "x": -2.736055374145508,
        "y": -5.050424575805664,
        "z": 8.021839141845703
    },
    "gyroscope": {
        "x": 0.0005323254154063761,
        "y": 0.005324999336153269,
        "z": 0.006923720706254244
    }
}