{
    "acceleration": {
        "x": -2.2947559356689453,
        "y": -9.492836952209473,
        "z": -0.7943386435508728
    },
    "gyroscope": {
        "x": -0.0015969761880114675,
        "y": -0.0021293016616255045,
        "z": -0.0005323254154063761
    }
}