{
    "acceleration": {
        "x": -2.059396505355835,
        "y": -7.551120281219482,
        "z": -5.648630142211914
    },
    "gyroscope": {
        "x": -0.0458061657845974,
        "y": 0.011184069328010082,
        "z": 0.014913838356733322
    }
}