{
    "acceleration": {
        "x": -2.1770763397216797,
        "y": -6.325289249420166,
        "z": 7.188274383544922
    },
    "gyroscope": {
        "x": -0.015446163713932037,
        "y": 0.0015969761880114675,
        "z": 0.004260348621755838
    }
}