{
    "acceleration": {
        "x": -2.039783239364624,
        "y": -5.893796443939209,
        "z": 7.570733547210693
    },
    "gyroscope": {
        "x": -0.012250465340912342,
        "y": -0.014379767701029778,
        "z": 0.0010646508308127522
    }
}