{
    "acceleration": {
        "x": -1.8534568548202515,
        "y": -9.365350723266602,
        "z": -1.5788706541061401
    },
    "gyroscope": {
        "x": -0.0415458157658577,
        "y": 0.003728023264557123,
        "z": 0.004260348621755838
    }
}