{
    "acceleration": {
        "x": -1.3238977193832397,
        "y": -9.473223686218262,
        "z": 2.265336036682129
    },
    "gyroscope": {
        "x": -0.007988371886312962,
        "y": -0.003728023264557123,
        "z": -0.0005323254154063761
    }
}