{
    "acceleration": {
        "x": -1.8240368366241455,
        "y": -3.1381278038024902,
        "z": 9.071150779724121
    },
    "gyroscope": {
        "x": 0.019174186512827873,
        "y": 0.006923720706254244,
        "z": 0.0010646508308127522
    }
}