{
    "acceleration": {
        "x": -3.03025484085083,
        "y": -7.815899848937988,
        "z": -5.040617942810059
    },
    "gyroscope": {
        "x": 0.007456046529114246,
        "y": -0.011184069328010082,
        "z": -0.005324999336153269
    }
}