{
    "acceleration": {
        "x": -1.8926833868026733,
        "y": -8.992697715759277,
        "z": 3.5402004718780518
    },
    "gyroscope": {
        "x": 0.015446163713932037,
        "y": -0.0021293016616255045,
        "z": 0.0031956976745277643
    }
}