{
    "acceleration": {
        "x": -1.6965503692626953,
        "y": -1.9024900197982788,
        "z": 9.522256851196289
    },
    "gyroscope": {
        "x": 0.01970651187002659,
        "y": -0.004260348621755838,
        "z": 0.0015969761880114675
    }
}