{
    "acceleration": {
        "x": -1.9319100379943848,
        "y": -9.384963989257812,
        "z": -2.147656202316284
    },
    "gyroscope": {
        "x": -0.017577210441231728,
        "y": 0.005324999336153269,
        "z": 0.010119418613612652
    }
}