{
    "acceleration": {
        "x": -2.28494930267334,
        "y": -8.629851341247559,
        "z": -4.050146579742432
    },
    "gyroscope": {
        "x": -0.0026616270188242197,
        "y": 0.0015969761880114675,
        "z": 0.006391395349055529
    }
}