{
    "acceleration": {
        "x": -2.1378495693206787,
        "y": -9.443803787231445,
        "z": -1.6573238372802734
    },
    "gyroscope": {
        "x": 0.0021293016616255045,
        "y": -0.009054767899215221,
        "z": -0.003728023264557123
    }
}