{
    "acceleration": {
        "x": -1.9024900197982788,
        "y": -8.659272193908691,
        "z": 4.158019542694092
    },
    "gyroscope": {
        "x": -0.014913838356733322,
        "y": -0.011718139983713627,
        "z": 0.0005323254154063761
    }
}