{
    "acceleration": {
        "x": -2.5889556407928467,
        "y": -9.473223686218262,
        "z": -0.313812792301178
    },
    "gyroscope": {
        "x": -0.007988371886312962,
        "y": -0.003728023264557123,
        "z": 0.0005323254154063761
    }
}