{
    "acceleration": {
        "x": -1.2944778203964233,
        "y": -7.276534080505371,
        "z": 6.472388744354248
    },
    "gyroscope": {
        "x": -0.007456046529114246,
        "y": -0.006391395349055529,
        "z": -0.0015969761880114675
    }
}