{
    "acceleration": {
        "x": -2.5889556407928467,
        "y": -9.23786449432373,
        "z": 2.1182363033294678
    },
    "gyroscope": {
        "x": -0.006923720706254244,
        "y": -0.009587093256413937,
        "z": -0.0005323254154063761
    }
}