{
    "acceleration": {
        "x": -2.991028070449829,
        "y": -8.443525314331055,
        "z": 3.9913065433502197
    },
    "gyroscope": {
        "x": -0.02290220931172371,
        "y": 0.0,
        "z": -0.007456046529114246
    }
}