{
    "acceleration": {
        "x": 1.1375713348388672,
        "y": -9.443803787231445,
        "z": -2.3339827060699463
    },
    "gyroscope": {
        "x": -0.009054767899215221,
        "y": -0.009587093256413937,
        "z": 0.0010646508308127522
    }
}