{
    "acceleration": {
        "x": 0.6374322175979614,
        "y": -3.295034408569336,
        "z": 9.267284393310547
    },
    "gyroscope": {
        "x": 0.0,
        "y": -0.005859069991856813,
        "z": 0.0005323254154063761
    }
}