{
    "acceleration": {
        "x": 1.618097186088562,
        "y": -4.775838375091553,
        "z": 8.482751846313477
    },
    "gyroscope": {
        "x": -0.0015969761880114675,
        "y": 0.0010646508308127522,
        "z": -0.004260348621755838
    }
}