{
    "acceleration": {
        "x": 1.5592572689056396,
        "y": -2.7262487411499023,
        "z": 9.335930824279785
    },
    "gyroscope": {
        "x": -0.014379767701029778,
        "y": -0.0031956976745277643,
        "z": 0.006923720706254244
    }
}