{
    "acceleration": {
        "x": 0.42168593406677246,
        "y": -8.806371688842773,
        "z": -4.295312404632568
    },
    "gyroscope": {
        "x": 0.004260348621755838,
        "y": 0.011718139983713627,
        "z": 0.0010646508308127522
    }
}