{
    "acceleration": {
        "x": 1.0591181516647339,
        "y": -2.41243577003479,
        "z": 9.483030319213867
    },
    "gyroscope": {
        "x": -0.0010646508308127522,
        "y": 0.006391395349055529,
        "z": -0.009054767899215221
    }
}