{
    "acceleration": {
        "x": 1.5102241039276123,
        "y": -5.217137813568115,
        "z": 8.198359489440918
    },
    "gyroscope": {
        "x": -0.015978489071130753,
        "y": -0.0021293016616255045,
        "z": 0.0005323254154063761
    }
}