{
    "acceleration": {
        "x": 0.29419949650764465,
        "y": -9.286897659301758,
        "z": -3.147934675216675
    },
    "gyroscope": {
        "x": -0.0005323254154063761,
        "y": -0.0005323254154063761,
        "z": -0.0026616270188242197
    }
}