{
    "acceleration": {
        "x": 1.1277647018432617,
        "y": -7.835513114929199,
        "z": -5.717276573181152
    },
    "gyroscope": {
        "x": -0.010119418613612652,
        "y": -0.005859069991856813,
        "z": 0.0031956976745277643
    }
}