{
    "acceleration": {
        "x": 1.4808040857315063,
        "y": -4.82487154006958,
        "z": 8.463138580322266
    },
    "gyroscope": {
        "x": -0.004792673978954554,
        "y": -0.004792673978954554,
        "z": 0.0010646508308127522
    }
}