{
    "acceleration": {
        "x": 1.382737636566162,
        "y": -9.561483383178711,
        "z": -1.421964168548584
    },
    "gyroscope": {
        "x": -0.0031956976745277643,
        "y": -0.0010646508308127522,
        "z": -0.0005323254154063761
    }
}