{
    "acceleration": {
        "x": 0.7649186849594116,
        "y": -1.3337043523788452,
        "z": 9.747809410095215
    },
    "gyroscope": {
        "x": -0.009054767899215221,
        "y": -0.0015969761880114675,
        "z": 0.0005323254154063761
    }
}