{
    "acceleration": {
        "x": 1.255251169204712,
        "y": -4.82487154006958,
        "z": 8.482751846313477
    },
    "gyroscope": {
        "x": -0.0005323254154063761,
        "y": 0.004792673978954554,
        "z": -0.0026616270188242197
    }
}