{
    "acceleration": {
        "x": 0.13729310035705566,
        "y": -7.7570600509643555,
        "z": -6.021283149719238
    },
    "gyroscope": {
        "x": -0.018109535798430443,
        "y": -0.009587093256413937,
        "z": 0.0015969761880114675
    }
}