{
    "acceleration": {
        "x": 0.45110589265823364,
        "y": -9.75761604309082,
        "z": 1.1669913530349731
    },
    "gyroscope": {
        "x": -0.010119418613612652,
        "y": -0.0031956976745277643,
        "z": 0.0005323254154063761
    }
}