{
    "acceleration": {
        "x": 1.3533176183700562,
        "y": -2.1378495693206787,
        "z": 9.522256851196289
    },
    "gyroscope": {
        "x": -0.007988371886312962,
        "y": 0.0015969761880114675,
        "z": 0.0010646508308127522
    }
}