{
    "acceleration": {
        "x": 1.1179580688476562,
        "y": -9.041730880737305,
        "z": 3.814786672592163
    },
    "gyroscope": {
        "x": -0.004792673978954554,
        "y": -0.008520697243511677,
        "z": -0.006923720706254244
    }
}