{
    "acceleration": {
        "x": 1.3140910863876343,
        "y": -9.492836952209473,
        "z": -2.0888164043426514
    },
    "gyroscope": {
        "x": 0.0010646508308127522,
        "y": 0.003728023264557123,
        "z": 0.0015969761880114675
    }
}