{
    "acceleration": {
        "x": 1.5298373699188232,
        "y": -9.120183944702148,
        "z": 3.402907371520996
    },
    "gyroscope": {
        "x": -0.0015969761880114675,
        "y": -0.008520697243511677,
        "z": -0.005859069991856813
    }
}