{
    "acceleration": {
        "x": 0.19613298773765564,
        "y": -9.296704292297363,
        "z": -3.0596747398376465
    },
    "gyroscope": {
        "x": -0.0026616270188242197,
        "y": -0.011184069328010082,
        "z": -0.0010646508308127522
    }
}