{
    "acceleration": {
        "x": 0.7943386435508728,
        "y": -9.129990577697754,
        "z": 3.608847141265869
    },
    "gyroscope": {
        "x": 0.0026616270188242197,
        "y": 0.003728023264557123,
        "z": 0.0005323254154063761
    }
}