{
    "acceleration": {
        "x": 1.4121575355529785,
        "y": -8.669078826904297,
        "z": -4.422799110412598
    },
    "gyroscope": {
        "x": -0.0021293016616255045,
        "y": -0.0015969761880114675,
        "z": -0.004792673978954554
    }
}