{
    "acceleration": {
        "x": 0.6570455431938171,
        "y": -4.618932247161865,
        "z": 8.718111991882324
    },
    "gyroscope": {
        "x": -0.007988371886312962,
        "y": 0.0005323254154063761,
        "z": -0.004260348621755838
    }
}