{
    "acceleration": {
        "x": 1.5494506359100342,
        "y": -7.1490478515625,
        "z": 6.541035175323486
    },
    "gyroscope": {
        "x": -0.004792673978954554,
        "y": -0.0005323254154063761,
        "z": -0.0015969761880114675
    }
}