{
    "acceleration": {
        "x": 1.1767979860305786,
        "y": -8.669078826904297,
        "z": -4.383572578430176
    },
    "gyroscope": {
        "x": -0.0031956976745277643,
        "y": 0.0021293016616255045,
        "z": 0.004260348621755838
    }
}