{
    "acceleration": {
        "x": 1.5788706541061401,
        "y": -6.648908615112305,
        "z": 7.119627952575684
    },
    "gyroscope": {
        "x": -0.003728023264557123,
        "y": -0.0005323254154063761,
        "z": -0.0005323254154063761
    }
}