{
    "acceleration": {
        "x": 0.23535959422588348,
        "y": -9.796843528747559,
        "z": -0.21574629843235016
    },
    "gyroscope": {
        "x": 0.0015969761880114675,
        "y": -0.004260348621755838,
        "z": -0.0031956976745277643
    }
}