{
    "acceleration": {
        "x": 0.509945809841156,
        "y": -5.374043941497803,
        "z": 8.217972755432129
    },
    "gyroscope": {
        "x": 0.005859069991856813,
        "y": -0.0015969761880114675,
        "z": -0.005324999336153269
    }
}