{
    "acceleration": {
        "x": 0.6080122590065002,
        "y": -5.854569911956787,
        "z": 7.9041595458984375
    },
    "gyroscope": {
        "x": -0.010119418613612652,
        "y": -0.009054767899215221,
        "z": -0.0026616270188242197
    }
}