{
    "acceleration": {
        "x": 0.9022117853164673,
        "y": -9.394770622253418,
        "z": -2.618375539779663
    },
    "gyroscope": {
        "x": -0.010119418613612652,
        "y": -0.0031956976745277643,
        "z": 0.004260348621755838
    }
}