{
    "acceleration": {
        "x": 1.2258312702178955,
        "y": -9.75761604309082,
        "z": 0.19613298773765564
    },
    "gyroscope": {
        "x": -0.007456046529114246,
        "y": -0.004260348621755838,
        "z": 0.0005323254154063761
    }
}