{
    "acceleration": {
        "x": 1.667130470275879,
        "y": -5.785923480987549,
        "z": 7.796286582946777
    },
    "gyroscope": {
        "x": -0.007988371886312962,
        "y": -0.010119418613612652,
        "z": 0.0015969761880114675
    }
}