{
    "acceleration": {
        "x": 0.9316317439079285,
        "y": -9.375157356262207,
        "z": -2.824315071105957
    },
    "gyroscope": {
        "x": 0.0010646508308127522,
        "y": -0.0031956976745277643,
        "z": -0.004260348621755838
    }
}