{
    "acceleration": {
        "x": 0.9022117853164673,
        "y": -7.85512638092041,
        "z": 5.874183177947998
    },
    "gyroscope": {
        "x": -0.004260348621755838,
        "y": 0.0010646508308127522,
        "z": 0.0026616270188242197
    }
}