{
    "acceleration": {
        "x": 0.6472389101982117,
        "y": -9.414383888244629,
        "z": -2.5889556407928467
    },
    "gyroscope": {
        "x": -0.015446163713932037,
        "y": -0.007988371886312962,
        "z": 0.003728023264557123
    }
}