{
    "acceleration": {
        "x": 1.402350902557373,
        "y": -8.07087230682373,
        "z": -5.325010776519775
    },
    "gyroscope": {
        "x": 0.006923720706254244,
        "y": 0.0,
        "z": -0.004260348621755838
    }
}