{
    "acceleration": {
        "x": 0.3922659754753113,
        "y": -8.07087230682373,
        "z": 5.638823509216309
    },
    "gyroscope": {
        "x": -0.010119418613612652,
        "y": 0.007456046529114246,
        "z": 0.0026616270188242197
    }
}