{
    "acceleration": {
        "x": 0.5197524428367615,
        "y": -8.649465560913086,
        "z": 4.599318504333496
    },
    "gyroscope": {
        "x": -0.006391395349055529,
        "y": -0.0015969761880114675,
        "z": 0.0005323254154063761
    }
}