{
    "acceleration": {
        "x": 0.27458620071411133,
        "y": -8.276812553405762,
        "z": -5.217137813568115
    },
    "gyroscope": {
        "x": -0.006391395349055529,
        "y": 0.005324999336153269,
        "z": 0.0021293016616255045
    }
}