{
    "acceleration": {
        "x": 0.5197524428367615,
        "y": -7.992419719696045,
        "z": 5.746696949005127
    },
    "gyroscope": {
        "x": 0.0015969761880114675,
        "y": -0.0031956976745277643,
        "z": -0.0010646508308127522
    }
}