{
    "acceleration": {
        "x": 1.2160245180130005,
        "y": -8.374878883361816,
        "z": -4.883711814880371
    },
    "gyroscope": {
        "x": -0.005859069991856813,
        "y": -0.005324999336153269,
        "z": 0.0015969761880114675
    }
}