{
    "acceleration": {
        "x": 1.1669913530349731,
        "y": -9.532063484191895,
        "z": -2.059396505355835
    },
    "gyroscope": {
        "x": -0.004792673978954554,
        "y": -0.0015969761880114675,
        "z": 0.004260348621755838
    }
}