{
    "acceleration": {
        "x": 1.3435109853744507,
        "y": -8.718111991882324,
        "z": 4.334539413452148
    },
    "gyroscope": {
        "x": -0.014913838356733322,
        "y": -0.005859069991856813,
        "z": 0.003728023264557123
    }
}