{
    "acceleration": {
        "x": 1.3631243705749512,
        "y": -9.73800277709961,
        "z": 0.509945809841156
    },
    "gyroscope": {
        "x": 0.0021293016616255045,
        "y": -0.0010646508308127522,
        "z": -0.005324999336153269
    }
}