{
    "acceleration": {
        "x": 0.9414383769035339,
        "y": -9.73800277709961,
        "z": 1.0983448028564453
    },
    "gyroscope": {
        "x": -0.003728023264557123,
        "y": 0.0010646508308127522,
        "z": 0.003728023264557123
    }
}