{
    "acceleration": {
        "x": 0.40207263827323914,
        "y": -9.64974308013916,
        "z": -1.402350902557373
    },
    "gyroscope": {
        "x": -0.015978489071130753,
        "y": -0.013315116055309772,
        "z": 0.0
    }
}