{
    "acceleration": {
        "x": 0.2843928337097168,
        "y": -9.404577255249023,
        "z": 2.7948951721191406
    },
    "gyroscope": {
        "x": -0.009587093256413937,
        "y": -0.0015969761880114675,
        "z": 0.0005323254154063761
    }
}