{
    "acceleration": {
        "x": 0.8825984597206116,
        "y": -8.708305358886719,
        "z": -4.422799110412598
    },
    "gyroscope": {
        "x": -0.007456046529114246,
        "y": -0.003728023264557123,
        "z": -0.004792673978954554
    }
}