{
    "acceleration": {
        "x": 1.3337043523788452,
        "y": -8.080678939819336,
        "z": 5.5113372802734375
    },
    "gyroscope": {
        "x": -0.010119418613612652,
        "y": -0.011718139983713627,
        "z": 0.006391395349055529
    }
}