{
    "acceleration": {
        "x": 1.382737636566162,
        "y": -9.355544090270996,
        "z": -2.8733484745025635
    },
    "gyroscope": {
        "x": -0.0015969761880114675,
        "y": -0.005859069991856813,
        "z": -0.0031956976745277643
    }
}