{
    "acceleration": {
        "x": 0.7158854603767395,
        "y": -9.747809410095215,
        "z": 0.3824593424797058
    },
    "gyroscope": {
        "x": -0.005859069991856813,
        "y": -0.0015969761880114675,
        "z": 0.0015969761880114675
    }
}