{
    "acceleration": {
        "x": 1.1571847200393677,
        "y": -7.85512638092041,
        "z": 5.815343379974365
    },
    "gyroscope": {
        "x": -0.0021293016616255045,
        "y": -0.003728023264557123,
        "z": -0.0015969761880114675
    }
}