{
    "acceleration": {
        "x": 1.2944778203964233,
        "y": -4.697385311126709,
        "z": 8.56120491027832
    },
    "gyroscope": {
        "x": -0.005324999336153269,
        "y": -0.005324999336153269,
        "z": 0.0026616270188242197
    }
}