{
    "acceleration": {
        "x": 1.0787314176559448,
        "y": -8.933857917785645,
        "z": 3.9030466079711914
    },
    "gyroscope": {
        "x": -0.0021293016616255045,
        "y": 0.004260348621755838,
        "z": 0.0026616270188242197
    }
}