{
    "acceleration": {
        "x": 0.45110589265823364,
        "y": -9.13979721069336,
        "z": 3.726526975631714
    },
    "gyroscope": {
        "x": -0.0010646508308127522,
        "y": -0.003728023264557123,
        "z": -0.005324999336153269
    }
}