{
    "acceleration": {
        "x": 1.647517204284668,
        "y": -4.756225109100342,
        "z": 8.463138580322266
    },
    "gyroscope": {
        "x": -0.0021293016616255045,
        "y": -0.0005323254154063761,
        "z": -0.0015969761880114675
    }
}