{
    "acceleration": {
        "x": 0.8924051523208618,
        "y": -8.286619186401367,
        "z": -5.089651107788086
    },
    "gyroscope": {
        "x": -0.006923720706254244,
        "y": -0.0026616270188242197,
        "z": 0.0
    }
}