{
    "acceleration": {
        "x": 1.618097186088562,
        "y": -7.502087116241455,
        "z": 6.119349479675293
    },
    "gyroscope": {
        "x": -0.010651743970811367,
        "y": -0.009587093256413937,
        "z": -0.0015969761880114675
    }
}