{
    "acceleration": {
        "x": 0.6472389101982117,
        "y": -8.374878883361816,
        "z": -5.040617942810059
    },
    "gyroscope": {
        "x": -0.011718139983713627,
        "y": -0.0031956976745277643,
        "z": -0.0010646508308127522
    }
}