{
    "acceleration": {
        "x": 1.0591181516647339,
        "y": -4.667965412139893,
        "z": 8.610238075256348
    },
    "gyroscope": {
        "x": -0.009587093256413937,
        "y": -0.007456046529114246,
        "z": -0.0026616270188242197
    }
}