{
    "acceleration": {
        "x": 1.4415775537490845,
        "y": -9.728196144104004,
        "z": -0.35303938388824463
    },
    "gyroscope": {
        "x": 0.006923720706254244,
        "y": -0.011184069328010082,
        "z": -0.0026616270188242197
    }
}