{
    "acceleration": {
        "x": 1.8534568548202515,
        "y": -2.471275806427002,
        "z": 9.384963989257812
    },
    "gyroscope": {
        "x": -0.0031956976745277643,
        "y": -0.0031956976745277643,
        "z": -0.0015969761880114675
    }
}