{
    "acceleration": {
        "x": 1.2160245180130005,
        "y": -9.767423629760742,
        "z": 0.10787314921617508
    },
    "gyroscope": {
        "x": -0.010119418613612652,
        "y": -0.004260348621755838,
        "z": -0.0015969761880114675
    }
}