{
    "acceleration": {
        "x": 1.0296982526779175,
        "y": -9.728196144104004,
        "z": 1.039504885673523
    },
    "gyroscope": {
        "x": -0.0015969761880114675,
        "y": -0.0031956976745277643,
        "z": -0.0005323254154063761
    }
}