{
    "acceleration": {
        "x": 1.421964168548584,
        "y": -8.904438018798828,
        "z": 3.9814999103546143
    },
    "gyroscope": {
        "x": -0.0021293016616255045,
        "y": -0.0026616270188242197,
        "z": -0.0021293016616255045
    }
}