{
    "acceleration": {
        "x": 1.5494506359100342,
        "y": -8.904438018798828,
        "z": 3.9716930389404297
    },
    "gyroscope": {
        "x": -0.006391395349055529,
        "y": -0.012250465340912342,
        "z": -0.0021293016616255045
    }
}