{
    "acceleration": {
        "x": 0.7551120519638062,
        "y": -2.000556468963623,
        "z": 9.610516548156738
    },
    "gyroscope": {
        "x": -0.0026616270188242197,
        "y": -0.0010646508308127522,
        "z": 0.0015969761880114675
    }
}