{
    "acceleration": {
        "x": 1.2846710681915283,
        "y": -9.100570678710938,
        "z": 3.481360673904419
    },
    "gyroscope": {
        "x": -0.011184069328010082,
        "y": -0.0026616270188242197,
        "z": 0.0010646508308127522
    }
}