{
    "acceleration": {
        "x": 1.3729310035705566,
        "y": -6.845041751861572,
        "z": 6.952914714813232
    },
    "gyroscope": {
        "x": -0.005324999336153269,
        "y": -0.007988371886312962,
        "z": 0.0005323254154063761
    }
}