{
    "acceleration": {
        "x": 1.1669913530349731,
        "y": -8.05125904083252,
        "z": 5.579983711242676
    },
    "gyroscope": {
        "x": -0.02183755859732628,
        "y": -0.009054767899215221,
        "z": 0.003728023264557123
    }
}