{
    "acceleration": {
        "x": 1.618097186088562,
        "y": -1.5788706541061401,
        "z": 9.581096649169922
    },
    "gyroscope": {
        "x": -0.005859069991856813,
        "y": -0.005324999336153269,
        "z": 0.0005323254154063761
    }
}