{
    "acceleration": {
        "x": 1.7259703874588013,
        "y": -1.1081514358520508,
        "z": 9.63012981414795
    },
    "gyroscope": {
        "x": -0.005859069991856813,
        "y": -0.0031956976745277643,
        "z": 0.0
    }
}