{
    "acceleration": {
        "x": 0.5785923600196838,
        "y": -6.962721347808838,
        "z": 6.943108081817627
    },
    "gyroscope": {
        "x": -0.01970651187002659,
        "y": -0.006923720706254244,
        "z": 0.007456046529114246
    }
}