{
    "acceleration": {
        "x": 1.402350902557373,
        "y": -1.6082905530929565,
        "z": 9.620323181152344
    },
    "gyroscope": {
        "x": -0.010651743970811367,
        "y": -0.004792673978954554,
        "z": 0.0
    }
}