{
    "acceleration": {
        "x": 1.8044235706329346,
        "y": -1.3533176183700562,
        "z": 9.600709915161133
    },
    "gyroscope": {
        "x": -0.004260348621755838,
        "y": -0.0031956976745277643,
        "z": -0.0005323254154063761
    }
}