{
    "acceleration": {
        "x": 1.5200307369232178,
        "y": -9.63012981414795,
        "z": 1.45138418674469
    },
    "gyroscope": {
        "x": 0.005324999336153269,
        "y": 0.008520697243511677,
        "z": -0.004260348621755838
    }
}