{
    "acceleration": {
        "x": 0.3334260880947113,
        "y": -9.845876693725586,
        "z": -0.2843928337097168
    },
    "gyroscope": {
        "x": 0.0021293016616255045,
        "y": -0.0015969761880114675,
        "z": -0.004792673978954554
    }
}