{
    "acceleration": {
        "x": -2.6870219707489014,
        "y": -8.208166122436523,
        "z": -4.736611843109131
    },
    "gyroscope": {
        "x": -0.015446163713932037,
        "y": 0.005324999336153269,
        "z": 0.007988371886312962
    }
}