{
    "acceleration": {
        "x": -0.40207263827323914,
        "y": -9.94394302368164,
        "z": -0.24516624212265015
    },
    "gyroscope": {
        "x": 0.013847441412508488,
        "y": -0.02183755859732628,
        "z": -0.004792673978954554
    }
}