{
    "acceleration": {
        "x": -1.45138418674469,
        "y": -7.453053951263428,
        "z": -5.972249507904053
    },
    "gyroscope": {
        "x": -0.0026616270188242197,
        "y": 0.007456046529114246,
        "z": -0.0005323254154063761
    }
}