{
    "acceleration": {
        "x": -2.1770763397216797,
        "y": -9.306510925292969,
        "z": -1.3729310035705566
    },
    "gyroscope": {
        "x": -0.005324999336153269,
        "y": -0.003728023264557123,
        "z": -0.0031956976745277643
    }
}