{
    "acceleration": {
        "x": -2.4614691734313965,
        "y": -7.825706481933594,
        "z": 5.266170978546143
    },
    "gyroscope": {
        "x": -0.0250332560390234,
        "y": 0.0005323254154063761,
        "z": -0.004792673978954554
    }
}