{
    "acceleration": {
        "x": -0.9120184183120728,
        "y": -9.228057861328125,
        "z": -3.2852277755737305
    },
    "gyroscope": {
        "x": -0.03568674623966217,
        "y": -0.004260348621755838,
        "z": 0.012250465340912342
    }
}