{
    "acceleration": {
        "x": -1.1669913530349731,
        "y": -2.3143694400787354,
        "z": 9.384963989257812
    },
    "gyroscope": {
        "x": -0.010651743970811367,
        "y": -0.014913838356733322,
        "z": 0.0015969761880114675
    }
}