{
    "acceleration": {
        "x": -1.431770920753479,
        "y": -1.9515233039855957,
        "z": 9.532063484191895
    },
    "gyroscope": {
        "x": 0.003728023264557123,
        "y": -0.0031956976745277643,
        "z": -0.0015969761880114675
    }
}