{
    "acceleration": {
        "x": -2.147656202316284,
        "y": -7.1000142097473145,
        "z": 6.746974945068359
    },
    "gyroscope": {
        "x": 0.05326395481824875,
        "y": 0.0021293016616255045,
        "z": -0.0021293016616255045
    }
}