{
    "acceleration": {
        "x": -0.29419949650764465,
        "y": -8.217972755432129,
        "z": 5.766310214996338
    },
    "gyroscope": {
        "x": -0.006391395349055529,
        "y": -0.0005323254154063761,
        "z": 0.0
    }
}