{
    "acceleration": {
        "x": -2.000556468963623,
        "y": -1.235637903213501,
        "z": 9.5418701171875
    },
    "gyroscope": {
        "x": -0.0010646508308127522,
        "y": -0.007456046529114246,
        "z": 0.0015969761880114675
    }
}