{
    "acceleration": {
        "x": -1.039504885673523,
        "y": -9.532063484191895,
        "z": 2.765475273132324
    },
    "gyroscope": {
        "x": -0.004260348621755838,
        "y": -0.006923720706254244,
        "z": 0.0021293016616255045
    }
}