{
    "acceleration": {
        "x": -2.4810824394226074,
        "y": -9.492836952209473,
        "z": 0.4903324842453003
    },
    "gyroscope": {
        "x": -0.009587093256413937,
        "y": -0.0031956976745277643,
        "z": 0.006923720706254244
    }
}