{
    "acceleration": {
        "x": -2.147656202316284,
        "y": -8.580818176269531,
        "z": -4.432605743408203
    },
    "gyroscope": {
        "x": -0.007988371886312962,
        "y": -0.008520697243511677,
        "z": -0.0031956976745277643
    }
}