{
    "acceleration": {
        "x": -2.618375539779663,
        "y": -9.414383888244629,
        "z": 1.039504885673523
    },
    "gyroscope": {
        "x": -0.014913838356733322,
        "y": 0.003728023264557123,
        "z": -0.006391395349055529
    }
}