{
    "acceleration": {
        "x": -0.3628460466861725,
        "y": -9.257477760314941,
        "z": 3.2656142711639404
    },
    "gyroscope": {
        "x": -0.022369883954524994,
        "y": 0.008520697243511677,
        "z": 0.004260348621755838
    }
}