{
    "acceleration": {
        "x": -2.6477954387664795,
        "y": -4.491445541381836,
        "z": 8.335652351379395
    },
    "gyroscope": {
        "x": 0.009054767899215221,
        "y": -0.009054767899215221,
        "z": 0.0010646508308127522
    }
}