{
    "acceleration": {
        "x": -1.2846710681915283,
        "y": -7.923772811889648,
        "z": 5.7368903160095215
    },
    "gyroscope": {
        "x": -0.0010646508308127522,
        "y": 0.0021293016616255045,
        "z": 0.0026616270188242197
    }
}