{
    "acceleration": {
        "x": -1.4121575355529785,
        "y": -4.775838375091553,
        "z": 8.43371868133545
    },
    "gyroscope": {
        "x": 0.014379767701029778,
        "y": -0.007988371886312962,
        "z": -0.004260348621755838
    }
}