{
    "acceleration": {
        "x": -0.8924051523208618,
        "y": -5.864376544952393,
        "z": 7.845319747924805
    },
    "gyroscope": {
        "x": 0.005859069991856813,
        "y": -0.013315116055309772,
        "z": -0.0021293016616255045
    }
}