{
    "acceleration": {
        "x": -2.765475273132324,
        "y": -9.375157356262207,
        "z": 0.9708583354949951
    },
    "gyroscope": {
        "x": 0.006391395349055529,
        "y": -0.0005323254154063761,
        "z": -0.0015969761880114675
    }
}