{
    "acceleration": {
        "x": -2.2947559356689453,
        "y": -2.1966896057128906,
        "z": 9.277091026306152
    },
    "gyroscope": {
        "x": -0.005859069991856813,
        "y": -0.014379767701029778,
        "z": -0.0010646508308127522
    }
}