{
    "acceleration": {
        "x": -0.9806649684906006,
        "y": -8.23758602142334,
        "z": 5.491724014282227
    },
    "gyroscope": {
        "x": 0.015446163713932037,
        "y": -0.012782790698111057,
        "z": -0.012782790698111057
    }
}