{
    "acceleration": {
        "x": -2.5203089714050293,
        "y": -8.031645774841309,
        "z": -4.893518447875977
    },
    "gyroscope": {
        "x": 0.004792673978954554,
        "y": 0.003728023264557123,
        "z": -0.007988371886312962
    }
}