{
    "acceleration": {
        "x": -0.9218250513076782,
        "y": -7.85512638092041,
        "z": -6.197802543640137
    },
    "gyroscope": {
        "x": -0.0250332560390234,
        "y": -0.011718139983713627,
        "z": 0.0026616270188242197
    }
}