{
    "acceleration": {
        "x": -2.618375539779663,
        "y": -3.8245933055877686,
        "z": 8.708305358886719
    },
    "gyroscope": {
        "x": -0.007456046529114246,
        "y": -0.014379767701029778,
        "z": 0.0021293016616255045
    }
}