{
    "acceleration": {
        "x": -2.510502338409424,
        "y": -9.296704292297363,
        "z": -1.7161637544631958
    },
    "gyroscope": {
        "x": -0.011718139983713627,
        "y": 0.0015969761880114675,
        "z": 0.013315116055309772
    }
}