{
    "acceleration": {
        "x": -0.5197524428367615,
        "y": -3.216581106185913,
        "z": 9.45361042022705
    },
    "gyroscope": {
        "x": -0.017043139785528183,
        "y": -0.004260348621755838,
        "z": 0.007988371886312962
    }
}