{
    "acceleration": {
        "x": -0.7551120519638062,
        "y": -8.061065673828125,
        "z": 5.638823509216309
    },
    "gyroscope": {
        "x": -0.012250465340912342,
        "y": -0.004260348621755838,
        "z": 0.007988371886312962
    }
}