{
    "acceleration": {
        "x": -1.4906107187271118,
        "y": -7.050981044769287,
        "z": 6.717555046081543
    },
    "gyroscope": {
        "x": 0.006391395349055529,
        "y": -0.0021293016616255045,
        "z": -0.0005323254154063761
    }
}