{
    "acceleration": {
        "x": -1.667130470275879,
        "y": -9.728196144104004,
        "z": -0.03922659903764725
    },
    "gyroscope": {
        "x": 0.012782790698111057,
        "y": -0.010651743970811367,
        "z": 0.005859069991856813
    }
}