{
    "acceleration": {
        "x": -2.510502338409424,
        "y": -8.325845718383789,
        "z": -4.540478706359863
    },
    "gyroscope": {
        "x": 0.006391395349055529,
        "y": -0.010651743970811367,
        "z": -0.018109535798430443
    }
}