{
    "acceleration": {
        "x": -1.6769371032714844,
        "y": -8.463138580322266,
        "z": -4.71699857711792
    },
    "gyroscope": {
        "x": -0.012250465340912342,
        "y": 0.004260348621755838,
        "z": 0.006391395349055529
    }
}