{
    "acceleration": {
        "x": -2.4614691734313965,
        "y": -7.49228048324585,
        "z": 5.91340970993042
    },
    "gyroscope": {
        "x": -0.02716430276632309,
        "y": -0.008520697243511677,
        "z": 0.0
    }
}