{
    "acceleration": {
        "x": -2.2947559356689453,
        "y": -8.482751846313477,
        "z": 4.216859340667725
    },
    "gyroscope": {
        "x": -0.0250332560390234,
        "y": -0.007988371886312962,
        "z": 0.010651743970811367
    }
}