{
    "acceleration": {
        "x": -2.1574628353118896,
        "y": -7.168661117553711,
        "z": 6.442968845367432
    },
    "gyroscope": {
        "x": -0.006923720706254244,
        "y": -0.015978489071130753,
        "z": -0.0010646508308127522
    }
}