{
    "acceleration": {
        "x": -0.6570455431938171,
        "y": -5.746696949005127,
        "z": 8.031645774841309
    },
    "gyroscope": {
        "x": -0.013315116055309772,
        "y": 0.005324999336153269,
        "z": 0.005859069991856813
    }
}