{
    "acceleration": {
        "x": -1.1669913530349731,
        "y": -7.972806453704834,
        "z": -5.413270473480225
    },
    "gyroscope": {
        "x": -0.016510814428329468,
        "y": 0.0031956976745277643,
        "z": 0.007456046529114246
    }
}