{
    "acceleration": {
        "x": -1.3435109853744507,
        "y": -9.100570678710938,
        "z": 2.9518015384674072
    },
    "gyroscope": {
        "x": -0.0031956976745277643,
        "y": 0.007456046529114246,
        "z": 0.008520697243511677
    }
}