{
    "acceleration": {
        "x": -2.0888164043426514,
        "y": -5.295590877532959,
        "z": 8.002225875854492
    },
    "gyroscope": {
        "x": 0.0010646508308127522,
        "y": -0.004792673978954554,
        "z": -0.004792673978954554
    }
}