{
    "acceleration": {
        "x": -2.579148769378662,
        "y": -2.1966896057128906,
        "z": 9.247671127319336
    },
    "gyroscope": {
        "x": 0.005859069991856813,
        "y": -0.007988371886312962,
        "z": -0.0031956976745277643
    }
}