{
    "acceleration": {
        "x": -2.637988805770874,
        "y": -6.29586935043335,
        "z": 7.0804009437561035
    },
    "gyroscope": {
        "x": -0.013315116055309772,
        "y": 0.007456046529114246,
        "z": 0.003728023264557123
    }
}