{
    "acceleration": {
        "x": -0.8139519095420837,
        "y": -9.443803787231445,
        "z": 2.7066352367401123
    },
    "gyroscope": {
        "x": -0.020240582525730133,
        "y": -0.017043139785528183,
        "z": 0.006391395349055529
    }
}