{
    "acceleration": {
        "x": -2.2947559356689453,
        "y": -9.43399715423584,
        "z": -1.5592572689056396
    },
    "gyroscope": {
        "x": -0.02716430276632309,
        "y": -0.019174186512827873,
        "z": 0.010119418613612652
    }
}