{
    "acceleration": {
        "x": -0.22555294632911682,
        "y": -5.825150012969971,
        "z": 7.698220252990723
    },
    "gyroscope": {
        "x": -0.017577210441231728,
        "y": 0.009587093256413937,
        "z": 0.0026616270188242197
    }
}