{
    "acceleration": {
        "x": -2.30456280708313,
        "y": -8.669078826904297,
        "z": -3.834399938583374
    },
    "gyroscope": {
        "x": 0.014379767701029778,
        "y": 0.015446163713932037,
        "z": -0.0026616270188242197
    }
}