{
    "acceleration": {
        "x": -2.1574628353118896,
        "y": -8.659272193908691,
        "z": 4.128599643707275
    },
    "gyroscope": {
        "x": 0.0005323254154063761,
        "y": 0.004260348621755838,
        "z": 0.0010646508308127522
    }
}