{
    "acceleration": {
        "x": -2.4222424030303955,
        "y": -4.628738880157471,
        "z": 8.345458984375
    },
    "gyroscope": {
        "x": -0.02290220931172371,
        "y": -0.010651743970811367,
        "z": -0.0010646508308127522
    }
}