{
    "acceleration": {
        "x": -2.3535959720611572,
        "y": -4.452219009399414,
        "z": 8.423912048339844
    },
    "gyroscope": {
        "x": -0.029827676713466644,
        "y": 0.006923720706254244,
        "z": 0.0031956976745277643
    }
}