{
    "acceleration": {
        "x": -0.8335652351379395,
        "y": -3.3440675735473633,
        "z": 9.296704292297363
    },
    "gyroscope": {
        "x": 0.011184069328010082,
        "y": -0.019174186512827873,
        "z": -0.0021293016616255045
    }
}