{
    "acceleration": {
        "x": -1.5102241039276123,
        "y": -9.120183944702148,
        "z": -2.9616081714630127
    },
    "gyroscope": {
        "x": -0.052731629461050034,
        "y": -0.0021293016616255045,
        "z": 0.01970651187002659
    }
}