{
    "acceleration": {
        "x": -2.7164418697357178,
        "y": -8.600431442260742,
        "z": 3.834399938583374
    },
    "gyroscope": {
        "x": -0.003728023264557123,
        "y": -0.009054767899215221,
        "z": -0.0021293016616255045
    }
}