{
    "acceleration": {
        "x": -0.45110589265823364,
        "y": -9.090764045715332,
        "z": -3.108707904815674
    },
    "gyroscope": {
        "x": 0.007988371886312962,
        "y": 0.004260348621755838,
        "z": -0.004792673978954554
    }
}