{
    "acceleration": {
        "x": -2.30456280708313,
        "y": -9.375157356262207,
        "z": 1.81423020362854
    },
    "gyroscope": {
        "x": -0.02290220931172371,
        "y": -0.018109535798430443,
        "z": 0.013315116055309772
    }
}