{
    "acceleration": {
        "x": -2.167269706726074,
        "y": -9.483030319213867,
        "z": 1.3042844533920288
    },
    "gyroscope": {
        "x": 0.013315116055309772,
        "y": 0.003728023264557123,
        "z": -0.005324999336153269
    }
}