{
    "acceleration": {
        "x": -2.7556686401367188,
        "y": -6.972527980804443,
        "z": 6.40374231338501
    },
    "gyroscope": {
        "x": 0.006391395349055529,
        "y": -0.012250465340912342,
        "z": -0.0026616270188242197
    }
}