{
    "acceleration": {
        "x": -2.471275806427002,
        "y": -8.94366455078125,
        "z": 2.9616081714630127
    },
    "gyroscope": {
        "x": -0.012250465340912342,
        "y": -0.0015969761880114675,
        "z": -0.0010646508308127522
    }
}