{
    "acceleration": {
        "x": -2.6281821727752686,
        "y": -9.600709915161133,
        "z": 0.0
    },
    "gyroscope": {
        "x": -0.015446163713932037,
        "y": 0.003728023264557123,
        "z": 0.0
    }
}