{
    "acceleration": {
        "x": -2.5301156044006348,
        "y": -1.6573238372802734,
        "z": 9.384963989257812
    },
    "gyroscope": {
        "x": -0.017577210441231728,
        "y": -0.0026616270188242197,
        "z": 0.0026616270188242197
    }
}