{
    "acceleration": {
        "x": -2.6674087047576904,
        "y": -9.179023742675781,
        "z": -2.0103631019592285
    },
    "gyroscope": {
        "x": -0.011718139983713627,
        "y": -0.0015969761880114675,
        "z": -0.005859069991856813
    }
}