{
    "acceleration": {
        "x": -1.4611908197402954,
        "y": -9.512450218200684,
        "z": -0.5687856674194336
    },
    "gyroscope": {
        "x": 0.017577210441231728,
        "y": -0.004792673978954554,
        "z": 0.0026616270188242197
    }
}