{
    "acceleration": {
        "x": -1.5298373699188232,
        "y": -8.982891082763672,
        "z": 3.5402004718780518
    },
    "gyroscope": {
        "x": 0.0015969761880114675,
        "y": 0.004260348621755838,
        "z": -0.0010646508308127522
    }
}