{
    "acceleration": {
        "x": -2.2947559356689453,
        "y": -1.4906107187271118,
        "z": 9.463417053222656
    },
    "gyroscope": {
        "x": -0.02822895534336567,
        "y": -0.004792673978954554,
        "z": -0.0015969761880114675
    }
}