{
    "acceleration": {
        "x": -2.186882972717285,
        "y": -3.589233875274658,
        "z": 8.894631385803223
    },
    "gyroscope": {
        "x": -0.0010646508308127522,
        "y": -0.007456046529114246,
        "z": -0.005859069991856813
    }
}