{
    "acceleration": {
        "x": -2.6281821727752686,
        "y": -8.482751846313477,
        "z": 4.285505771636963
    },
    "gyroscope": {
        "x": -0.005859069991856813,
        "y": 0.0021293016616255045,
        "z": 0.007456046529114246
    }
}