{
    "acceleration": {
        "x": -0.8335652351379395,
        "y": -9.75761604309082,
        "z": -0.34323275089263916
    },
    "gyroscope": {
        "x": -0.0021293016616255045,
        "y": 0.0015969761880114675,
        "z": -0.006391395349055529
    }
}