{
    "acceleration": {
        "x": -2.618375539779663,
        "y": -8.54159164428711,
        "z": -3.961886405944824
    },
    "gyroscope": {
        "x": -0.007456046529114246,
        "y": -0.0005323254154063761,
        "z": 0.003728023264557123
    }
}