{
    "acceleration": {
        "x": -1.1277647018432617,
        "y": -9.228057861328125,
        "z": -3.402907371520996
    },
    "gyroscope": {
        "x": 0.020240582525730133,
        "y": -0.009054767899215221,
        "z": -0.009054767899215221
    }
}