{
    "acceleration": {
        "x": -1.1964112520217896,
        "y": -5.707469940185547,
        "z": 7.953193187713623
    },
    "gyroscope": {
        "x": 0.014379767701029778,
        "y": -0.014379767701029778,
        "z": -0.006923720706254244
    }
}