{
    "acceleration": {
        "x": -1.0983448028564453,
        "y": -9.708582878112793,
        "z": -0.3922659754753113
    },
    "gyroscope": {
        "x": -0.0324910469353199,
        "y": -0.009587093256413937,
        "z": 0.009054767899215221
    }
}