{
    "acceleration": {
        "x": -2.147656202316284,
        "y": -1.3337043523788452,
        "z": 9.502643585205078
    },
    "gyroscope": {
        "x": -0.003728023264557123,
        "y": -0.005324999336153269,
        "z": -0.005859069991856813
    }
}