{
    "acceleration": {
        "x": -2.490889072418213,
        "y": -8.796565055847168,
        "z": 3.5696206092834473
    },
    "gyroscope": {
        "x": -0.012250465340912342,
        "y": 0.004260348621755838,
        "z": 0.006923720706254244
    }
}