{
    "acceleration": {
        "x": -2.5301156044006348,
        "y": -8.933857917785645,
        "z": -2.765475273132324
    },
    "gyroscope": {
        "x": -0.010119418613612652,
        "y": 0.0,
        "z": 0.005859069991856813
    }
}