{
    "acceleration": {
        "x": -2.618375539779663,
        "y": -9.247671127319336,
        "z": -2.059396505355835
    },
    "gyroscope": {
        "x": -0.006923720706254244,
        "y": -0.007988371886312962,
        "z": 0.0
    }
}