{
    "acceleration": {
        "x": -0.09806649386882782,
        "y": -2.7262487411499023,
        "z": 9.5418701171875
    },
    "gyroscope": {
        "x": -0.0010646508308127522,
        "y": -0.003728023264557123,
        "z": 0.005859069991856813
    }
}