{
    "acceleration": {
        "x": -1.6769371032714844,
        "y": -9.463417053222656,
        "z": -2.1182363033294678
    },
    "gyroscope": {
        "x": -0.006391395349055529,
        "y": -0.012782790698111057,
        "z": -0.0021293016616255045
    }
}