{
    "acceleration": {
        "x": -0.42168593406677246,
        "y": -7.727640151977539,
        "z": -6.3350958824157715
    },
    "gyroscope": {
        "x": 0.024500930681824684,
        "y": 0.0031956976745277643,
        "z": 0.0010646508308127522
    }
}