{
    "acceleration": {
        "x": 1.2160245180130005,
        "y": -5.236751079559326,
        "z": 8.247392654418945
    },
    "gyroscope": {
        "x": -0.013315116055309772,
        "y": -0.014379767701029778,
        "z": 0.0010646508308127522
    }
}