{
    "acceleration": {
        "x": 0.8924051523208618,
        "y": -8.090486526489258,
        "z": 5.452497482299805
    },
    "gyroscope": {
        "x": -0.0031956976745277643,
        "y": -0.009054767899215221,
        "z": -0.0010646508308127522
    }
}