{
    "acceleration": {
        "x": 0.823758602142334,
        "y": -8.14932632446289,
        "z": -5.256364345550537
    },
    "gyroscope": {
        "x": -0.009587093256413937,
        "y": -0.013315116055309772,
        "z": 0.006391395349055529
    }
}