{
    "acceleration": {
        "x": 1.1179580688476562,
        "y": -7.560926914215088,
        "z": 6.197802543640137
    },
    "gyroscope": {
        "x": -0.004260348621755838,
        "y": -0.0031956976745277643,
        "z": -0.0005323254154063761
    }
}