{
    "acceleration": {
        "x": 0.156906396150589,
        "y": -8.708305358886719,
        "z": 4.540478706359863
    },
    "gyroscope": {
        "x": 0.006923720706254244,
        "y": -0.007988371886312962,
        "z": -0.0021293016616255045
    }
}