{
    "acceleration": {
        "x": 0.254972904920578,
        "y": -1.8730701208114624,
        "z": 9.669356346130371
    },
    "gyroscope": {
        "x": -0.0005323254154063761,
        "y": 0.004260348621755838,
        "z": 0.0
    }
}