{
    "acceleration": {
        "x": 1.5788706541061401,
        "y": -3.9814999103546143,
        "z": 8.8554048538208
    },
    "gyroscope": {
        "x": -0.0026616270188242197,
        "y": 0.0010646508308127522,
        "z": -0.0021293016616255045
    }
}