{
    "acceleration": {
        "x": -0.4805258512496948,
        "y": -8.669078826904297,
        "z": -3.961886405944824
    },
    "gyroscope": {
        "x": 0.030892327427864075,
        "y": 0.028761280700564384,
        "z": 0.007456046529114246
    }
}