{
    "acceleration": {
        "x": -0.06864655017852783,
        "y": -9.463417053222656,
        "z": -2.4026291370391846
    },
    "gyroscope": {
        "x": 0.003728023264557123,
        "y": -0.014913838356733322,
        "z": -0.008520697243511677
    }
}