{
    "acceleration": {
        "x": -0.019613299518823624,
        "y": -9.620323181152344,
        "z": -1.980943202972412
    },
    "gyroscope": {
        "x": -0.007456046529114246,
        "y": -0.007456046529114246,
        "z": -0.0031956976745277643
    }
}