{
    "acceleration": {
        "x": 1.019891619682312,
        "y": -7.874739646911621,
        "z": -5.717276573181152
    },
    "gyroscope": {
        "x": 0.012250465340912342,
        "y": 0.007456046529114246,
        "z": 0.0010646508308127522
    }
}