{
    "acceleration": {
        "x": 1.1277647018432617,
        "y": -9.296704292297363,
        "z": -2.9518015384674072
    },
    "gyroscope": {
        "x": 0.01970651187002659,
        "y": 0.0,
        "z": -0.011718139983713627
    }
}