{
    "acceleration": {
        "x": 1.2160245180130005,
        "y": -9.306510925292969,
        "z": 2.9518015384674072
    },
    "gyroscope": {
        "x": -0.026631977409124374,
        "y": -0.007988371886312962,
        "z": -0.0015969761880114675
    }
}