{
    "acceleration": {
        "x": 0.5491724014282227,
        "y": -4.8542914390563965,
        "z": 8.600431442260742
    },
    "gyroscope": {
        "x": 0.0015969761880114675,
        "y": -0.006923720706254244,
        "z": -0.0015969761880114675
    }
}