{
    "acceleration": {
        "x": 0.05883989855647087,
        "y": -7.247114181518555,
        "z": 6.570455551147461
    },
    "gyroscope": {
        "x": 0.0010646508308127522,
        "y": -0.0021293016616255045,
        "z": 0.0
    }
}