{
    "acceleration": {
        "x": -0.21574629843235016,
        "y": -9.698776245117188,
        "z": -2.1378495693206787
    },
    "gyroscope": {
        "x": -0.0021293016616255045,
        "y": -0.011184069328010082,
        "z": -0.004792673978954554
    }
}