{
    "acceleration": {
        "x": -0.04903324693441391,
        "y": -9.45361042022705,
        "z": -2.9125750064849854
    },
    "gyroscope": {
        "x": 0.017577210441231728,
        "y": 0.007456046529114246,
        "z": -0.009587093256413937
    }
}