{
    "acceleration": {
        "x": 1.45138418674469,
        "y": -9.659549713134766,
        "z": -1.647517204284668
    },
    "gyroscope": {
        "x": 0.027696629986166954,
        "y": 0.03036000207066536,
        "z": -0.005324999336153269
    }
}