{
    "acceleration": {
        "x": 1.4906107187271118,
        "y": -7.25692081451416,
        "z": 6.521421909332275
    },
    "gyroscope": {
        "x": -0.033023372292518616,
        "y": -0.021305233240127563,
        "z": 0.015978489071130753
    }
}