{
    "acceleration": {
        "x": -0.009806649759411812,
        "y": -9.767423629760742,
        "z": 0.7551120519638062
    },
    "gyroscope": {
        "x": -0.011718139983713627,
        "y": 0.007456046529114246,
        "z": 0.0005323254154063761
    }
}