{
    "acceleration": {
        "x": -0.11767979711294174,
        "y": -4.422799110412598,
        "z": 8.865211486816406
    },
    "gyroscope": {
        "x": 0.0,
        "y": -0.02290220931172371,
        "z": 0.0026616270188242197
    }
}