{
    "acceleration": {
        "x": 1.3042844533920288,
        "y": -1.4808040857315063,
        "z": 9.698776245117188
    },
    "gyroscope": {
        "x": -0.008520697243511677,
        "y": -0.007988371886312962,
        "z": 0.0026616270188242197
    }
}