{
    "acceleration": {
        "x": 0.9806649684906006,
        "y": -9.659549713134766,
        "z": 1.186604619026184
    },
    "gyroscope": {
        "x": -0.006923720706254244,
        "y": -0.0015969761880114675,
        "z": -0.0010646508308127522
    }
}