{
    "acceleration": {
        "x": 0.13729310035705566,
        "y": -9.581096649169922,
        "z": -1.863263487815857
    },
    "gyroscope": {
        "x": -0.02290220931172371,
        "y": -0.023436279967427254,
        "z": -0.0026616270188242197
    }
}