{
    "acceleration": {
        "x": -0.254972904920578,
        "y": -8.590624809265137,
        "z": 4.677772045135498
    },
    "gyroscope": {
        "x": 0.009054767899215221,
        "y": 0.0010646508308127522,
        "z": -0.005859069991856813
    }
}