{
    "acceleration": {
        "x": 0.6864655017852783,
        "y": -9.5418701171875,
        "z": -2.490889072418213
    },
    "gyroscope": {
        "x": 0.0015969761880114675,
        "y": -0.02929535135626793,
        "z": -0.008520697243511677
    }
}