{
    "acceleration": {
        "x": 0.32361945509910583,
        "y": -5.609403610229492,
        "z": 8.061065673828125
    },
    "gyroscope": {
        "x": -0.004260348621755838,
        "y": -0.012250465340912342,
        "z": -0.0026616270188242197
    }
}