{
    "acceleration": {
        "x": 1.0002782344818115,
        "y": -5.197524547576904,
        "z": 8.374878883361816
    },
    "gyroscope": {
        "x": 0.014379767701029778,
        "y": -0.019174186512827873,
        "z": -0.0005323254154063761
    }
}