{
    "acceleration": {
        "x": 0.09806649386882782,
        "y": -9.090764045715332,
        "z": 3.775560140609741
    },
    "gyroscope": {
        "x": -0.0021293016616255045,
        "y": -0.004792673978954554,
        "z": 0.0031956976745277643
    }
}