{
    "acceleration": {
        "x": 1.7651969194412231,
        "y": -3.049868106842041,
        "z": 9.21825122833252
    },
    "gyroscope": {
        "x": -0.004260348621755838,
        "y": 0.0010646508308127522,
        "z": -0.0015969761880114675
    }
}