{
    "acceleration": {
        "x": 0.04903324693441391,
        "y": -9.787036895751953,
        "z": 0.6962721347808838
    },
    "gyroscope": {
        "x": -0.014379767701029778,
        "y": -0.0010646508308127522,
        "z": 0.004260348621755838
    }
}