{
    "acceleration": {
        "x": 0.8531785011291504,
        "y": -9.384963989257812,
        "z": 2.804701805114746
    },
    "gyroscope": {
        "x": -0.012782790698111057,
        "y": -0.009587093256413937,
        "z": -0.0021293016616255045
    }
}