{
    "acceleration": {
        "x": -0.3040061295032501,
        "y": -7.590346813201904,
        "z": 6.2566423416137695
    },
    "gyroscope": {
        "x": -0.020240582525730133,
        "y": -0.0021293016616255045,
        "z": 0.005859069991856813
    }
}