{
    "acceleration": {
        "x": 0.34323275089263916,
        "y": -2.392822504043579,
        "z": 9.561483383178711
    },
    "gyroscope": {
        "x": 0.004260348621755838,
        "y": -0.009587093256413937,
        "z": -0.0010646508308127522
    }
}