{
    "acceleration": {
        "x": 1.1081514358520508,
        "y": -2.9419949054718018,
        "z": 9.34573745727539
    },
    "gyroscope": {
        "x": -0.011718139983713627,
        "y": -0.0031956976745277643,
        "z": 0.0005323254154063761
    }
}