{
    "acceleration": {
        "x": 1.1473779678344727,
        "y": -9.83607006072998,
        "z": -0.10787314921617508
    },
    "gyroscope": {
        "x": -0.015978489071130753,
        "y": -0.015978489071130753,
        "z": 0.004260348621755838
    }
}