{
    "acceleration": {
        "x": 0.0,
        "y": -9.659549713134766,
        "z": 1.6867437362670898
    },
    "gyroscope": {
        "x": -0.011184069328010082,
        "y": -0.003728023264557123,
        "z": 0.003728023264557123
    }
}