{
    "acceleration": {
        "x": 1.0787314176559448,
        "y": -9.13979721069336,
        "z": 3.461747407913208
    },
    "gyroscope": {
        "x": -0.003728023264557123,
        "y": 0.0010646508308127522,
        "z": 0.0
    }
}