{
    "acceleration": {
        "x": 0.029419949278235435,
        "y": 0.823758602142334,
        "z": 9.826263427734375
    },
    "gyroscope": {
        "x": -0.017043139785528183,
        "y": 0.0015969761880114675,
        "z": 0.0031956976745277643
    }
}