{
    "acceleration": {
        "x": 0.23535959422588348,
        "y": -4.010919570922852,
        "z": 9.012310981750488
    },
    "gyroscope": {
        "x": 0.009054767899215221,
        "y": 0.0,
        "z": -0.004260348621755838
    }
}