{
    "acceleration": {
        "x": 0.411879301071167,
        "y": -7.1588544845581055,
        "z": 6.756781578063965
    },
    "gyroscope": {
        "x": 0.012782790698111057,
        "y": -0.005859069991856813,
        "z": -0.009587093256413937
    }
}