{
    "acceleration": {
        "x": 0.3040061295032501,
        "y": -8.659272193908691,
        "z": 4.589511871337891
    },
    "gyroscope": {
        "x": 0.010119418613612652,
        "y": 0.0005323254154063761,
        "z": -0.007988371886312962
    }
}