{
    "acceleration": {
        "x": 0.7845319509506226,
        "y": -9.796843528747559,
        "z": 0.35303938388824463
    },
    "gyroscope": {
        "x": -0.004792673978954554,
        "y": 0.012250465340912342,
        "z": 0.0021293016616255045
    }
}