{
    "acceleration": {
        "x": -0.14709974825382233,
        "y": -8.374878883361816,
        "z": -5.021004676818848
    },
    "gyroscope": {
        "x": -0.003728023264557123,
        "y": 0.0010646508308127522,
        "z": 0.0
    }
}