{
    "acceleration": {
        "x": 1.6573238372802734,
        "y": -5.403463840484619,
        "z": 8.05125904083252
    },
    "gyroscope": {
        "x": -0.019174186512827873,
        "y": -0.0026616270188242197,
        "z": 0.007456046529114246
    }
}