{
    "acceleration": {
        "x": 0.2059396505355835,
        "y": -4.099179744720459,
        "z": 8.953471183776855
    },
    "gyroscope": {
        "x": -0.014913838356733322,
        "y": -0.007988371886312962,
        "z": 0.0021293016616255045
    }
}