{
    "acceleration": {
        "x": 1.4121575355529785,
        "y": -5.040617942810059,
        "z": 8.286619186401367
    },
    "gyroscope": {
        "x": -0.011718139983713627,
        "y": -0.0015969761880114675,
        "z": 0.003728023264557123
    }
}