{
    "acceleration": {
        "x": -0.23535959422588348,
        "y": -9.934136390686035,
        "z": -1.4808040857315063
    },
    "gyroscope": {
        "x": -0.0021293016616255045,
        "y": -0.0015969761880114675,
        "z": 0.0010646508308127522
    }
}