{
    "acceleration": {
        "x": -0.019613299518823624,
        "y": -9.679162979125977,
        "z": 1.598483920097351
    },
    "gyroscope": {
        "x": -0.009587093256413937,
        "y": 0.0026616270188242197,
        "z": 0.003728023264557123
    }
}