{
    "acceleration": {
        "x": 0.019613299518823624,
        "y": -8.649465560913086,
        "z": 4.579705238342285
    },
    "gyroscope": {
        "x": 0.0021293016616255045,
        "y": -0.006391395349055529,
        "z": 0.005324999336153269
    }
}