{
    "acceleration": {
        "x": 0.6080122590065002,
        "y": -1.039504885673523,
        "z": 9.787036895751953
    },
    "gyroscope": {
        "x": -0.007988371886312962,
        "y": -0.011184069328010082,
        "z": 0.005859069991856813
    }
}