{
    "acceleration": {
        "x": 1.2944778203964233,
        "y": -9.34573745727539,
        "z": -2.8733484745025635
    },
    "gyroscope": {
        "x": -0.003728023264557123,
        "y": 0.0031956976745277643,
        "z": 0.0021293016616255045
    }
}