{
    "acceleration": {
        "x": 0.13729310035705566,
        "y": -8.845598220825195,
        "z": -4.167826175689697
    },
    "gyroscope": {
        "x": -0.013315116055309772,
        "y": -0.018109535798430443,
        "z": -0.003728023264557123
    }
}