{
    "acceleration": {
        "x": 0.9316317439079285,
        "y": -9.669356346130371,
        "z": -1.9024900197982788
    },
    "gyroscope": {
        "x": -0.0021293016616255045,
        "y": -0.0021293016616255045,
        "z": -0.0015969761880114675
    }
}