{
    "acceleration": {
        "x": 0.09806649386882782,
        "y": -7.668799877166748,
        "z": 6.178189277648926
    },
    "gyroscope": {
        "x": 0.0,
        "y": -0.004792673978954554,
        "z": 0.0015969761880114675
    }
}