{
    "acceleration": {
        "x": 0.40207263827323914,
        "y": -1.0885381698608398,
        "z": 9.75761604309082
    },
    "gyroscope": {
        "x": -0.008520697243511677,
        "y": 0.0010646508308127522,
        "z": 0.0010646508308127522
    }
}