{
    "acceleration": {
        "x": -0.26477953791618347,
        "y": -9.894909858703613,
        "z": 0.9218250513076782
    },
    "gyroscope": {
        "x": 0.009054767899215221,
        "y": 0.011184069328010082,
        "z": -0.0026616270188242197
    }
}