{
    "acceleration": {
        "x": 0.09806649386882782,
        "y": -7.482473850250244,
        "z": 6.442968845367432
    },
    "gyroscope": {
        "x": -0.0021293016616255045,
        "y": -0.008520697243511677,
        "z": -0.0015969761880114675
    }
}