{
    "acceleration": {
        "x": 0.6178189516067505,
        "y": -8.404298782348633,
        "z": -5.364237308502197
    },
    "gyroscope": {
        "x": -0.017043139785528183,
        "y": -0.006923720706254244,
        "z": 0.003728023264557123
    }
}