{
    "acceleration": {
        "x": 1.4415775537490845,
        "y": -9.64974308013916,
        "z": 1.402350902557373
    },
    "gyroscope": {
        "x": -0.0021293016616255045,
        "y": 0.005324999336153269,
        "z": 0.0005323254154063761
    }
}