{
    "acceleration": {
        "x": -0.08825984597206116,
        "y": -8.620044708251953,
        "z": -4.883711814880371
    },
    "gyroscope": {
        "x": -0.008520697243511677,
        "y": 0.005324999336153269,
        "z": 0.005859069991856813
    }
}