{
    "acceleration": {
        "x": 0.411879301071167,
        "y": -1.7063570022583008,
        "z": 9.75761604309082
    },
    "gyroscope": {
        "x": 0.018641861155629158,
        "y": -0.011718139983713627,
        "z": -0.005859069991856813
    }
}