{
    "acceleration": {
        "x": 0.27458620071411133,
        "y": -5.040617942810059,
        "z": 8.404298782348633
    },
    "gyroscope": {
        "x": 0.0005323254154063761,
        "y": 0.0010646508308127522,
        "z": 0.0026616270188242197
    }
}