{
    "acceleration": {
        "x": 1.1669913530349731,
        "y": -7.708026885986328,
        "z": -5.776116847991943
    },
    "gyroscope": {
        "x": -0.005324999336153269,
        "y": -0.012782790698111057,
        "z": -0.0031956976745277643
    }
}