{
    "acceleration": {
        "x": 0.24516624212265015,
        "y": -9.75761604309082,
        "z": 1.039504885673523
    },
    "gyroscope": {
        "x": -0.0005323254154063761,
        "y": 0.006923720706254244,
        "z": -0.0026616270188242197
    }
}