{
    "acceleration": {
        "x": 1.7357770204544067,
        "y": -1.8926833868026733,
        "z": 9.473223686218262
    },
    "gyroscope": {
        "x": -0.011184069328010082,
        "y": 0.012250465340912342,
        "z": -0.0010646508308127522
    }
}