{
    "acceleration": {
        "x": 1.255251169204712,
        "y": -7.845319747924805,
        "z": 5.785923480987549
    },
    "gyroscope": {
        "x": -0.02077290788292885,
        "y": -0.007456046529114246,
        "z": 0.0031956976745277643
    }
}