{
    "acceleration": {
        "x": -0.019613299518823624,
        "y": -8.355265617370605,
        "z": -4.883711814880371
    },
    "gyroscope": {
        "x": -0.006391395349055529,
        "y": 0.004792673978954554,
        "z": 0.004792673978954554
    }
}