{
    "acceleration": {
        "x": 1.3925442695617676,
        "y": -9.257477760314941,
        "z": 2.7948951721191406
    },
    "gyroscope": {
        "x": -0.014379767701029778,
        "y": 0.0010646508308127522,
        "z": 0.005859069991856813
    }
}