{
    "acceleration": {
        "x": 1.5592572689056396,
        "y": -2.4810824394226074,
        "z": 9.404577255249023
    },
    "gyroscope": {
        "x": 0.007456046529114246,
        "y": -0.008520697243511677,
        "z": -0.005324999336153269
    }
}