{
    "acceleration": {
        "x": 1.3238977193832397,
        "y": -8.610238075256348,
        "z": -4.305119037628174
    },
    "gyroscope": {
        "x": -0.007456046529114246,
        "y": -0.02183755859732628,
        "z": -0.006391395349055529
    }
}