{
    "acceleration": {
        "x": 0.0,
        "y": -8.472945213317871,
        "z": -4.864098072052002
    },
    "gyroscope": {
        "x": -0.0031956976745277643,
        "y": -0.014913838356733322,
        "z": -0.013315116055309772
    }
}