{
    "acceleration": {
        "x": 1.3337043523788452,
        "y": -9.718389511108398,
        "z": 0.42168593406677246
    },
    "gyroscope": {
        "x": 0.009054767899215221,
        "y": 0.006923720706254244,
        "z": -0.003728023264557123
    }
}