{
    "acceleration": {
        "x": 1.5102241039276123,
        "y": -8.610238075256348,
        "z": 4.560091972351074
    },
    "gyroscope": {
        "x": 0.021305233240127563,
        "y": 0.02290220931172371,
        "z": -0.015446163713932037
    }
}