{
    "acceleration": {
        "x": 0.14709974825382233,
        "y": -8.335652351379395,
        "z": 5.256364345550537
    },
    "gyroscope": {
        "x": -0.010651743970811367,
        "y": -0.0031956976745277643,
        "z": 0.0015969761880114675
    }
}