{
    "acceleration": {
        "x": 0.06864655017852783,
        "y": -8.757338523864746,
        "z": 4.520865440368652
    },
    "gyroscope": {
        "x": -0.0015969761880114675,
        "y": -0.010651743970811367,
        "z": -0.004260348621755838
    }
}