{
    "acceleration": {
        "x": 1.4709974527359009,
        "y": -7.874739646911621,
        "z": 5.6584367752075195
    },
    "gyroscope": {
        "x": 0.004792673978954554,
        "y": 0.013847441412508488,
        "z": -0.0015969761880114675
    }
}