{
    "acceleration": {
        "x": 1.0983448028564453,
        "y": -7.5118937492370605,
        "z": 6.2762556076049805
    },
    "gyroscope": {
        "x": 0.010651743970811367,
        "y": 0.0010646508308127522,
        "z": -0.011718139983713627
    }
}