{
    "acceleration": {
        "x": 0.8433718681335449,
        "y": -2.0103631019592285,
        "z": 9.600709915161133
    },
    "gyroscope": {
        "x": -0.013315116055309772,
        "y": -0.006923720706254244,
        "z": 0.0021293016616255045
    }
}