{
    "acceleration": {
        "x": 0.7845319509506226,
        "y": -8.198359489440918,
        "z": 5.383850574493408
    },
    "gyroscope": {
        "x": 0.009054767899215221,
        "y": 0.004792673978954554,
        "z": -0.0021293016616255045
    }
}