{
    "acceleration": {
        "x": -0.06864655017852783,
        "y": -9.73800277709961,
        "z": 0.627625584602356
    },
    "gyroscope": {
        "x": -0.0250332560390234,
        "y": 0.0021293016616255045,
        "z": 0.007988371886312962
    }
}