{
    "acceleration": {
        "x": 0.6570455431938171,
        "y": -7.806093215942383,
        "z": 6.158576011657715
    },
    "gyroscope": {
        "x": -0.018109535798430443,
        "y": -0.010119418613612652,
        "z": 0.0021293016616255045
    }
}