{
    "acceleration": {
        "x": 0.14709974825382233,
        "y": -8.227779388427734,
        "z": -5.295590877532959
    },
    "gyroscope": {
        "x": -0.014913838356733322,
        "y": -0.005324999336153269,
        "z": 0.0026616270188242197
    }
}