{
    "acceleration": {
        "x": -0.24516624212265015,
        "y": -8.580818176269531,
        "z": -4.697385311126709
    },
    "gyroscope": {
        "x": -0.007456046529114246,
        "y": -0.005859069991856813,
        "z": 0.0015969761880114675
    }
}