{
    "acceleration": {
        "x": 0.313812792301178,
        "y": -9.247671127319336,
        "z": 3.422520875930786
    },
    "gyroscope": {
        "x": -0.011184069328010082,
        "y": -0.003728023264557123,
        "z": 0.004792673978954554
    }
}