{
    "acceleration": {
        "x": 0.5393657088279724,
        "y": -9.5418701171875,
        "z": 1.019891619682312
    },
    "gyroscope": {
        "x": -0.013847441412508488,
        "y": -0.005324999336153269,
        "z": 0.0021293016616255045
    }
}