{
    "acceleration": {
        "x": 0.16671304404735565,
        "y": -9.45361042022705,
        "z": -2.3830158710479736
    },
    "gyroscope": {
        "x": -0.006923720706254244,
        "y": 0.0026616270188242197,
        "z": 0.005859069991856813
    }
}