{
    "acceleration": {
        "x": -0.16671304404735565,
        "y": -7.845319747924805,
        "z": -5.756503582000732
    },
    "gyroscope": {
        "x": -0.003728023264557123,
        "y": -0.0026616270188242197,
        "z": -0.0031956976745277643
    }
}