{
    "acceleration": {
        "x": 1.3533176183700562,
        "y": -8.884824752807617,
        "z": 3.9226598739624023
    },
    "gyroscope": {
        "x": -0.013315116055309772,
        "y": -0.013847441412508488,
        "z": -0.0010646508308127522
    }
}