{
    "acceleration": {
        "x": -0.04903324693441391,
        "y": -8.973084449768066,
        "z": 4.069759845733643
    },
    "gyroscope": {
        "x": 0.004260348621755838,
        "y": -0.007456046529114246,
        "z": -0.0021293016616255045
    }
}