{
    "acceleration": {
        "x": 1.5396440029144287,
        "y": -9.600709915161133,
        "z": -1.9417166709899902
    },
    "gyroscope": {
        "x": 0.004260348621755838,
        "y": 0.006391395349055529,
        "z": 0.0026616270188242197
    }
}