{
    "acceleration": {
        "x": 0.9120184183120728,
        "y": -5.962442874908447,
        "z": 7.786479949951172
    },
    "gyroscope": {
        "x": -0.006391395349055529,
        "y": 0.0021293016616255045,
        "z": 0.0015969761880114675
    }
}