{
    "acceleration": {
        "x": 0.5491724014282227,
        "y": -3.0400614738464355,
        "z": 9.34573745727539
    },
    "gyroscope": {
        "x": -0.004792673978954554,
        "y": -0.0005323254154063761,
        "z": -0.004260348621755838
    }
}