{
    "acceleration": {
        "x": 0.5393657088279724,
        "y": -9.679162979125977,
        "z": -1.2454445362091064
    },
    "gyroscope": {
        "x": 0.019174186512827873,
        "y": 0.008520697243511677,
        "z": -0.007456046529114246
    }
}