{
    "acceleration": {
        "x": -0.17651969194412231,
        "y": -9.64974308013916,
        "z": -1.81423020362854
    },
    "gyroscope": {
        "x": 0.0031956976745277643,
        "y": -0.006391395349055529,
        "z": -0.009587093256413937
    }
}