{
    "acceleration": {
        "x": 0.4805258512496948,
        "y": -5.776116847991943,
        "z": 7.9041595458984375
    },
    "gyroscope": {
        "x": 0.006391395349055529,
        "y": -0.0010646508308127522,
        "z": -0.003728023264557123
    }
}