{
    "acceleration": {
        "x": -0.08825984597206116,
        "y": -9.75761604309082,
        "z": 0.8924051523208618
    },
    "gyroscope": {
        "x": 0.006923720706254244,
        "y": -0.011718139983713627,
        "z": -0.007988371886312962
    }
}