{
    "acceleration": {
        "x": 1.7063570022583008,
        "y": -7.129434585571289,
        "z": 6.629295349121094
    },
    "gyroscope": {
        "x": 0.004260348621755838,
        "y": 0.008520697243511677,
        "z": -0.0021293016616255045
    }
}