{
    "acceleration": {
        "x": 0.45110589265823364,
        "y": -9.5418701171875,
        "z": -2.226109504699707
    },
    "gyroscope": {
        "x": 0.003728023264557123,
        "y": 0.010651743970811367,
        "z": 0.004260348621755838
    }
}