{
    "acceleration": {
        "x": 0.5883989930152893,
        "y": -9.002504348754883,
        "z": 4.020726203918457
    },
    "gyroscope": {
        "x": 0.009587093256413937,
        "y": 0.003728023264557123,
        "z": -0.005324999336153269
    }
}