{
    "acceleration": {
        "x": -0.05883989855647087,
        "y": -7.619766712188721,
        "z": 6.2566423416137695
    },
    "gyroscope": {
        "x": 0.010651743970811367,
        "y": 0.0010646508308127522,
        "z": -0.004260348621755838
    }
}