{
    "acceleration": {
        "x": 0.23535959422588348,
        "y": -9.81645679473877,
        "z": 0.03922659903764725
    },
    "gyroscope": {
        "x": 0.005324999336153269,
        "y": -0.0026616270188242197,
        "z": -0.004260348621755838
    }
}