{
    "acceleration": {
        "x": 0.6570455431938171,
        "y": -7.198081016540527,
        "z": 6.619488716125488
    },
    "gyroscope": {
        "x": -0.004260348621755838,
        "y": -0.0021293016616255045,
        "z": -0.004260348621755838
    }
}