{
    "acceleration": {
        "x": 0.37265267968177795,
        "y": -7.933579444885254,
        "z": 5.7368903160095215
    },
    "gyroscope": {
        "x": -0.011184069328010082,
        "y": -0.010651743970811367,
        "z": 0.005859069991856813
    }
}