{
    "acceleration": {
        "x": 1.382737636566162,
        "y": -1.3337043523788452,
        "z": 9.679162979125977
    },
    "gyroscope": {
        "x": -0.004260348621755838,
        "y": -0.006391395349055529,
        "z": -0.004792673978954554
    }
}