{
    "acceleration": {
        "x": 0.8629851937294006,
        "y": -8.74753189086914,
        "z": -4.22666597366333
    },
    "gyroscope": {
        "x": -0.014379767701029778,
        "y": -0.0010646508308127522,
        "z": 0.007456046529114246
    }
}