{
    "acceleration": {
        "x": 0.156906396150589,
        "y": -5.687856674194336,
        "z": 8.05125904083252
    },
    "gyroscope": {
        "x": 0.010651743970811367,
        "y": -0.009054767899215221,
        "z": -0.005859069991856813
    }
}