{
    "acceleration": {
        "x": -0.16671304404735565,
        "y": -9.404577255249023,
        "z": -2.9518015384674072
    },
    "gyroscope": {
        "x": -0.007456046529114246,
        "y": -0.006923720706254244,
        "z": 0.004260348621755838
    }
}