{
    "acceleration": {
        "x": 1.3042844533920288,
        "y": -9.502643585205078,
        "z": -2.1378495693206787
    },
    "gyroscope": {
        "x": -0.010119418613612652,
        "y": -0.011184069328010082,
        "z": 0.0015969761880114675
    }
}