{
    "acceleration": {
        "x": 1.9221034049987793,
        "y": -1.1375713348388672,
        "z": 9.590903282165527
    },
    "gyroscope": {
        "x": -0.0021293016616255045,
        "y": -0.007456046529114246,
        "z": -0.003728023264557123
    }
}