{
    "acceleration": {
        "x": 0.9806649684906006,
        "y": -3.049868106842041,
        "z": 9.306510925292969
    },
    "gyroscope": {
        "x": -0.010651743970811367,
        "y": 0.0010646508308127522,
        "z": 0.0015969761880114675
    }
}