{
    "acceleration": {
        "x": 0.5589790344238281,
        "y": -8.718111991882324,
        "z": 4.442412376403809
    },
    "gyroscope": {
        "x": -0.017577210441231728,
        "y": 0.0015969761880114675,
        "z": 0.0015969761880114675
    }
}