{
    "acceleration": {
        "x": 0.5295590758323669,
        "y": -8.620044708251953,
        "z": -4.942551612854004
    },
    "gyroscope": {
        "x": 0.003728023264557123,
        "y": 0.008520697243511677,
        "z": 0.0015969761880114675
    }
}