{
    "acceleration": {
        "x": 0.019613299518823624,
        "y": -7.835513114929199,
        "z": 5.972249507904053
    },
    "gyroscope": {
        "x": -0.004260348621755838,
        "y": -0.0005323254154063761,
        "z": -0.0010646508308127522
    }
}