{
    "acceleration": {
        "x": 1.45138418674469,
        "y": -8.54159164428711,
        "z": -4.2364726066589355
    },
    "gyroscope": {
        "x": -0.0005323254154063761,
        "y": -0.010651743970811367,
        "z": -0.006923720706254244
    }
}