{
    "acceleration": {
        "x": 0.0784531980752945,
        "y": -8.924051284790039,
        "z": 3.9030466079711914
    },
    "gyroscope": {
        "x": -0.007456046529114246,
        "y": -0.0021293016616255045,
        "z": -0.0021293016616255045
    }
}