{
    "acceleration": {
        "x": 0.37265267968177795,
        "y": -1.4709974527359009,
        "z": 9.73800277709961
    },
    "gyroscope": {
        "x": -0.0015969761880114675,
        "y": -0.0031956976745277643,
        "z": 0.0
    }
}