{
    "acceleration": {
        "x": 1.1964112520217896,
        "y": -7.413827419281006,
        "z": 6.364515781402588
    },
    "gyroscope": {
        "x": -0.009587093256413937,
        "y": -0.005324999336153269,
        "z": 0.0021293016616255045
    }
}