{
    "acceleration": {
        "x": 0.16671304404735565,
        "y": -2.039783239364624,
        "z": 9.64974308013916
    },
    "gyroscope": {
        "x": -0.006391395349055529,
        "y": -0.0005323254154063761,
        "z": -0.0015969761880114675
    }
}