{
    "acceleration": {
        "x": 0.627625584602356,
        "y": -9.296704292297363,
        "z": -2.6870219707489014
    },
    "gyroscope": {
        "x": -0.020240582525730133,
        "y": -0.006391395349055529,
        "z": 0.006923720706254244
    }
}