{
    "acceleration": {
        "x": 0.6962721347808838,
        "y": -9.463417053222656,
        "z": 2.7164418697357178
    },
    "gyroscope": {
        "x": -0.006391395349055529,
        "y": -0.014913838356733322,
        "z": -0.0015969761880114675
    }
}