{
    "acceleration": {
        "x": 1.4611908197402954,
        "y": -5.31520414352417,
        "z": 8.12971305847168
    },
    "gyroscope": {
        "x": -0.0015969761880114675,
        "y": -0.01970651187002659,
        "z": -0.0010646508308127522
    }
}