{
    "acceleration": {
        "x": 0.11767979711294174,
        "y": -4.9131317138671875,
        "z": 8.54159164428711
    },
    "gyroscope": {
        "x": 0.0031956976745277643,
        "y": 0.0021293016616255045,
        "z": -0.005324999336153269
    }
}