{
    "acceleration": {
        "x": 0.725692093372345,
        "y": -4.442412376403809,
        "z": 8.757338523864746
    },
    "gyroscope": {
        "x": -0.013847441412508488,
        "y": 0.0031956976745277643,
        "z": 0.004260348621755838
    }
}