{
    "acceleration": {
        "x": 0.4412992298603058,
        "y": -8.394492149353027,
        "z": -4.981778144836426
    },
    "gyroscope": {
        "x": -0.004260348621755838,
        "y": -0.0026616270188242197,
        "z": 0.004260348621755838
    }
}