{
    "acceleration": {
        "x": 0.8924051523208618,
        "y": -9.610516548156738,
        "z": 1.5788706541061401
    },
    "gyroscope": {
        "x": -0.007456046529114246,
        "y": 0.004792673978954554,
        "z": 0.0015969761880114675
    }
}