{
    "acceleration": {
        "x": 1.2160245180130005,
        "y": -4.442412376403809,
        "z": 8.718111991882324
    },
    "gyroscope": {
        "x": 0.0005323254154063761,
        "y": -0.003728023264557123,
        "z": -0.003728023264557123
    }
}