{
    "acceleration": {
        "x": 1.019891619682312,
        "y": -8.698498725891113,
        "z": 4.452219009399414
    },
    "gyroscope": {
        "x": -0.0026616270188242197,
        "y": -0.004260348621755838,
        "z": -0.006391395349055529
    }
}