{
    "acceleration": {
        "x": 1.0591181516647339,
        "y": -8.796565055847168,
        "z": -4.069759845733643
    },
    "gyroscope": {
        "x": -0.007988371886312962,
        "y": -0.006391395349055529,
        "z": 0.0015969761880114675
    }
}