{
    "acceleration": {
        "x": -0.04903324693441391,
        "y": -9.5418701171875,
        "z": -2.4810824394226074
    },
    "gyroscope": {
        "x": 0.010119418613612652,
        "y": -0.007988371886312962,
        "z": -0.007988371886312962
    }
}