{
    "acceleration": {
        "x": 1.3238977193832397,
        "y": -4.726805210113525,
        "z": 8.531785011291504
    },
    "gyroscope": {
        "x": -0.02183755859732628,
        "y": 0.0015969761880114675,
        "z": 0.005859069991856813
    }
}