{
    "acceleration": {
        "x": 0.47071918845176697,
        "y": -9.708582878112793,
        "z": 1.4121575355529785
    },
    "gyroscope": {
        "x": -0.02183755859732628,
        "y": -0.018641861155629158,
        "z": 0.006391395349055529
    }
}