{
    "acceleration": {
        "x": 1.6279038190841675,
        "y": -2.147656202316284,
        "z": 9.512450218200684
    },
    "gyroscope": {
        "x": -0.010651743970811367,
        "y": -0.011184069328010082,
        "z": 0.007456046529114246
    }
}