{
    "acceleration": {
        "x": 0.0,
        "y": -9.15941047668457,
        "z": 3.62846040725708
    },
    "gyroscope": {
        "x": 0.016510814428329468,
        "y": -0.004260348621755838,
        "z": -0.005324999336153269
    }
}