{
    "acceleration": {
        "x": 0.5982056260108948,
        "y": -8.031645774841309,
        "z": -5.6584367752075195
    },
    "gyroscope": {
        "x": -0.010651743970811367,
        "y": -0.0021293016616255045,
        "z": 0.005859069991856813
    }
}