{
    "acceleration": {
        "x": 1.4415775537490845,
        "y": -1.1964112520217896,
        "z": 9.659549713134766
    },
    "gyroscope": {
        "x": -0.0026616270188242197,
        "y": 0.0026616270188242197,
        "z": 0.0010646508308127522
    }
}