{
    "acceleration": {
        "x": 0.7747253179550171,
        "y": -3.9913065433502197,
        "z": 8.924051284790039
    },
    "gyroscope": {
        "x": -0.017577210441231728,
        "y": -0.005324999336153269,
        "z": 0.004792673978954554
    }
}