{
    "acceleration": {
        "x": -0.09806649386882782,
        "y": -8.472945213317871,
        "z": -4.883711814880371
    },
    "gyroscope": {
        "x": 0.0,
        "y": -0.005324999336153269,
        "z": 0.0005323254154063761
    }
}