{
    "acceleration": {
        "x": 1.4121575355529785,
        "y": -9.512450218200684,
        "z": 1.0689247846603394
    },
    "gyroscope": {
        "x": -0.011184069328010082,
        "y": -0.017043139785528183,
        "z": 0.0015969761880114675
    }
}