{
    "acceleration": {
        "x": 0.0784531980752945,
        "y": -7.658993244171143,
        "z": 6.217415809631348
    },
    "gyroscope": {
        "x": -0.012250465340912342,
        "y": -0.0026616270188242197,
        "z": 0.0010646508308127522
    }
}