{
    "acceleration": {
        "x": 0.8629851937294006,
        "y": -9.63012981414795,
        "z": -1.5690639019012451
    },
    "gyroscope": {
        "x": -0.008520697243511677,
        "y": -0.011184069328010082,
        "z": 0.0010646508308127522
    }
}