{
    "acceleration": {
        "x": -0.019613299518823624,
        "y": -9.806650161743164,
        "z": 0.823758602142334
    },
    "gyroscope": {
        "x": -0.015446163713932037,
        "y": -0.004260348621755838,
        "z": 0.004792673978954554
    }
}