{
    "acceleration": {
        "x": 0.9022117853164673,
        "y": -1.2454445362091064,
        "z": 9.718389511108398
    },
    "gyroscope": {
        "x": -0.0005323254154063761,
        "y": -0.009054767899215221,
        "z": -0.0026616270188242197
    }
}