{
    "acceleration": {
        "x": 1.5788706541061401,
        "y": -8.933857917785645,
        "z": 3.7559468746185303
    },
    "gyroscope": {
        "x": -0.02290220931172371,
        "y": -0.018641861155629158,
        "z": 0.006391395349055529
    }
}