{
    "acceleration": {
        "x": 0.29419949650764465,
        "y": -2.1182363033294678,
        "z": 9.581096649169922
    },
    "gyroscope": {
        "x": -0.0031956976745277643,
        "y": 0.0015969761880114675,
        "z": 0.0
    }
}