{
    "acceleration": {
        "x": 1.0493115186691284,
        "y": -9.571290016174316,
        "z": -1.863263487815857
    },
    "gyroscope": {
        "x": -0.004260348621755838,
        "y": -0.009587093256413937,
        "z": -0.0005323254154063761
    }
}