{
    "acceleration": {
        "x": 1.794616937637329,
        "y": -4.2364726066589355,
        "z": 8.708305358886719
    },
    "gyroscope": {
        "x": 0.0010646508308127522,
        "y": -0.003728023264557123,
        "z": 0.0010646508308127522
    }
}