{
    "acceleration": {
        "x": 0.23535959422588348,
        "y": -4.893518447875977,
        "z": 8.502365112304688
    },
    "gyroscope": {
        "x": -0.009054767899215221,
        "y": 0.007988371886312962,
        "z": -0.0026616270188242197
    }
}