{
    "acceleration": {
        "x": 1.2846710681915283,
        "y": -9.679162979125977,
        "z": 0.9120184183120728
    },
    "gyroscope": {
        "x": -0.018641861155629158,
        "y": -0.012250465340912342,
        "z": 0.004792673978954554
    }
}