{
    "acceleration": {
        "x": 1.4611908197402954,
        "y": -7.050981044769287,
        "z": 6.688135147094727
    },
    "gyroscope": {
        "x": 0.003728023264557123,
        "y": 0.003728023264557123,
        "z": -0.003728023264557123
    }
}