{
    "acceleration": {
        "x": 1.1964112520217896,
        "y": -8.629851341247559,
        "z": 4.6875786781311035
    },
    "gyroscope": {
        "x": -0.010119418613612652,
        "y": -0.0005323254154063761,
        "z": 0.005859069991856813
    }
}