{
    "acceleration": {
        "x": 1.255251169204712,
        "y": -8.74753189086914,
        "z": -4.197246074676514
    },
    "gyroscope": {
        "x": -0.007456046529114246,
        "y": -0.0031956976745277643,
        "z": 0.0021293016616255045
    }
}