{
    "acceleration": {
        "x": 0.6962721347808838,
        "y": -9.767423629760742,
        "z": 0.313812792301178
    },
    "gyroscope": {
        "x": 0.007456046529114246,
        "y": -0.0026616270188242197,
        "z": -0.004792673978954554
    }
}