{
    "acceleration": {
        "x": 1.0885381698608398,
        "y": -9.63012981414795,
        "z": 1.6082905530929565
    },
    "gyroscope": {
        "x": -0.007456046529114246,
        "y": -0.005859069991856813,
        "z": -0.0031956976745277643
    }
}