{
    "acceleration": {
        "x": -1.3925442695617676,
        "y": -9.129990577697754,
        "z": 3.255807638168335
    },
    "gyroscope": {
        "x": 0.010119418613612652,
        "y": -0.012782790698111057,
        "z": -0.006923720706254244
    }
}