{
    "acceleration": {
        "x": -2.9616081714630127,
        "y": -7.972806453704834,
        "z": -4.8346781730651855
    },
    "gyroscope": {
        "x": -0.007456046529114246,
        "y": -0.004792673978954554,
        "z": -0.0021293016616255045
    }
}