{
    "acceleration": {
        "x": -1.4611908197402954,
        "y": -2.804701805114746,
        "z": 9.43399715423584
    },
    "gyroscope": {
        "x": -0.02290220931172371,
        "y": -0.013847441412508488,
        "z": 0.009054767899215221
    }
}