{
    "acceleration": {
        "x": -1.5886772871017456,
        "y": -7.7570600509643555,
        "z": 5.766310214996338
    },
    "gyroscope": {
        "x": 0.018109535798430443,
        "y": 0.010651743970811367,
        "z": -0.007988371886312962
    }
}