{
    "acceleration": {
        "x": -1.5004174709320068,
        "y": -7.923772811889648,
        "z": -5.491724014282227
    },
    "gyroscope": {
        "x": 0.023436279967427254,
        "y": 0.020240582525730133,
        "z": -0.005859069991856813
    }
}