{
    "acceleration": {
        "x": -1.235637903213501,
        "y": -8.54159164428711,
        "z": 4.756225109100342
    },
    "gyroscope": {
        "x": -0.010119418613612652,
        "y": -0.012782790698111057,
        "z": -0.007456046529114246
    }
}