{
    "acceleration": {
        "x": -1.8240368366241455,
        "y": -8.963277816772461,
        "z": 3.648073673248291
    },
    "gyroscope": {
        "x": -0.011718139983713627,
        "y": -0.011718139983713627,
        "z": -0.0031956976745277643
    }
}