{
    "acceleration": {
        "x": -1.235637903213501,
        "y": -3.1185145378112793,
        "z": 9.257477760314941
    },
    "gyroscope": {
        "x": -0.018641861155629158,
        "y": -0.004792673978954554,
        "z": 0.0010646508308127522
    }
}