{
    "acceleration": {
        "x": -1.598483920097351,
        "y": -4.766031742095947,
        "z": 8.443525314331055
    },
    "gyroscope": {
        "x": -0.016510814428329468,
        "y": -0.009587093256413937,
        "z": 0.0
    }
}