{
    "acceleration": {
        "x": -1.2748644351959229,
        "y": -7.874739646911621,
        "z": -5.46230411529541
    },
    "gyroscope": {
        "x": -0.009587093256413937,
        "y": -0.005324999336153269,
        "z": 0.0015969761880114675
    }
}