{
    "acceleration": {
        "x": -2.079009771347046,
        "y": -8.767145156860352,
        "z": -3.854013442993164
    },
    "gyroscope": {
        "x": -0.003728023264557123,
        "y": -0.007988371886312962,
        "z": -0.004260348621755838
    }
}