{
    "acceleration": {
        "x": -2.0692031383514404,
        "y": -9.561483383178711,
        "z": -0.9512450098991394
    },
    "gyroscope": {
        "x": -0.0010646508308127522,
        "y": -0.009587093256413937,
        "z": -0.0021293016616255045
    }
}