{
    "acceleration": {
        "x": -2.000556468963623,
        "y": -6.746974945068359,
        "z": 6.796008110046387
    },
    "gyroscope": {
        "x": -0.023436279967427254,
        "y": 0.013315116055309772,
        "z": 0.005859069991856813
    }
}