{
    "acceleration": {
        "x": -1.8926833868026733,
        "y": -9.443803787231445,
        "z": -1.9613299369812012
    },
    "gyroscope": {
        "x": -0.014379767701029778,
        "y": -0.006391395349055529,
        "z": 0.003728023264557123
    }
}