{
    "acceleration": {
        "x": -1.7848103046417236,
        "y": -7.835513114929199,
        "z": 5.697663307189941
    },
    "gyroscope": {
        "x": -0.006391395349055529,
        "y": -0.009587093256413937,
        "z": -0.007456046529114246
    }
}