{
    "acceleration": {
        "x": -1.1767979860305786,
        "y": -0.8531785011291504,
        "z": 9.75761604309082
    },
    "gyroscope": {
        "x": -0.006923720706254244,
        "y": -0.007456046529114246,
        "z": 0.003728023264557123
    }
}