{
    "acceleration": {
        "x": -1.7651969194412231,
        "y": -7.74725341796875,
        "z": -5.481917381286621
    },
    "gyroscope": {
        "x": -0.0005323254154063761,
        "y": 0.0015969761880114675,
        "z": -0.007456046529114246
    }
}