{
    "acceleration": {
        "x": -1.5102241039276123,
        "y": -2.9321882724761963,
        "z": 9.267284393310547
    },
    "gyroscope": {
        "x": 0.012782790698111057,
        "y": -0.009054767899215221,
        "z": -0.003728023264557123
    }
}