{
    "acceleration": {
        "x": -1.255251169204712,
        "y": -5.187717914581299,
        "z": 8.23758602142334
    },
    "gyroscope": {
        "x": -0.008520697243511677,
        "y": -0.0015969761880114675,
        "z": 0.004260348621755838
    }
}