{
    "acceleration": {
        "x": -1.794616937637329,
        "y": -9.0319242477417,
        "z": 3.5402004718780518
    },
    "gyroscope": {
        "x": -0.0026616270188242197,
        "y": -0.0021293016616255045,
        "z": -0.0026616270188242197
    }
}