{
    "acceleration": {
        "x": -2.7164418697357178,
        "y": -3.9716930389404297,
        "z": 8.580818176269531
    },
    "gyroscope": {
        "x": 0.012782790698111057,
        "y": -0.003728023264557123,
        "z": 0.0
    }
}