{
    "acceleration": {
        "x": -1.4121575355529785,
        "y": -8.884824752807617,
        "z": 3.932466506958008
    },
    "gyroscope": {
        "x": -0.02183755859732628,
        "y": -0.008520697243511677,
        "z": -0.0021293016616255045
    }
}