{
    "acceleration": {
        "x": -1.7455836534500122,
        "y": -9.306510925292969,
        "z": -2.245722770690918
    },
    "gyroscope": {
        "x": -0.0015969761880114675,
        "y": 0.0021293016616255045,
        "z": 0.0010646508308127522
    }
}