{
    "acceleration": {
        "x": -1.9711365699768066,
        "y": -3.8442068099975586,
        "z": 8.8554048538208
    },
    "gyroscope": {
        "x": -0.015978489071130753,
        "y": 0.010119418613612652,
        "z": -0.0005323254154063761
    }
}