{
    "acceleration": {
        "x": -1.2748644351959229,
        "y": -9.551676750183105,
        "z": -0.47071918845176697
    },
    "gyroscope": {
        "x": -0.005324999336153269,
        "y": -0.013847441412508488,
        "z": -0.0026616270188242197
    }
}