{
    "acceleration": {
        "x": -1.0787314176559448,
        "y": -5.501530647277832,
        "z": 8.316039085388184
    },
    "gyroscope": {
        "x": 0.033023372292518616,
        "y": -0.008520697243511677,
        "z": 0.0015969761880114675
    }
}