{
    "acceleration": {
        "x": -2.020169734954834,
        "y": -8.8554048538208,
        "z": 3.8049800395965576
    },
    "gyroscope": {
        "x": -0.016510814428329468,
        "y": 0.013315116055309772,
        "z": 0.004792673978954554
    }
}