{
    "acceleration": {
        "x": -1.4906107187271118,
        "y": -3.2067744731903076,
        "z": 9.129990577697754
    },
    "gyroscope": {
        "x": -0.018641861155629158,
        "y": 0.0026616270188242197,
        "z": 0.0031956976745277643
    }
}