{
    "acceleration": {
        "x": -1.1375713348388672,
        "y": -8.139519691467285,
        "z": 5.46230411529541
    },
    "gyroscope": {
        "x": -0.026631977409124374,
        "y": -0.004792673978954554,
        "z": -0.004260348621755838
    }
}