{
    "acceleration": {
        "x": -2.9616081714630127,
        "y": -9.335930824279785,
        "z": 0.9610517024993896
    },
    "gyroscope": {
        "x": 0.009587093256413937,
        "y": -0.005324999336153269,
        "z": 0.004260348621755838
    }
}