{
    "acceleration": {
        "x": -2.9812214374542236,
        "y": -9.0319242477417,
        "z": -2.3437893390655518
    },
    "gyroscope": {
        "x": 0.0021293016616255045,
        "y": -0.0010646508308127522,
        "z": -0.0005323254154063761
    }
}