{
    "acceleration": {
        "x": -2.7458620071411133,
        "y": -1.8926833868026733,
        "z": 9.23786449432373
    },
    "gyroscope": {
        "x": 0.011184069328010082,
        "y": 0.004260348621755838,
        "z": -0.0026616270188242197
    }
}