{
    "acceleration": {
        "x": -1.45138418674469,
        "y": -8.463138580322266,
        "z": 4.805258274078369
    },
    "gyroscope": {
        "x": 0.0031956976745277643,
        "y": -0.010119418613612652,
        "z": 0.0010646508308127522
    }
}