{
    "acceleration": {
        "x": -1.8044235706329346,
        "y": -9.365350723266602,
        "z": -2.8929617404937744
    },
    "gyroscope": {
        "x": 0.0324910469353199,
        "y": -0.022369883954524994,
        "z": -0.013315116055309772
    }
}