{
    "acceleration": {
        "x": -1.7553902864456177,
        "y": -9.247671127319336,
        "z": 2.471275806427002
    },
    "gyroscope": {
        "x": -0.02822895534336567,
        "y": 0.008520697243511677,
        "z": 0.003728023264557123
    }
}