{
    "acceleration": {
        "x": -1.3435109853744507,
        "y": -6.717555046081543,
        "z": 7.031367778778076
    },
    "gyroscope": {
        "x": 0.016510814428329468,
        "y": -0.010119418613612652,
        "z": -0.003728023264557123
    }
}