{
    "acceleration": {
        "x": -1.3238977193832397,
        "y": -7.178467750549316,
        "z": 6.5606489181518555
    },
    "gyroscope": {
        "x": -0.025565581396222115,
        "y": 0.005859069991856813,
        "z": -0.0010646508308127522
    }
}