{
    "acceleration": {
        "x": -1.4415775537490845,
        "y": -9.492836952209473,
        "z": 2.039783239364624
    },
    "gyroscope": {
        "x": 0.007988371886312962,
        "y": -0.010119418613612652,
        "z": -0.005859069991856813
    }
}