{
    "acceleration": {
        "x": -1.45138418674469,
        "y": -9.483030319213867,
        "z": -1.9515233039855957
    },
    "gyroscope": {
        "x": -0.009587093256413937,
        "y": -0.005324999336153269,
        "z": 0.004260348621755838
    }
}