{
    "acceleration": {
        "x": -1.3042844533920288,
        "y": -8.973084449768066,
        "z": -3.706913709640503
    },
    "gyroscope": {
        "x": -0.011718139983713627,
        "y": -0.007456046529114246,
        "z": 0.004260348621755838
    }
}