{
    "acceleration": {
        "x": -1.2454445362091064,
        "y": -4.442412376403809,
        "z": 8.718111991882324
    },
    "gyroscope": {
        "x": 0.006391395349055529,
        "y": -0.011718139983713627,
        "z": -0.0021293016616255045
    }
}