{
    "acceleration": {
        "x": -1.863263487815857,
        "y": -9.796843528747559,
        "z": -0.4805258512496948
    },
    "gyroscope": {
        "x": 0.0021293016616255045,
        "y": -0.013847441412508488,
        "z": -0.0015969761880114675
    }
}