{
    "acceleration": {
        "x": -1.9122966527938843,
        "y": -1.1964112520217896,
        "z": 9.600709915161133
    },
    "gyroscope": {
        "x": -0.018109535798430443,
        "y": 0.006391395349055529,
        "z": 0.0010646508308127522
    }
}