{
    "acceleration": {
        "x": -1.2944778203964233,
        "y": -9.502643585205078,
        "z": 2.1770763397216797
    },
    "gyroscope": {
        "x": -0.0026616270188242197,
        "y": -0.011718139983713627,
        "z": -0.006391395349055529
    }
}