{
    "acceleration": {
        "x": -2.824315071105957,
        "y": -7.1000142097473145,
        "z": 6.227222442626953
    },
    "gyroscope": {
        "x": 0.006391395349055529,
        "y": -0.011718139983713627,
        "z": 0.0021293016616255045
    }
}