{
    "acceleration": {
        "x": -1.0493115186691284,
        "y": -3.1283211708068848,
        "z": 9.404577255249023
    },
    "gyroscope": {
        "x": 0.009587093256413937,
        "y": -0.013847441412508488,
        "z": 0.008520697243511677
    }
}