{
    "acceleration": {
        "x": -1.8926833868026733,
        "y": -9.659549713134766,
        "z": 0.23535959422588348
    },
    "gyroscope": {
        "x": -0.014379767701029778,
        "y": -0.010119418613612652,
        "z": 0.0021293016616255045
    }
}