{
    "acceleration": {
        "x": -1.1277647018432617,
        "y": -0.5197524428367615,
        "z": 9.767423629760742
    },
    "gyroscope": {
        "x": -0.03568674623966217,
        "y": -0.007456046529114246,
        "z": 0.008520697243511677
    }
}