{
    "acceleration": {
        "x": -1.019891619682312,
        "y": -1.1375713348388672,
        "z": 9.75761604309082
    },
    "gyroscope": {
        "x": 0.0,
        "y": -0.014379767701029778,
        "z": 0.0031956976745277643
    }
}