{
    "acceleration": {
        "x": -2.8929617404937744,
        "y": -8.600431442260742,
        "z": 3.775560140609741
    },
    "gyroscope": {
        "x": 0.006391395349055529,
        "y": -0.010119418613612652,
        "z": 0.0031956976745277643
    }
}