{
    "acceleration": {
        "x": -1.8926833868026733,
        "y": -7.933579444885254,
        "z": -5.4328837394714355
    },
    "gyroscope": {
        "x": -0.0031956976745277643,
        "y": -0.004260348621755838,
        "z": -0.0031956976745277643
    }
}