{
    "acceleration": {
        "x": -1.7161637544631958,
        "y": -9.022117614746094,
        "z": 3.5107805728912354
    },
    "gyroscope": {
        "x": -0.011718139983713627,
        "y": 0.004260348621755838,
        "z": -0.008520697243511677
    }
}