{
    "acceleration": {
        "x": -1.431770920753479,
        "y": -8.639657974243164,
        "z": -4.295312404632568
    },
    "gyroscope": {
        "x": -0.011184069328010082,
        "y": -0.009587093256413937,
        "z": 0.0005323254154063761
    }
}