{
    "acceleration": {
        "x": -1.4709974527359009,
        "y": -5.413270473480225,
        "z": 8.041452407836914
    },
    "gyroscope": {
        "x": 0.029827676713466644,
        "y": 0.010119418613612652,
        "z": -0.0010646508308127522
    }
}