{
    "acceleration": {
        "x": -1.81423020362854,
        "y": -7.502087116241455,
        "z": -5.991862773895264
    },
    "gyroscope": {
        "x": 0.033023372292518616,
        "y": -0.02077290788292885,
        "z": -0.018641861155629158
    }
}