{
    "acceleration": {
        "x": -1.2454445362091064,
        "y": -9.698776245117188,
        "z": -0.990471601486206
    },
    "gyroscope": {
        "x": -0.006391395349055529,
        "y": -0.0015969761880114675,
        "z": -0.004260348621755838
    }
}