{
    "acceleration": {
        "x": -1.2846710681915283,
        "y": -9.32612419128418,
        "z": -2.8733484745025635
    },
    "gyroscope": {
        "x": -0.015446163713932037,
        "y": 0.003728023264557123,
        "z": 0.0005323254154063761
    }
}