{
    "acceleration": {
        "x": -1.2846710681915283,
        "y": -7.070594310760498,
        "z": 6.746974945068359
    },
    "gyroscope": {
        "x": -0.0021293016616255045,
        "y": -0.013315116055309772,
        "z": -0.004792673978954554
    }
}