{
    "acceleration": {
        "x": -1.4611908197402954,
        "y": -9.767423629760742,
        "z": 0.23535959422588348
    },
    "gyroscope": {
        "x": -0.0015969761880114675,
        "y": -0.010651743970811367,
        "z": -0.005324999336153269
    }
}