{
    "acceleration": {
        "x": -1.4611908197402954,
        "y": -9.708582878112793,
        "z": 0.6864655017852783
    },
    "gyroscope": {
        "x": -0.017043139785528183,
        "y": -0.0021293016616255045,
        "z": -0.0005323254154063761
    }
}