{
    "acceleration": {
        "x": -1.7357770204544067,
        "y": -7.825706481933594,
        "z": 5.707469940185547
    },
    "gyroscope": {
        "x": 0.005859069991856813,
        "y": -0.004260348621755838,
        "z": -0.004792673978954554
    }
}