{
    "acceleration": {
        "x": -1.667130470275879,
        "y": -5.579983711242676,
        "z": 7.972806453704834
    },
    "gyroscope": {
        "x": 0.006923720706254244,
        "y": 0.010651743970811367,
        "z": 0.0021293016616255045
    }
}