{
    "acceleration": {
        "x": -1.5298373699188232,
        "y": -2.1966896057128906,
        "z": 9.463417053222656
    },
    "gyroscope": {
        "x": -0.012250465340912342,
        "y": -0.015446163713932037,
        "z": 0.0026616270188242197
    }
}