{
    "acceleration": {
        "x": -1.4808040857315063,
        "y": -8.796565055847168,
        "z": -4.0893731117248535
    },
    "gyroscope": {
        "x": -0.0021293016616255045,
        "y": -0.0015969761880114675,
        "z": 0.0015969761880114675
    }
}