{
    "acceleration": {
        "x": -1.618097186088562,
        "y": -5.923216342926025,
        "z": 7.668799877166748
    },
    "gyroscope": {
        "x": 0.003728023264557123,
        "y": -0.005324999336153269,
        "z": 0.004792673978954554
    }
}