{
    "acceleration": {
        "x": -1.3140910863876343,
        "y": -4.491445541381836,
        "z": 8.678885459899902
    },
    "gyroscope": {
        "x": 0.014379767701029778,
        "y": -0.006391395349055529,
        "z": 0.0026616270188242197
    }
}