{
    "acceleration": {
        "x": -2.0888164043426514,
        "y": -9.512450218200684,
        "z": 1.3337043523788452
    },
    "gyroscope": {
        "x": -0.009587093256413937,
        "y": -0.0021293016616255045,
        "z": -0.0005323254154063761
    }
}