{
    "acceleration": {
        "x": -1.7063570022583008,
        "y": -9.492836952209473,
        "z": -0.3628460466861725
    },
    "gyroscope": {
        "x": -0.0367513969540596,
        "y": 0.011184069328010082,
        "z": 0.003728023264557123
    }
}