{
    "acceleration": {
        "x": -1.2650578022003174,
        "y": -4.560091972351074,
        "z": 8.629851341247559
    },
    "gyroscope": {
        "x": -0.0250332560390234,
        "y": -0.007988371886312962,
        "z": 0.0015969761880114675
    }
}