{
    "acceleration": {
        "x": -1.4808040857315063,
        "y": -9.620323181152344,
        "z": -1.45138418674469
    },
    "gyroscope": {
        "x": -0.009587093256413937,
        "y": -0.009587093256413937,
        "z": 0.0
    }
}