{
    "acceleration": {
        "x": -1.8730701208114624,
        "y": -7.374600410461426,
        "z": -5.942829608917236
    },
    "gyroscope": {
        "x": 0.03888244554400444,
        "y": -0.013315116055309772,
        "z": -0.020240582525730133
    }
}