{
    "acceleration": {
        "x": -1.7651969194412231,
        "y": -9.659549713134766,
        "z": 0.6864655017852783
    },
    "gyroscope": {
        "x": -0.0031956976745277643,
        "y": -0.006391395349055529,
        "z": 0.0031956976745277643
    }
}