{
    "acceleration": {
        "x": -1.1767979860305786,
        "y": -9.247671127319336,
        "z": 2.9419949054718018
    },
    "gyroscope": {
        "x": -0.007988371886312962,
        "y": 0.014379767701029778,
        "z": 0.0005323254154063761
    }
}