{
    "acceleration": {
        "x": -1.3729310035705566,
        "y": -8.061065673828125,
        "z": 5.4328837394714355
    },
    "gyroscope": {
        "x": 0.027696629986166954,
        "y": -0.009054767899215221,
        "z": -0.007988371886312962
    }
}