{
    "acceleration": {
        "x": -1.5298373699188232,
        "y": -9.071150779724121,
        "z": -3.481360673904419
    },
    "gyroscope": {
        "x": -0.0250332560390234,
        "y": -0.0021293016616255045,
        "z": 0.009054767899215221
    }
}