{
    "acceleration": {
        "x": -1.7161637544631958,
        "y": -8.492558479309082,
        "z": 4.71699857711792
    },
    "gyroscope": {
        "x": -0.03036000207066536,
        "y": -0.015978489071130753,
        "z": -0.0005323254154063761
    }
}