{
    "acceleration": {
        "x": -1.8828767538070679,
        "y": -9.071150779724121,
        "z": -3.5402004718780518
    },
    "gyroscope": {
        "x": 0.030892327427864075,
        "y": -0.017043139785528183,
        "z": -0.014379767701029778
    }
}