{
    "acceleration": {
        "x": 1.0296982526779175,
        "y": -4.56989860534668,
        "z": 8.649465560913086
    },
    "gyroscope": {
        "x": -0.013315116055309772,
        "y": 0.005859069991856813,
        "z": 0.0015969761880114675
    }
}