{
    "acceleration": {
        "x": 1.421964168548584,
        "y": -1.6965503692626953,
        "z": 9.600709915161133
    },
    "gyroscope": {
        "x": 0.0010646508308127522,
        "y": -0.008520697243511677,
        "z": -0.0010646508308127522
    }
}