{
    "acceleration": {
        "x": 0.32361945509910583,
        "y": -8.678885459899902,
        "z": 4.520865440368652
    },
    "gyroscope": {
        "x": 0.018641861155629158,
        "y": 0.014913838356733322,
        "z": -0.010651743970811367
    }
}