{
    "acceleration": {
        "x": 0.6374322175979614,
        "y": -8.168939590454102,
        "z": -5.403463840484619
    },
    "gyroscope": {
        "x": 0.0005323254154063761,
        "y": -0.0026616270188242197,
        "z": -0.004260348621755838
    }
}