{
    "acceleration": {
        "x": 0.4314925968647003,
        "y": -9.767423629760742,
        "z": 1.9417166709899902
    },
    "gyroscope": {
        "x": -0.02396860532462597,
        "y": -0.015446163713932037,
        "z": 0.003728023264557123
    }
}