{
    "acceleration": {
        "x": 1.1669913530349731,
        "y": -7.266727447509766,
        "z": 6.541035175323486
    },
    "gyroscope": {
        "x": 0.005324999336153269,
        "y": 0.0021293016616255045,
        "z": -0.0010646508308127522
    }
}