{
    "acceleration": {
        "x": 1.647517204284668,
        "y": -1.0002782344818115,
        "z": 9.679162979125977
    },
    "gyroscope": {
        "x": -0.017577210441231728,
        "y": -0.0031956976745277643,
        "z": 0.009587093256413937
    }
}