{
    "acceleration": {
        "x": 1.0689247846603394,
        "y": -9.708582878112793,
        "z": 0.7943386435508728
    },
    "gyroscope": {
        "x": -0.008520697243511677,
        "y": 0.005324999336153269,
        "z": 0.004260348621755838
    }
}