{
    "acceleration": {
        "x": 0.254972904920578,
        "y": -1.8828767538070679,
        "z": 9.669356346130371
    },
    "gyroscope": {
        "x": -0.004792673978954554,
        "y": 0.003728023264557123,
        "z": -0.0031956976745277643
    }
}