{
    "acceleration": {
        "x": 0.42168593406677246,
        "y": -7.462860584259033,
        "z": 6.433162212371826
    },
    "gyroscope": {
        "x": -0.0026616270188242197,
        "y": -0.014379767701029778,
        "z": -0.006391395349055529
    }
}