{
    "acceleration": {
        "x": 1.45138418674469,
        "y": -4.658158779144287,
        "z": 8.502365112304688
    },
    "gyroscope": {
        "x": -0.0005323254154063761,
        "y": 0.0021293016616255045,
        "z": -0.0021293016616255045
    }
}