{
    "acceleration": {
        "x": 0.990471601486206,
        "y": -8.031645774841309,
        "z": -5.472110748291016
    },
    "gyroscope": {
        "x": 0.0010646508308127522,
        "y": -0.003728023264557123,
        "z": -0.0021293016616255045
    }
}