{
    "acceleration": {
        "x": 1.3337043523788452,
        "y": -2.5497288703918457,
        "z": 9.404577255249023
    },
    "gyroscope": {
        "x": 0.0026616270188242197,
        "y": -0.006391395349055529,
        "z": -0.0005323254154063761
    }
}