{
    "acceleration": {
        "x": 0.5393657088279724,
        "y": -4.638545513153076,
        "z": 8.698498725891113
    },
    "gyroscope": {
        "x": -0.015978489071130753,
        "y": -0.003728023264557123,
        "z": -0.0010646508308127522
    }
}