{
    "acceleration": {
        "x": 0.8335652351379395,
        "y": -9.718389511108398,
        "z": -0.26477953791618347
    },
    "gyroscope": {
        "x": -0.010119418613612652,
        "y": -0.0010646508308127522,
        "z": 0.006391395349055529
    }
}