{
    "acceleration": {
        "x": 1.1669913530349731,
        "y": -1.81423020362854,
        "z": 9.600709915161133
    },
    "gyroscope": {
        "x": -0.014379767701029778,
        "y": 0.0010646508308127522,
        "z": 0.010651743970811367
    }
}