{
    "acceleration": {
        "x": 0.8825984597206116,
        "y": -7.413827419281006,
        "z": 6.413548946380615
    },
    "gyroscope": {
        "x": -0.010119418613612652,
        "y": -0.015446163713932037,
        "z": -0.0015969761880114675
    }
}