{
    "acceleration": {
        "x": 1.1964112520217896,
        "y": -8.865211486816406,
        "z": -3.9716930389404297
    },
    "gyroscope": {
        "x": 0.0010646508308127522,
        "y": 0.0,
        "z": -0.0015969761880114675
    }
}