{
    "acceleration": {
        "x": 0.42168593406677246,
        "y": -9.561483383178711,
        "z": -2.324176073074341
    },
    "gyroscope": {
        "x": 0.006391395349055529,
        "y": 0.0031956976745277643,
        "z": -0.0021293016616255045
    }
}