{
    "acceleration": {
        "x": 0.6570455431938171,
        "y": -6.031089782714844,
        "z": 7.766866683959961
    },
    "gyroscope": {
        "x": 0.006923720706254244,
        "y": -0.004260348621755838,
        "z": -0.004792673978954554
    }
}