{
    "acceleration": {
        "x": 0.509945809841156,
        "y": -9.257477760314941,
        "z": 3.3440675735473633
    },
    "gyroscope": {
        "x": -0.012782790698111057,
        "y": -0.008520697243511677,
        "z": 0.0005323254154063761
    }
}