{
    "acceleration": {
        "x": -0.0784531980752945,
        "y": -9.81645679473877,
        "z": 0.9806649684906006
    },
    "gyroscope": {
        "x": -0.0031956976745277643,
        "y": -0.004260348621755838,
        "z": 0.0015969761880114675
    }
}