{
    "acceleration": {
        "x": 1.1473779678344727,
        "y": -9.73800277709961,
        "z": 0.509945809841156
    },
    "gyroscope": {
        "x": -0.003728023264557123,
        "y": -0.006923720706254244,
        "z": -0.004792673978954554
    }
}