{
    "acceleration": {
        "x": 1.8534568548202515,
        "y": -5.982056140899658,
        "z": 7.541313648223877
    },
    "gyroscope": {
        "x": -0.016510814428329468,
        "y": 0.004260348621755838,
        "z": -0.0005323254154063761
    }
}