{
    "acceleration": {
        "x": 0.45110589265823364,
        "y": -9.787036895751953,
        "z": 0.04903324693441391
    },
    "gyroscope": {
        "x": -0.02290220931172371,
        "y": -0.011184069328010082,
        "z": 0.004260348621755838
    }
}