{
    "acceleration": {
        "x": 1.019891619682312,
        "y": -9.492836952209473,
        "z": -2.1378495693206787
    },
    "gyroscope": {
        "x": -0.008520697243511677,
        "y": 0.004260348621755838,
        "z": 0.007456046529114246
    }
}