{
    "acceleration": {
        "x": 1.6769371032714844,
        "y": -9.267284393310547,
        "z": 2.8929617404937744
    },
    "gyroscope": {
        "x": -0.005324999336153269,
        "y": -0.004792673978954554,
        "z": 0.0005323254154063761
    }
}