{
    "acceleration": {
        "x": 0.3040061295032501,
        "y": -9.718389511108398,
        "z": 1.2944778203964233
    },
    "gyroscope": {
        "x": 0.0,
        "y": -0.003728023264557123,
        "z": -0.004792673978954554
    }
}