{
    "acceleration": {
        "x": 1.2160245180130005,
        "y": -7.992419719696045,
        "z": 5.521143913269043
    },
    "gyroscope": {
        "x": -0.008520697243511677,
        "y": 0.004792673978954554,
        "z": 0.005324999336153269
    }
}