{
    "acceleration": {
        "x": 1.0493115186691284,
        "y": -9.061344146728516,
        "z": 3.834399938583374
    },
    "gyroscope": {
        "x": -0.0021293016616255045,
        "y": -0.010119418613612652,
        "z": -0.004260348621755838
    }
}