{
    "acceleration": {
        "x": 1.0493115186691284,
        "y": -8.649465560913086,
        "z": 4.56989860534668
    },
    "gyroscope": {
        "x": 0.0,
        "y": -0.012250465340912342,
        "z": -0.005859069991856813
    }
}