{
    "acceleration": {
        "x": 0.7747253179550171,
        "y": -9.23786449432373,
        "z": -3.1675479412078857
    },
    "gyroscope": {
        "x": -0.014913838356733322,
        "y": -0.004792673978954554,
        "z": 0.0015969761880114675
    }
}