{
    "acceleration": {
        "x": 0.990471601486206,
        "y": -8.188552856445312,
        "z": 5.491724014282227
    },
    "gyroscope": {
        "x": 0.0005323254154063761,
        "y": -0.009587093256413937,
        "z": -0.0015969761880114675
    }
}