{
    "acceleration": {
        "x": 0.6668521761894226,
        "y": -1.7259703874588013,
        "z": 9.718389511108398
    },
    "gyroscope": {
        "x": -0.006391395349055529,
        "y": -0.0015969761880114675,
        "z": -0.0005323254154063761
    }
}