{
    "acceleration": {
        "x": 1.3533176183700562,
        "y": -5.530950546264648,
        "z": 7.972806453704834
    },
    "gyroscope": {
        "x": -0.004260348621755838,
        "y": 0.005324999336153269,
        "z": -0.0005323254154063761
    }
}