{
    "acceleration": {
        "x": 0.34323275089263916,
        "y": -7.178467750549316,
        "z": 6.570455551147461
    },
    "gyroscope": {
        "x": 0.020240582525730133,
        "y": 0.013847441412508488,
        "z": -0.010651743970811367
    }
}