{
    "acceleration": {
        "x": 1.7750035524368286,
        "y": -7.933579444885254,
        "z": 5.560370445251465
    },
    "gyroscope": {
        "x": -0.004792673978954554,
        "y": -0.0026616270188242197,
        "z": 0.005324999336153269
    }
}