{
    "acceleration": {
        "x": 1.3337043523788452,
        "y": -4.952358245849609,
        "z": 8.404298782348633
    },
    "gyroscope": {
        "x": 0.009054767899215221,
        "y": -0.011718139983713627,
        "z": -0.005324999336153269
    }
}