{
    "acceleration": {
        "x": 0.7649186849594116,
        "y": -3.4715540409088135,
        "z": 9.15941047668457
    },
    "gyroscope": {
        "x": -0.020240582525730133,
        "y": -0.0015969761880114675,
        "z": 0.008520697243511677
    }
}