{
    "acceleration": {
        "x": 1.5592572689056396,
        "y": -9.090764045715332,
        "z": -3.089094638824463
    },
    "gyroscope": {
        "x": -0.006923720706254244,
        "y": 0.0015969761880114675,
        "z": 0.006923720706254244
    }
}