{
    "acceleration": {
        "x": -0.029419949278235435,
        "y": -8.757338523864746,
        "z": 4.540478706359863
    },
    "gyroscope": {
        "x": -0.005324999336153269,
        "y": -0.005324999336153269,
        "z": -0.0015969761880114675
    }
}