{
    "acceleration": {
        "x": 0.5589790344238281,
        "y": -4.766031742095947,
        "z": 8.639657974243164
    },
    "gyroscope": {
        "x": 0.009587093256413937,
        "y": 0.003728023264557123,
        "z": -0.007456046529114246
    }
}