{
    "acceleration": {
        "x": 2.000556468963623,
        "y": -3.216581106185913,
        "z": 9.110377311706543
    },
    "gyroscope": {
        "x": 0.003728023264557123,
        "y": -0.005859069991856813,
        "z": -0.0031956976745277643
    }
}