{
    "acceleration": {
        "x": 0.6374322175979614,
        "y": -1.3533176183700562,
        "z": 9.777230262756348
    },
    "gyroscope": {
        "x": -0.013315116055309772,
        "y": 0.0015969761880114675,
        "z": -0.003728023264557123
    }
}