{
    "acceleration": {
        "x": 0.5982056260108948,
        "y": -8.110099792480469,
        "z": 5.579983711242676
    },
    "gyroscope": {
        "x": 0.0005323254154063761,
        "y": -0.0010646508308127522,
        "z": -0.0015969761880114675
    }
}