{
    "acceleration": {
        "x": 1.0591181516647339,
        "y": -9.365350723266602,
        "z": -2.490889072418213
    },
    "gyroscope": {
        "x": -0.0021293016616255045,
        "y": 0.0031956976745277643,
        "z": 0.0026616270188242197
    }
}