{
    "acceleration": {
        "x": 0.13729310035705566,
        "y": -4.314925670623779,
        "z": 8.816178321838379
    },
    "gyroscope": {
        "x": -0.008520697243511677,
        "y": 0.008520697243511677,
        "z": 0.0010646508308127522
    }
}