{
    "acceleration": {
        "x": 0.7845319509506226,
        "y": -8.914244651794434,
        "z": 4.128599643707275
    },
    "gyroscope": {
        "x": -0.004792673978954554,
        "y": -0.005859069991856813,
        "z": -0.003728023264557123
    }
}