{
    "acceleration": {
        "x": -0.11767979711294174,
        "y": -8.463138580322266,
        "z": -4.8542914390563965
    },
    "gyroscope": {
        "x": -0.0021293016616255045,
        "y": 0.0005323254154063761,
        "z": 0.007988371886312962
    }
}