{
    "acceleration": {
        "x": 0.9806649684906006,
        "y": -7.874739646911621,
        "z": -5.776116847991943
    },
    "gyroscope": {
        "x": -0.0005323254154063761,
        "y": -0.006391395349055529,
        "z": -0.003728023264557123
    }
}