{
    "acceleration": {
        "x": 0.254972904920578,
        "y": -9.698776245117188,
        "z": -1.4808040857315063
    },
    "gyroscope": {
        "x": -0.0021293016616255045,
        "y": -0.007988371886312962,
        "z": -0.009054767899215221
    }
}