{
    "acceleration": {
        "x": 1.2160245180130005,
        "y": -2.579148769378662,
        "z": 9.473223686218262
    },
    "gyroscope": {
        "x": -0.009587093256413937,
        "y": 0.0031956976745277643,
        "z": 0.004260348621755838
    }
}