{
    "acceleration": {
        "x": 1.3337043523788452,
        "y": -8.580818176269531,
        "z": 4.638545513153076
    },
    "gyroscope": {
        "x": -0.024500930681824684,
        "y": -0.02609965205192566,
        "z": 0.009587093256413937
    }
}