{
    "acceleration": {
        "x": 1.2748644351959229,
        "y": -4.22666597366333,
        "z": 8.816178321838379
    },
    "gyroscope": {
        "x": -0.0026616270188242197,
        "y": 0.0015969761880114675,
        "z": -0.003728023264557123
    }
}