{
    "acceleration": {
        "x": 0.40207263827323914,
        "y": -7.992419719696045,
        "z": -5.501530647277832
    },
    "gyroscope": {
        "x": 0.0,
        "y": 0.0010646508308127522,
        "z": -0.003728023264557123
    }
}