{
    "acceleration": {
        "x": -0.13729310035705566,
        "y": -9.581096649169922,
        "z": -2.000556468963623
    },
    "gyroscope": {
        "x": -0.005324999336153269,
        "y": -0.0015969761880114675,
        "z": 0.004260348621755838
    }
}