{
    "acceleration": {
        "x": 0.9218250513076782,
        "y": -9.188830375671387,
        "z": 3.3048410415649414
    },
    "gyroscope": {
        "x": -0.0015969761880114675,
        "y": -0.0031956976745277643,
        "z": -0.0010646508308127522
    }
}