{
    "acceleration": {
        "x": 1.1767979860305786,
        "y": -9.120183944702148,
        "z": 3.6382670402526855
    },
    "gyroscope": {
        "x": 0.010119418613612652,
        "y": -0.009054767899215221,
        "z": -0.007988371886312962
    }
}