{
    "acceleration": {
        "x": 1.2258312702178955,
        "y": -9.561483383178711,
        "z": -1.833843469619751
    },
    "gyroscope": {
        "x": -0.004260348621755838,
        "y": -0.005324999336153269,
        "z": 0.0
    }
}