{
    "acceleration": {
        "x": 1.6573238372802734,
        "y": -9.747809410095215,
        "z": 0.23535959422588348
    },
    "gyroscope": {
        "x": -0.0005323254154063761,
        "y": -0.011184069328010082,
        "z": -0.0026616270188242197
    }
}