{
    "acceleration": {
        "x": 0.990471601486206,
        "y": -9.532063484191895,
        "z": 2.1182363033294678
    },
    "gyroscope": {
        "x": -0.008520697243511677,
        "y": -0.007988371886312962,
        "z": 0.0
    }
}