{
    "acceleration": {
        "x": 0.6668521761894226,
        "y": -9.581096649169922,
        "z": -2.039783239364624
    },
    "gyroscope": {
        "x": -0.006923720706254244,
        "y": -0.006391395349055529,
        "z": 0.0005323254154063761
    }
}