{
    "acceleration": {
        "x": 0.313812792301178,
        "y": -8.806371688842773,
        "z": -4.177632808685303
    },
    "gyroscope": {
        "x": -0.020240582525730133,
        "y": -0.018109535798430443,
        "z": -0.0031956976745277643
    }
}