{
    "acceleration": {
        "x": 0.42168593406677246,
        "y": -9.904716491699219,
        "z": -1.382737636566162
    },
    "gyroscope": {
        "x": 0.037283722311258316,
        "y": 0.04261046648025513,
        "z": -0.003728023264557123
    }
}