{
    "acceleration": {
        "x": 0.23535959422588348,
        "y": -8.669078826904297,
        "z": -4.579705238342285
    },
    "gyroscope": {
        "x": -0.005324999336153269,
        "y": -0.004792673978954554,
        "z": -0.0015969761880114675
    }
}