{
    "acceleration": {
        "x": 0.9708583354949951,
        "y": -8.718111991882324,
        "z": -4.412992477416992
    },
    "gyroscope": {
        "x": -0.004792673978954554,
        "y": 0.0021293016616255045,
        "z": 0.005859069991856813
    }
}