{
    "acceleration": {
        "x": 1.598483920097351,
        "y": -7.560926914215088,
        "z": -5.991862773895264
    },
    "gyroscope": {
        "x": -0.0021293016616255045,
        "y": 0.0,
        "z": 0.0
    }
}