{
    "acceleration": {
        "x": 0.7649186849594116,
        "y": -8.384685516357422,
        "z": -5.148490905761719
    },
    "gyroscope": {
        "x": 0.0010646508308127522,
        "y": -0.005859069991856813,
        "z": -0.005324999336153269
    }
}