{
    "acceleration": {
        "x": 1.1375713348388672,
        "y": -5.756503582000732,
        "z": 7.9041595458984375
    },
    "gyroscope": {
        "x": 0.010651743970811367,
        "y": -0.0031956976745277643,
        "z": -0.007456046529114246
    }
}