{
    "acceleration": {
        "x": 0.37265267968177795,
        "y": -8.865211486816406,
        "z": 4.324732780456543
    },
    "gyroscope": {
        "x": -0.0026616270188242197,
        "y": -0.007456046529114246,
        "z": -0.005324999336153269
    }
}