{
    "acceleration": {
        "x": 1.0002782344818115,
        "y": -9.443803787231445,
        "z": -2.432049036026001
    },
    "gyroscope": {
        "x": -0.012782790698111057,
        "y": -0.02077290788292885,
        "z": -0.006923720706254244
    }
}