{
    "acceleration": {
        "x": 1.1571847200393677,
        "y": -7.7570600509643555,
        "z": 6.011476516723633
    },
    "gyroscope": {
        "x": -0.005324999336153269,
        "y": -0.004260348621755838,
        "z": 0.0010646508308127522
    }
}