{
    "acceleration": {
        "x": 1.4611908197402954,
        "y": -2.2359161376953125,
        "z": 9.473223686218262
    },
    "gyroscope": {
        "x": -0.0010646508308127522,
        "y": -0.009054767899215221,
        "z": -0.0026616270188242197
    }
}