{
    "acceleration": {
        "x": 0.0,
        "y": -7.266727447509766,
        "z": 6.639101982116699
    },
    "gyroscope": {
        "x": -0.003728023264557123,
        "y": 0.004260348621755838,
        "z": 0.0021293016616255045
    }
}