{
    "acceleration": {
        "x": 1.3533176183700562,
        "y": -6.9136881828308105,
        "z": 6.815621376037598
    },
    "gyroscope": {
        "x": 0.005859069991856813,
        "y": 0.014913838356733322,
        "z": -0.006391395349055529
    }
}