{
    "acceleration": {
        "x": 1.1473779678344727,
        "y": -9.590903282165527,
        "z": 1.0983448028564453
    },
    "gyroscope": {
        "x": -0.013315116055309772,
        "y": -0.02716430276632309,
        "z": -0.0015969761880114675
    }
}