{
    "acceleration": {
        "x": -0.7943386435508728,
        "y": -5.80553674697876,
        "z": 7.9041595458984375
    },
    "gyroscope": {
        "x": -0.009587093256413937,
        "y": -0.004792673978954554,
        "z": 0.004260348621755838
    }
}