{
    "acceleration": {
        "x": -0.9610517024993896,
        "y": -9.061344146728516,
        "z": 3.687300205230713
    },
    "gyroscope": {
        "x": -0.010119418613612652,
        "y": -0.0021293016616255045,
        "z": 0.0010646508308127522
    }
}