{
    "acceleration": {
        "x": -1.863263487815857,
        "y": -9.659549713134766,
        "z": 0.725692093372345
    },
    "gyroscope": {
        "x": -0.010119418613612652,
        "y": -0.006923720706254244,
        "z": -0.0005323254154063761
    }
}