{
    "acceleration": {
        "x": -2.1182363033294678,
        "y": -5.197524547576904,
        "z": 8.05125904083252
    },
    "gyroscope": {
        "x": -0.004792673978954554,
        "y": -0.0005323254154063761,
        "z": 0.003728023264557123
    }
}