{
    "acceleration": {
        "x": -2.206496238708496,
        "y": -7.835513114929199,
        "z": 5.521143913269043
    },
    "gyroscope": {
        "x": -0.009054767899215221,
        "y": 0.0015969761880114675,
        "z": -0.0010646508308127522
    }
}