{
    "acceleration": {
        "x": -2.3339827060699463,
        "y": -7.9629998207092285,
        "z": -5.217137813568115
    },
    "gyroscope": {
        "x": -0.007456046529114246,
        "y": -0.006391395349055529,
        "z": 0.0021293016616255045
    }
}