{
    "acceleration": {
        "x": -1.8534568548202515,
        "y": -0.5883989930152893,
        "z": 9.63012981414795
    },
    "gyroscope": {
        "x": -0.005324999336153269,
        "y": 0.0015969761880114675,
        "z": 0.0015969761880114675
    }
}