{
    "acceleration": {
        "x": -1.3238977193832397,
        "y": -7.394214153289795,
        "z": 6.344902515411377
    },
    "gyroscope": {
        "x": -0.004792673978954554,
        "y": -0.007456046529114246,
        "z": 0.0026616270188242197
    }
}