{
    "acceleration": {
        "x": -0.5785923600196838,
        "y": -8.198359489440918,
        "z": -5.31520414352417
    },
    "gyroscope": {
        "x": -0.005324999336153269,
        "y": -0.010651743970811367,
        "z": -0.0026616270188242197
    }
}