{
    "acceleration": {
        "x": -0.6766588091850281,
        "y": -2.2163028717041016,
        "z": 9.571290016174316
    },
    "gyroscope": {
        "x": -0.004792673978954554,
        "y": -0.004792673978954554,
        "z": 0.0015969761880114675
    }
}