{
    "acceleration": {
        "x": -0.47071918845176697,
        "y": -8.031645774841309,
        "z": 5.6584367752075195
    },
    "gyroscope": {
        "x": -0.009587093256413937,
        "y": -0.006391395349055529,
        "z": 0.004792673978954554
    }
}