{
    "acceleration": {
        "x": -2.2947559356689453,
        "y": -8.100293159484863,
        "z": -4.952358245849609
    },
    "gyroscope": {
        "x": -0.006391395349055529,
        "y": -0.005859069991856813,
        "z": 0.003728023264557123
    }
}