{
    "acceleration": {
        "x": -1.0591181516647339,
        "y": -8.629851341247559,
        "z": 4.589511871337891
    },
    "gyroscope": {
        "x": -0.011718139983713627,
        "y": -0.0031956976745277643,
        "z": 0.0021293016616255045
    }
}