{
    "acceleration": {
        "x": -0.21574629843235016,
        "y": -2.30456280708313,
        "z": 9.571290016174316
    },
    "gyroscope": {
        "x": -0.0021293016616255045,
        "y": -0.0015969761880114675,
        "z": -0.003728023264557123
    }
}