{
    "acceleration": {
        "x": -2.696828603744507,
        "y": -9.404577255249023,
        "z": 0.6080122590065002
    },
    "gyroscope": {
        "x": -0.0005323254154063761,
        "y": -0.0015969761880114675,
        "z": -0.0031956976745277643
    }
}