{
    "acceleration": {
        "x": -1.980943202972412,
        "y": -4.511058807373047,
        "z": 8.512171745300293
    },
    "gyroscope": {
        "x": -0.006391395349055529,
        "y": -0.0021293016616255045,
        "z": -0.0005323254154063761
    }
}