{
    "acceleration": {
        "x": -1.4415775537490845,
        "y": -9.502643585205078,
        "z": -1.9122966527938843
    },
    "gyroscope": {
        "x": -0.007456046529114246,
        "y": -0.0021293016616255045,
        "z": 0.0026616270188242197
    }
}