{
    "acceleration": {
        "x": -2.186882972717285,
        "y": -8.267005920410156,
        "z": -4.756225109100342
    },
    "gyroscope": {
        "x": 0.0005323254154063761,
        "y": 0.0015969761880114675,
        "z": 0.0
    }
}