{
    "acceleration": {
        "x": -1.8828767538070679,
        "y": -7.0804009437561035,
        "z": 6.590068817138672
    },
    "gyroscope": {
        "x": -0.011718139983713627,
        "y": -0.0026616270188242197,
        "z": 0.0026616270188242197
    }
}