{
    "acceleration": {
        "x": -1.4121575355529785,
        "y": -9.698776245117188,
        "z": 1.0002782344818115
    },
    "gyroscope": {
        "x": -0.007988371886312962,
        "y": -0.0026616270188242197,
        "z": -0.0021293016616255045
    }
}