{
    "acceleration": {
        "x": -1.7455836534500122,
        "y": -1.0787314176559448,
        "z": 9.639936447143555
    },
    "gyroscope": {
        "x": 0.0005323254154063761,
        "y": -0.0015969761880114675,
        "z": -0.0021293016616255045
    }
}