{
    "acceleration": {
        "x": -1.81423020362854,
        "y": -4.177632808685303,
        "z": 8.757338523864746
    },
    "gyroscope": {
        "x": -0.008520697243511677,
        "y": -0.0010646508308127522,
        "z": -0.0015969761880114675
    }
}