{
    "acceleration": {
        "x": -0.5589790344238281,
        "y": -9.787036895751953,
        "z": 0.5491724014282227
    },
    "gyroscope": {
        "x": -0.011184069328010082,
        "y": -0.011718139983713627,
        "z": -0.0026616270188242197
    }
}