{
    "acceleration": {
        "x": -2.3143694400787354,
        "y": -9.247671127319336,
        "z": -2.373209238052368
    },
    "gyroscope": {
        "x": -0.0021293016616255045,
        "y": -0.0005323254154063761,
        "z": 0.0
    }
}