{
    "acceleration": {
        "x": -1.6082905530929565,
        "y": -4.491445541381836,
        "z": 8.610238075256348
    },
    "gyroscope": {
        "x": -0.005859069991856813,
        "y": -0.004792673978954554,
        "z": 0.007456046529114246
    }
}