{
    "acceleration": {
        "x": -2.167269706726074,
        "y": -9.45361042022705,
        "z": -1.6082905530929565
    },
    "gyroscope": {
        "x": -0.006923720706254244,
        "y": -0.0021293016616255045,
        "z": 0.0
    }
}