{
    "acceleration": {
        "x": -0.9218250513076782,
        "y": -2.8929617404937744,
        "z": 9.355544090270996
    },
    "gyroscope": {
        "x": -0.0026616270188242197,
        "y": -0.004260348621755838,
        "z": 0.003728023264557123
    }
}