{
    "acceleration": {
        "x": -1.0493115186691284,
        "y": -9.483030319213867,
        "z": -2.3535959720611572
    },
    "gyroscope": {
        "x": -0.010119418613612652,
        "y": -0.0026616270188242197,
        "z": 0.0015969761880114675
    }
}