{
    "acceleration": {
        "x": -2.098623037338257,
        "y": -7.041174411773682,
        "z": 6.51161527633667
    },
    "gyroscope": {
        "x": -0.0021293016616255045,
        "y": 0.005859069991856813,
        "z": 0.0005323254154063761
    }
}