{
    "acceleration": {
        "x": -2.6870219707489014,
        "y": -8.688692092895508,
        "z": 3.7853667736053467
    },
    "gyroscope": {
        "x": 0.0015969761880114675,
        "y": -0.005324999336153269,
        "z": -0.003728023264557123
    }
}