{
    "acceleration": {
        "x": -2.2555294036865234,
        "y": -9.551676750183105,
        "z": -0.13729310035705566
    },
    "gyroscope": {
        "x": -0.004792673978954554,
        "y": 0.004792673978954554,
        "z": 0.006391395349055529
    }
}