{
    "acceleration": {
        "x": -2.265336036682129,
        "y": -9.05153751373291,
        "z": -2.9518015384674072
    },
    "gyroscope": {
        "x": -0.0031956976745277643,
        "y": -0.0010646508308127522,
        "z": -0.0010646508308127522
    }
}