{
    "acceleration": {
        "x": -1.1277647018432617,
        "y": -8.404298782348633,
        "z": -4.844484806060791
    },
    "gyroscope": {
        "x": -0.0026616270188242197,
        "y": 0.0010646508308127522,
        "z": 0.006391395349055529
    }
}