{
    "acceleration": {
        "x": -1.2160245180130005,
        "y": -9.767423629760742,
        "z": 0.22555294632911682
    },
    "gyroscope": {
        "x": -0.008520697243511677,
        "y": -0.0031956976745277643,
        "z": 0.0026616270188242197
    }
}