{
    "acceleration": {
        "x": -2.6477954387664795,
        "y": -7.188274383544922,
        "z": 6.158576011657715
    },
    "gyroscope": {
        "x": -0.009587093256413937,
        "y": -0.0026616270188242197,
        "z": 0.0015969761880114675
    }
}