{
    "acceleration": {
        "x": -2.186882972717285,
        "y": -8.894631385803223,
        "z": 3.5402004718780518
    },
    "gyroscope": {
        "x": -0.006391395349055529,
        "y": -0.005859069991856813,
        "z": 0.0010646508308127522
    }
}