{
    "acceleration": {
        "x": -2.7752819061279297,
        "y": -7.580540180206299,
        "z": -5.540757179260254
    },
    "gyroscope": {
        "x": -0.006391395349055529,
        "y": -0.003728023264557123,
        "z": 0.003728023264557123
    }
}