{
    "acceleration": {
        "x": -1.1179580688476562,
        "y": -1.8436501026153564,
        "z": 9.610516548156738
    },
    "gyroscope": {
        "x": -0.011184069328010082,
        "y": 0.0005323254154063761,
        "z": -0.0005323254154063761
    }
}