{
    "acceleration": {
        "x": -0.9610517024993896,
        "y": -4.599318504333496,
        "z": 8.639657974243164
    },
    "gyroscope": {
        "x": -0.005324999336153269,
        "y": -0.005324999336153269,
        "z": -0.0010646508308127522
    }
}