{
    "acceleration": {
        "x": -2.0692031383514404,
        "y": -5.491724014282227,
        "z": 7.894352912902832
    },
    "gyroscope": {
        "x": -0.006923720706254244,
        "y": 0.0005323254154063761,
        "z": -0.0005323254154063761
    }
}