{
    "acceleration": {
        "x": -2.245722770690918,
        "y": -8.914244651794434,
        "z": 3.461747407913208
    },
    "gyroscope": {
        "x": -0.006923720706254244,
        "y": -0.003728023264557123,
        "z": -0.0015969761880114675
    }
}