{
    "acceleration": {
        "x": -2.5497288703918457,
        "y": -4.540478706359863,
        "z": 8.365072250366211
    },
    "gyroscope": {
        "x": -0.003728023264557123,
        "y": -0.003728023264557123,
        "z": 0.0
    }
}