{
    "acceleration": {
        "x": -1.863263487815857,
        "y": -8.992697715759277,
        "z": -3.4911673069000244
    },
    "gyroscope": {
        "x": -0.005324999336153269,
        "y": -0.005324999336153269,
        "z": 0.0021293016616255045
    }
}