{
    "acceleration": {
        "x": -2.1280429363250732,
        "y": -8.414105415344238,
        "z": 4.560091972351074
    },
    "gyroscope": {
        "x": -0.009587093256413937,
        "y": 0.0026616270188242197,
        "z": -0.0005323254154063761
    }
}