{
    "acceleration": {
        "x": -2.7066352367401123,
        "y": -9.129990577697754,
        "z": -2.2163028717041016
    },
    "gyroscope": {
        "x": -0.006391395349055529,
        "y": -0.0010646508308127522,
        "z": 0.0026616270188242197
    }
}