{
    "acceleration": {
        "x": -2.0103631019592285,
        "y": -2.1280429363250732,
        "z": 9.394770622253418
    },
    "gyroscope": {
        "x": 0.004792673978954554,
        "y": -0.003728023264557123,
        "z": -0.005859069991856813
    }
}