{
    "acceleration": {
        "x": -1.0002782344818115,
        "y": -9.787036895751953,
        "z": 0.5001391172409058
    },
    "gyroscope": {
        "x": -0.003728023264557123,
        "y": 0.0031956976745277643,
        "z": 0.0010646508308127522
    }
}