{
    "acceleration": {
        "x": -1.863263487815857,
        "y": -9.590903282165527,
        "z": -1.1669913530349731
    },
    "gyroscope": {
        "x": -0.009054767899215221,
        "y": -0.009587093256413937,
        "z": -0.0021293016616255045
    }
}