{
    "acceleration": {
        "x": -1.0885381698608398,
        "y": -9.620323181152344,
        "z": 1.7161637544631958
    },
    "gyroscope": {
        "x": -0.012782790698111057,
        "y": -0.007456046529114246,
        "z": 0.0021293016616255045
    }
}