{
    "acceleration": {
        "x": -1.0296982526779175,
        "y": -7.717833518981934,
        "z": -5.942829608917236
    },
    "gyroscope": {
        "x": -0.0005323254154063761,
        "y": -0.0015969761880114675,
        "z": 0.0026616270188242197
    }
}