{
    "acceleration": {
        "x": -1.8436501026153564,
        "y": -8.678885459899902,
        "z": 4.22666597366333
    },
    "gyroscope": {
        "x": -0.007988371886312962,
        "y": -0.006923720706254244,
        "z": -0.0026616270188242197
    }
}