{
    "acceleration": {
        "x": -2.2555294036865234,
        "y": -9.492836952209473,
        "z": 1.0002782344818115
    },
    "gyroscope": {
        "x": -0.009587093256413937,
        "y": -0.0021293016616255045,
        "z": 0.006391395349055529
    }
}