{
    "acceleration": {
        "x": -1.7651969194412231,
        "y": -9.571290016174316,
        "z": 1.3729310035705566
    },
    "gyroscope": {
        "x": -0.004260348621755838,
        "y": -0.0005323254154063761,
        "z": -0.0005323254154063761
    }
}