{
    "acceleration": {
        "x": -1.186604619026184,
        "y": -9.404577255249023,
        "z": 2.6281821727752686
    },
    "gyroscope": {
        "x": -0.006391395349055529,
        "y": -0.0031956976745277643,
        "z": 0.0031956976745277643
    }
}