{
    "acceleration": {
        "x": -1.6867437362670898,
        "y": -7.119627952575684,
        "z": 6.580262184143066
    },
    "gyroscope": {
        "x": -0.008520697243511677,
        "y": -0.0026616270188242197,
        "z": 0.0
    }
}