{
    "acceleration": {
        "x": -1.2160245180130005,
        "y": -5.050424575805664,
        "z": 8.345458984375
    },
    "gyroscope": {
        "x": -0.005324999336153269,
        "y": -0.0026616270188242197,
        "z": -0.003728023264557123
    }
}