{
    "acceleration": {
        "x": -1.010084867477417,
        "y": -7.384407043457031,
        "z": 6.442968845367432
    },
    "gyroscope": {
        "x": 0.0,
        "y": -0.004792673978954554,
        "z": -0.0015969761880114675
    }
}