{
    "acceleration": {
        "x": -0.8531785011291504,
        "y": -1.7161637544631958,
        "z": 9.688969612121582
    },
    "gyroscope": {
        "x": -0.0031956976745277643,
        "y": -0.004792673978954554,
        "z": 0.0015969761880114675
    }
}