{
    "acceleration": {
        "x": -2.4614691734313965,
        "y": -2.2359161376953125,
        "z": 9.267284393310547
    },
    "gyroscope": {
        "x": -0.0031956976745277643,
        "y": -0.0021293016616255045,
        "z": -0.004792673978954554
    }
}