{
    "acceleration": {
        "x": -0.47071918845176697,
        "y": -9.384963989257812,
        "z": 2.9419949054718018
    },
    "gyroscope": {
        "x": -0.009587093256413937,
        "y": 0.0021293016616255045,
        "z": 0.0010646508308127522
    }
}