{
    "acceleration": {
        "x": -1.7750035524368286,
        "y": -9.522256851196289,
        "z": -1.5690639019012451
    },
    "gyroscope": {
        "x": -0.005324999336153269,
        "y": -0.003728023264557123,
        "z": -0.006923720706254244
    }
}