{
    "acceleration": {
        "x": -1.9515233039855957,
        "y": -2.2163028717041016,
        "z": 9.394770622253418
    },
    "gyroscope": {
        "x": -0.0010646508308127522,
        "y": -0.004792673978954554,
        "z": 0.0
    }
}