{
    "acceleration": {
        "x": -1.5494506359100342,
        "y": -1.7161637544631958,
        "z": 9.581096649169922
    },
    "gyroscope": {
        "x": -0.008520697243511677,
        "y": -0.0010646508308127522,
        "z": 0.0005323254154063761
    }
}