{
    "acceleration": {
        "x": -1.81423020362854,
        "y": -8.669078826904297,
        "z": -4.197246074676514
    },
    "gyroscope": {
        "x": -0.003728023264557123,
        "y": -0.0015969761880114675,
        "z": 0.004260348621755838
    }
}