{
    "acceleration": {
        "x": -1.1081514358520508,
        "y": -7.894352912902832,
        "z": 5.756503582000732
    },
    "gyroscope": {
        "x": -0.006923720706254244,
        "y": -0.013847441412508488,
        "z": -0.0031956976745277643
    }
}