{
    "acceleration": {
        "x": -2.1280429363250732,
        "y": -7.698220252990723,
        "z": 5.746696949005127
    },
    "gyroscope": {
        "x": 0.0005323254154063761,
        "y": -0.003728023264557123,
        "z": -0.0010646508308127522
    }
}