{
    "acceleration": {
        "x": -1.0885381698608398,
        "y": -9.581096649169922,
        "z": -1.8240368366241455
    },
    "gyroscope": {
        "x": -0.007456046529114246,
        "y": 0.0005323254154063761,
        "z": 0.0015969761880114675
    }
}