{
    "acceleration": {
        "x": -0.8825984597206116,
        "y": -8.110099792480469,
        "z": 5.5113372802734375
    },
    "gyroscope": {
        "x": -0.011184069328010082,
        "y": 0.0021293016616255045,
        "z": -0.0026616270188242197
    }
}