{
    "acceleration": {
        "x": -1.2650578022003174,
        "y": -8.12971305847168,
        "z": -5.236751079559326
    },
    "gyroscope": {
        "x": -0.013847441412508488,
        "y": -0.006923720706254244,
        "z": 0.0021293016616255045
    }
}