{
    "acceleration": {
        "x": -1.7553902864456177,
        "y": -8.796565055847168,
        "z": 4.010919570922852
    },
    "gyroscope": {
        "x": -0.005324999336153269,
        "y": -0.0026616270188242197,
        "z": -0.0010646508308127522
    }
}