{
    "acceleration": {
        "x": -1.45138418674469,
        "y": -8.521978378295898,
        "z": -4.628738880157471
    },
    "gyroscope": {
        "x": -0.0031956976745277643,
        "y": -0.0005323254154063761,
        "z": 0.0031956976745277643
    }
}