{
    "acceleration": {
        "x": -1.019891619682312,
        "y": -5.933022975921631,
        "z": 7.815899848937988
    },
    "gyroscope": {
        "x": 0.0,
        "y": -0.0010646508308127522,
        "z": 0.0010646508308127522
    }
}