{
    "acceleration": {
        "x": -0.5785923600196838,
        "y": -9.129990577697754,
        "z": -3.4715540409088135
    },
    "gyroscope": {
        "x": -0.006391395349055529,
        "y": -0.0005323254154063761,
        "z": 0.004792673978954554
    }
}