{
    "acceleration": {
        "x": -2.147656202316284,
        "y": -9.443803787231445,
        "z": 1.7651969194412231
    },
    "gyroscope": {
        "x": -0.008520697243511677,
        "y": -0.010119418613612652,
        "z": 0.004260348621755838
    }
}