{
    "acceleration": {
        "x": -1.382737636566162,
        "y": -9.110377311706543,
        "z": 3.442134141921997
    },
    "gyroscope": {
        "x": -0.008520697243511677,
        "y": -0.004792673978954554,
        "z": 0.0
    }
}