{
    "acceleration": {
        "x": -1.2748644351959229,
        "y": -9.13979721069336,
        "z": -3.3440675735473633
    },
    "gyroscope": {
        "x": -0.005859069991856813,
        "y": -0.008520697243511677,
        "z": -0.004260348621755838
    }
}