{
    "acceleration": {
        "x": -0.37265267968177795,
        "y": -5.893796443939209,
        "z": 7.864933013916016
    },
    "gyroscope": {
        "x": -0.003728023264557123,
        "y": -0.007988371886312962,
        "z": 0.0031956976745277643
    }
}