{
    "acceleration": {
        "x": 0.7060787677764893,
        "y": -9.080957412719727,
        "z": 3.648073673248291
    },
    "gyroscope": {
        "x": -0.005859069991856813,
        "y": -0.0031956976745277643,
        "z": 0.004260348621755838
    }
}