{
    "acceleration": {
        "x": 1.618097186088562,
        "y": -5.746696949005127,
        "z": 7.806093215942383
    },
    "gyroscope": {
        "x": -0.010119418613612652,
        "y": -0.006391395349055529,
        "z": 0.006923720706254244
    }
}