{
    "acceleration": {
        "x": 0.6178189516067505,
        "y": -9.767423629760742,
        "z": 0.627625584602356
    },
    "gyroscope": {
        "x": -0.005859069991856813,
        "y": -0.0010646508308127522,
        "z": 0.004792673978954554
    }
}