{
    "acceleration": {
        "x": 1.4121575355529785,
        "y": -9.375157356262207,
        "z": 2.7164418697357178
    },
    "gyroscope": {
        "x": 0.0010646508308127522,
        "y": -0.0005323254154063761,
        "z": 0.0
    }
}