{
    "acceleration": {
        "x": 1.3631243705749512,
        "y": -9.708582878112793,
        "z": -0.411879301071167
    },
    "gyroscope": {
        "x": -0.010119418613612652,
        "y": 0.0015969761880114675,
        "z": 0.0
    }
}