{
    "acceleration": {
        "x": 1.3042844533920288,
        "y": -9.375157356262207,
        "z": -2.5497288703918457
    },
    "gyroscope": {
        "x": -0.003728023264557123,
        "y": 0.0010646508308127522,
        "z": 0.0021293016616255045
    }
}