{
    "acceleration": {
        "x": 0.6374322175979614,
        "y": -9.13979721069336,
        "z": 3.5500071048736572
    },
    "gyroscope": {
        "x": -0.009054767899215221,
        "y": -0.007456046529114246,
        "z": -0.0015969761880114675
    }
}