{
    "acceleration": {
        "x": 0.5687856674194336,
        "y": -9.561483383178711,
        "z": -2.1770763397216797
    },
    "gyroscope": {
        "x": -0.006923720706254244,
        "y": -0.006391395349055529,
        "z": 0.0015969761880114675
    }
}