{
    "acceleration": {
        "x": 0.8924051523208618,
        "y": -2.098623037338257,
        "z": 9.581096649169922
    },
    "gyroscope": {
        "x": 0.0010646508308127522,
        "y": -0.0015969761880114675,
        "z": -0.0026616270188242197
    }
}