{
    "acceleration": {
        "x": 1.4808040857315063,
        "y": -7.1392412185668945,
        "z": 6.599875450134277
    },
    "gyroscope": {
        "x": 0.0010646508308127522,
        "y": 0.007988371886312962,
        "z": -0.0005323254154063761
    }
}