{
    "acceleration": {
        "x": 0.8727918267250061,
        "y": -9.522256851196289,
        "z": -2.226109504699707
    },
    "gyroscope": {
        "x": -0.0026616270188242197,
        "y": -0.0021293016616255045,
        "z": -0.0010646508308127522
    }
}