{
    "acceleration": {
        "x": 0.8335652351379395,
        "y": -9.75761604309082,
        "z": -0.14709974825382233
    },
    "gyroscope": {
        "x": -0.005324999336153269,
        "y": -0.012250465340912342,
        "z": -0.003728023264557123
    }
}