{
    "acceleration": {
        "x": 1.3925442695617676,
        "y": -8.825984954833984,
        "z": 4.050146579742432
    },
    "gyroscope": {
        "x": -0.0021293016616255045,
        "y": 0.005859069991856813,
        "z": 0.0026616270188242197
    }
}