{
    "acceleration": {
        "x": 1.431770920753479,
        "y": -9.267284393310547,
        "z": 2.8733484745025635
    },
    "gyroscope": {
        "x": -0.006923720706254244,
        "y": -0.005324999336153269,
        "z": 0.0021293016616255045
    }
}