{
    "acceleration": {
        "x": 0.725692093372345,
        "y": -7.1000142097473145,
        "z": 6.796008110046387
    },
    "gyroscope": {
        "x": -0.018109535798430443,
        "y": -0.015446163713932037,
        "z": 0.009587093256413937
    }
}