{
    "acceleration": {
        "x": 0.9708583354949951,
        "y": -2.0103631019592285,
        "z": 9.590903282165527
    },
    "gyroscope": {
        "x": 0.0021293016616255045,
        "y": -0.0031956976745277643,
        "z": -0.0031956976745277643
    }
}