{
    "acceleration": {
        "x": 0.6570455431938171,
        "y": -9.718389511108398,
        "z": -1.9515233039855957
    },
    "gyroscope": {
        "x": 0.006923720706254244,
        "y": 0.011718139983713627,
        "z": 0.0015969761880114675
    }
}