{
    "acceleration": {
        "x": 0.5883989930152893,
        "y": -9.747809410095215,
        "z": 1.1081514358520508
    },
    "gyroscope": {
        "x": -0.012782790698111057,
        "y": -0.018641861155629158,
        "z": 0.005859069991856813
    }
}