{
    "acceleration": {
        "x": 0.5785923600196838,
        "y": -9.73800277709961,
        "z": 1.0591181516647339
    },
    "gyroscope": {
        "x": -0.003728023264557123,
        "y": -0.006391395349055529,
        "z": -0.004260348621755838
    }
}