{
    "acceleration": {
        "x": 1.618097186088562,
        "y": -4.677772045135498,
        "z": 8.502365112304688
    },
    "gyroscope": {
        "x": 0.0026616270188242197,
        "y": 0.0005323254154063761,
        "z": -0.0026616270188242197
    }
}