{
    "acceleration": {
        "x": 0.7060787677764893,
        "y": -7.992419719696045,
        "z": -5.619210243225098
    },
    "gyroscope": {
        "x": -0.0026616270188242197,
        "y": -0.007456046529114246,
        "z": 0.0005323254154063761
    }
}