{
    "acceleration": {
        "x": 0.5883989930152893,
        "y": -9.306510925292969,
        "z": -2.9518015384674072
    },
    "gyroscope": {
        "x": -0.005324999336153269,
        "y": 0.0021293016616255045,
        "z": 0.004792673978954554
    }
}