{
    "acceleration": {
        "x": 0.9022117853164673,
        "y": -2.41243577003479,
        "z": 9.512450218200684
    },
    "gyroscope": {
        "x": -0.003728023264557123,
        "y": -0.0015969761880114675,
        "z": -0.0005323254154063761
    }
}