{
    "acceleration": {
        "x": 1.0885381698608398,
        "y": -0.5589790344238281,
        "z": 9.777230262756348
    },
    "gyroscope": {
        "x": 0.005324999336153269,
        "y": 0.0026616270188242197,
        "z": -0.006391395349055529
    }
}