{
    "acceleration": {
        "x": 1.5788706541061401,
        "y": -6.021283149719238,
        "z": 7.629573345184326
    },
    "gyroscope": {
        "x": -0.004792673978954554,
        "y": 0.0005323254154063761,
        "z": -0.0010646508308127522
    }
}