{
    "acceleration": {
        "x": 1.1571847200393677,
        "y": -8.94366455078125,
        "z": 3.912853240966797
    },
    "gyroscope": {
        "x": -0.011718139983713627,
        "y": -0.006923720706254244,
        "z": 0.0031956976745277643
    }
}