{
    "acceleration": {
        "x": 1.667130470275879,
        "y": -1.7259703874588013,
        "z": 9.5418701171875
    },
    "gyroscope": {
        "x": -0.011184069328010082,
        "y": -0.006391395349055529,
        "z": 0.0010646508308127522
    }
}