{
    "acceleration": {
        "x": 0.7943386435508728,
        "y": -5.021004676818848,
        "z": 8.443525314331055
    },
    "gyroscope": {
        "x": -0.005859069991856813,
        "y": -0.011718139983713627,
        "z": -0.004792673978954554
    }
}