{
    "acceleration": {
        "x": 0.8139519095420837,
        "y": -8.090486526489258,
        "z": -5.344624042510986
    },
    "gyroscope": {
        "x": -0.009054767899215221,
        "y": -0.006391395349055529,
        "z": -0.004260348621755838
    }
}