{
    "acceleration": {
        "x": 1.5004174709320068,
        "y": -1.7357770204544067,
        "z": 9.581096649169922
    },
    "gyroscope": {
        "x": -0.013847441412508488,
        "y": -0.009054767899215221,
        "z": 0.005324999336153269
    }
}