{
    "acceleration": {
        "x": 1.2650578022003174,
        "y": -9.561483383178711,
        "z": -1.9221034049987793
    },
    "gyroscope": {
        "x": -0.005859069991856813,
        "y": -0.004792673978954554,
        "z": 0.005324999336153269
    }
}