{
    "acceleration": {
        "x": 0.9218250513076782,
        "y": -4.305119037628174,
        "z": 8.786758422851562
    },
    "gyroscope": {
        "x": 0.0021293016616255045,
        "y": 0.003728023264557123,
        "z": -0.0015969761880114675
    }
}