{
    "acceleration": {
        "x": 1.2454445362091064,
        "y": -5.236751079559326,
        "z": 8.276812553405762
    },
    "gyroscope": {
        "x": -0.0031956976745277643,
        "y": -0.004260348621755838,
        "z": -0.0005323254154063761
    }
}