{
    "acceleration": {
        "x": 1.255251169204712,
        "y": -7.1392412185668945,
        "z": 6.697941780090332
    },
    "gyroscope": {
        "x": -0.005859069991856813,
        "y": -0.0010646508308127522,
        "z": -0.0015969761880114675
    }
}