{
    "acceleration": {
        "x": 0.7551120519638062,
        "y": -9.198637008666992,
        "z": -3.402907371520996
    },
    "gyroscope": {
        "x": -0.004792673978954554,
        "y": 0.004260348621755838,
        "z": 0.005859069991856813
    }
}