{
    "acceleration": {
        "x": 1.647517204284668,
        "y": -3.2460010051727295,
        "z": 9.129990577697754
    },
    "gyroscope": {
        "x": -0.011718139983713627,
        "y": -0.006923720706254244,
        "z": 0.0005323254154063761
    }
}