{
    "acceleration": {
        "x": 0.7845319509506226,
        "y": -6.688135147094727,
        "z": 7.178467750549316
    },
    "gyroscope": {
        "x": -0.009054767899215221,
        "y": -0.005859069991856813,
        "z": 0.0010646508308127522
    }
}