{
    "acceleration": {
        "x": 0.8531785011291504,
        "y": -9.45361042022705,
        "z": 2.6085689067840576
    },
    "gyroscope": {
        "x": 0.0031956976745277643,
        "y": -0.012782790698111057,
        "z": -0.006391395349055529
    }
}