{
    "acceleration": {
        "x": 1.2650578022003174,
        "y": -7.708026885986328,
        "z": -5.864376544952393
    },
    "gyroscope": {
        "x": -0.010651743970811367,
        "y": -0.003728023264557123,
        "z": -0.0005323254154063761
    }
}