{
    "acceleration": {
        "x": 0.9120184183120728,
        "y": -1.7259703874588013,
        "z": 9.659549713134766
    },
    "gyroscope": {
        "x": -0.004792673978954554,
        "y": -0.010651743970811367,
        "z": -0.0026616270188242197
    }
}