{
    "acceleration": {
        "x": 1.039504885673523,
        "y": -9.551676750183105,
        "z": -1.8926833868026733
    },
    "gyroscope": {
        "x": -0.007988371886312962,
        "y": -0.005859069991856813,
        "z": -0.0031956976745277643
    }
}