{
    "acceleration": {
        "x": 0.7845319509506226,
        "y": -7.384407043457031,
        "z": 6.452775478363037
    },
    "gyroscope": {
        "x": -0.0015969761880114675,
        "y": 0.0026616270188242197,
        "z": 0.005324999336153269
    }
}