{
    "acceleration": {
        "x": 1.1375713348388672,
        "y": -9.806650161743164,
        "z": 0.8531785011291504
    },
    "gyroscope": {
        "x": 0.007988371886312962,
        "y": 0.008520697243511677,
        "z": -0.0031956976745277643
    }
}