{
    "acceleration": {
        "x": 0.5001391172409058,
        "y": -9.659549713134766,
        "z": -1.7259703874588013
    },
    "gyroscope": {
        "x": -0.007456046529114246,
        "y": -0.005324999336153269,
        "z": 0.0015969761880114675
    }
}