{
    "acceleration": {
        "x": 1.3631243705749512,
        "y": -4.677772045135498,
        "z": 8.56120491027832
    },
    "gyroscope": {
        "x": -0.007988371886312962,
        "y": -0.010119418613612652,
        "z": 0.005859069991856813
    }
}