{
    "acceleration": {
        "x": 0.9806649684906006,
        "y": -7.766866683959961,
        "z": 5.933022975921631
    },
    "gyroscope": {
        "x": -0.010651743970811367,
        "y": -0.009587093256413937,
        "z": -0.0005323254154063761
    }
}