{
    "acceleration": {
        "x": 1.3140910863876343,
        "y": -9.708582878112793,
        "z": 0.9512450098991394
    },
    "gyroscope": {
        "x": -0.006391395349055529,
        "y": 0.0015969761880114675,
        "z": 0.004792673978954554
    }
}