{
    "acceleration": {
        "x": 0.509945809841156,
        "y": -9.463417053222656,
        "z": -2.5693421363830566
    },
    "gyroscope": {
        "x": -0.003728023264557123,
        "y": 0.0021293016616255045,
        "z": 0.0021293016616255045
    }
}