{
    "acceleration": {
        "x": 1.1375713348388672,
        "y": -7.521700382232666,
        "z": 6.29586935043335
    },
    "gyroscope": {
        "x": 0.0015969761880114675,
        "y": -0.0031956976745277643,
        "z": 0.0010646508308127522
    }
}