{
    "acceleration": {
        "x": 0.7943386435508728,
        "y": -5.46230411529541,
        "z": 8.139519691467285
    },
    "gyroscope": {
        "x": -0.010651743970811367,
        "y": -0.0031956976745277643,
        "z": -0.0005323254154063761
    }
}