{
    "acceleration": {
        "x": 0.5197524428367615,
        "y": -8.472945213317871,
        "z": -4.962164878845215
    },
    "gyroscope": {
        "x": -0.0010646508308127522,
        "y": -0.005324999336153269,
        "z": 0.0015969761880114675
    }
}