{
    "acceleration": {
        "x": 1.0493115186691284,
        "y": -5.854569911956787,
        "z": 7.85512638092041
    },
    "gyroscope": {
        "x": 0.0,
        "y": -0.012782790698111057,
        "z": -0.0010646508308127522
    }
}