{
    "acceleration": {
        "x": 0.6178189516067505,
        "y": -9.0319242477417,
        "z": 3.8245933055877686
    },
    "gyroscope": {
        "x": -0.0005323254154063761,
        "y": -0.009054767899215221,
        "z": -0.008520697243511677
    }
}