{
    "acceleration": {
        "x": 1.3238977193832397,
        "y": -9.120183944702148,
        "z": -3.3048410415649414
    },
    "gyroscope": {
        "x": -0.012250465340912342,
        "y": 0.0005323254154063761,
        "z": 0.0010646508308127522
    }
}