{
    "acceleration": {
        "x": 0.9610517024993896,
        "y": -9.777230262756348,
        "z": 0.509945809841156
    },
    "gyroscope": {
        "x": 0.008520697243511677,
        "y": 0.004260348621755838,
        "z": -0.0026616270188242197
    }
}