{
    "acceleration": {
        "x": 0.5883989930152893,
        "y": -9.826263427734375,
        "z": 0.24516624212265015
    },
    "gyroscope": {
        "x": -0.010651743970811367,
        "y": -0.0010646508308127522,
        "z": 0.0021293016616255045
    }
}