{
    "acceleration": {
        "x": 1.0493115186691284,
        "y": -8.482751846313477,
        "z": -4.785645008087158
    },
    "gyroscope": {
        "x": -0.003728023264557123,
        "y": -0.0031956976745277643,
        "z": -0.0015969761880114675
    }
}