{
    "acceleration": {
        "x": 1.5004174709320068,
        "y": -8.25719928741455,
        "z": 5.138684272766113
    },
    "gyroscope": {
        "x": -0.003728023264557123,
        "y": 0.0015969761880114675,
        "z": 0.0026616270188242197
    }
}