{
    "acceleration": {
        "x": 1.3631243705749512,
        "y": -9.688969612121582,
        "z": 0.13729310035705566
    },
    "gyroscope": {
        "x": -0.010119418613612652,
        "y": -0.006923720706254244,
        "z": -0.004260348621755838
    }
}