{
    "acceleration": {
        "x": 1.4906107187271118,
        "y": -8.07087230682373,
        "z": 5.481917381286621
    },
    "gyroscope": {
        "x": 0.0015969761880114675,
        "y": -0.0005323254154063761,
        "z": -0.003728023264557123
    }
}