{
    "acceleration": {
        "x": 1.2160245180130005,
        "y": -8.43371868133545,
        "z": -4.805258274078369
    },
    "gyroscope": {
        "x": -0.005324999336153269,
        "y": -0.0005323254154063761,
        "z": 0.0005323254154063761
    }
}