{
    "acceleration": {
        "x": 0.8041452765464783,
        "y": -4.638545513153076,
        "z": 8.659272193908691
    },
    "gyroscope": {
        "x": 0.006391395349055529,
        "y": 0.0010646508308127522,
        "z": -0.005859069991856813
    }
}