{
    "acceleration": {
        "x": 0.4903324842453003,
        "y": -8.482751846313477,
        "z": -4.8542914390563965
    },
    "gyroscope": {
        "x": -0.004792673978954554,
        "y": -0.003728023264557123,
        "z": -0.0005323254154063761
    }
}