{
    "acceleration": {
        "x": 1.2454445362091064,
        "y": -7.708026885986328,
        "z": -5.91340970993042
    },
    "gyroscope": {
        "x": -0.008520697243511677,
        "y": -0.004260348621755838,
        "z": 0.0026616270188242197
    }
}