{
    "acceleration": {
        "x": 0.6178189516067505,
        "y": -8.796565055847168,
        "z": 4.22666597366333
    },
    "gyroscope": {
        "x": -0.012782790698111057,
        "y": -0.010651743970811367,
        "z": 0.005324999336153269
    }
}