{
    "acceleration": {
        "x": 1.0689247846603394,
        "y": -9.13979721069336,
        "z": 3.589233875274658
    },
    "gyroscope": {
        "x": -0.006923720706254244,
        "y": -0.004792673978954554,
        "z": 0.0015969761880114675
    }
}