{
    "acceleration": {
        "x": 0.7158854603767395,
        "y": -7.178467750549316,
        "z": 6.688135147094727
    },
    "gyroscope": {
        "x": -0.0005323254154063761,
        "y": -0.011718139983713627,
        "z": -0.004260348621755838
    }
}