{
    "acceleration": {
        "x": 0.7845319509506226,
        "y": -7.786479949951172,
        "z": 5.982056140899658
    },
    "gyroscope": {
        "x": -0.003728023264557123,
        "y": -0.0010646508308127522,
        "z": 0.0015969761880114675
    }
}