{
    "acceleration": {
        "x": 1.402350902557373,
        "y": -2.147656202316284,
        "z": 9.522256851196289
    },
    "gyroscope": {
        "x": 0.0026616270188242197,
        "y": -0.004792673978954554,
        "z": -0.0010646508308127522
    }
}