{
    "acceleration": {
        "x": 0.47071918845176697,
        "y": -8.188552856445312,
        "z": -5.246557712554932
    },
    "gyroscope": {
        "x": -0.004260348621755838,
        "y": 0.0015969761880114675,
        "z": 0.0021293016616255045
    }
}