{
    "acceleration": {
        "x": 0.7158854603767395,
        "y": -7.688413619995117,
        "z": 6.089929580688477
    },
    "gyroscope": {
        "x": -0.018641861155629158,
        "y": -0.004260348621755838,
        "z": 0.004260348621755838
    }
}