{
    "acceleration": {
        "x": 0.5785923600196838,
        "y": -8.512171745300293,
        "z": -4.746418476104736
    },
    "gyroscope": {
        "x": -0.0021293016616255045,
        "y": -0.0005323254154063761,
        "z": 0.0005323254154063761
    }
}