{
    "acceleration": {
        "x": 0.509945809841156,
        "y": -9.787036895751953,
        "z": 0.19613298773765564
    },
    "gyroscope": {
        "x": -0.004792673978954554,
        "y": -0.005324999336153269,
        "z": 0.0
    }
}