{
    "acceleration": {
        "x": 1.6965503692626953,
        "y": -3.2852277755737305,
        "z": 9.120183944702148
    },
    "gyroscope": {
        "x": -0.014379767701029778,
        "y": -0.0031956976745277643,
        "z": 0.0005323254154063761
    }
}