{
    "acceleration": {
        "x": 0.5589790344238281,
        "y": -7.913966178894043,
        "z": -5.785923480987549
    },
    "gyroscope": {
        "x": -0.005324999336153269,
        "y": 0.0010646508308127522,
        "z": -0.0005323254154063761
    }
}