{
    "acceleration": {
        "x": 1.1669913530349731,
        "y": -2.9321882724761963,
        "z": 9.316317558288574
    },
    "gyroscope": {
        "x": -0.009587093256413937,
        "y": -0.005324999336153269,
        "z": 0.005324999336153269
    }
}