{
    "acceleration": {
        "x": 0.6668521761894226,
        "y": -9.335930824279785,
        "z": 3.0989012718200684
    },
    "gyroscope": {
        "x": -0.004260348621755838,
        "y": 0.0026616270188242197,
        "z": 0.0031956976745277643
    }
}