{
    "acceleration": {
        "x": 0.17651969194412231,
        "y": -5.275977611541748,
        "z": 8.345458984375
    },
    "gyroscope": {
        "x": -0.009587093256413937,
        "y": 0.0010646508308127522,
        "z": 0.006391395349055529
    }
}