{
    "acceleration": {
        "x": 1.9417166709899902,
        "y": -8.286619186401367,
        "z": 4.618932247161865
    },
    "gyroscope": {
        "x": 0.020240582525730133,
        "y": 0.011718139983713627,
        "z": -0.007988371886312962
    }
}