{
    "acceleration": {
        "x": -0.06864655017852783,
        "y": -9.708582878112793,
        "z": 0.019613299518823624
    },
    "gyroscope": {
        "x": -0.007988371886312962,
        "y": -0.004792673978954554,
        "z": 0.0005323254154063761
    }
}