{
    "acceleration": {
        "x": 0.5197524428367615,
        "y": -8.72791862487793,
        "z": 4.501252174377441
    },
    "gyroscope": {
        "x": -0.006923720706254244,
        "y": -0.005324999336153269,
        "z": 0.0010646508308127522
    }
}