{
    "acceleration": {
        "x": 1.3042844533920288,
        "y": -9.463417053222656,
        "z": 2.186882972717285
    },
    "gyroscope": {
        "x": 0.006923720706254244,
        "y": 0.0026616270188242197,
        "z": 0.0005323254154063761
    }
}