{
    "acceleration": {
        "x": -0.14709974825382233,
        "y": -8.080678939819336,
        "z": -5.727083683013916
    },
    "gyroscope": {
        "x": -0.013315116055309772,
        "y": -0.005324999336153269,
        "z": 0.005324999336153269
    }
}