{
    "acceleration": {
        "x": 1.3631243705749512,
        "y": -8.865211486816406,
        "z": -4.363959312438965
    },
    "gyroscope": {
        "x": 0.010651743970811367,
        "y": 0.012250465340912342,
        "z": 0.005859069991856813
    }
}