{
    "acceleration": {
        "x": 0.8433718681335449,
        "y": -9.257477760314941,
        "z": 3.1283211708068848
    },
    "gyroscope": {
        "x": -0.007988371886312962,
        "y": -0.0031956976745277643,
        "z": 0.0026616270188242197
    }
}