{
    "acceleration": {
        "x": 1.1375713348388672,
        "y": -9.688969612121582,
        "z": 1.2650578022003174
    },
    "gyroscope": {
        "x": -0.006391395349055529,
        "y": -0.016510814428329468,
        "z": -0.0031956976745277643
    }
}