{
    "acceleration": {
        "x": 2.098623037338257,
        "y": -3.589233875274658,
        "z": 8.933857917785645
    },
    "gyroscope": {
        "x": 0.006923720706254244,
        "y": -0.003728023264557123,
        "z": -0.005859069991856813
    }
}