{
    "acceleration": {
        "x": 1.0591181516647339,
        "y": -9.75761604309082,
        "z": -0.8139519095420837
    },
    "gyroscope": {
        "x": -0.0015969761880114675,
        "y": -0.005324999336153269,
        "z": 0.0010646508308127522
    }
}