{
    "acceleration": {
        "x": 1.4415775537490845,
        "y": -8.394492149353027,
        "z": 4.942551612854004
    },
    "gyroscope": {
        "x": 0.005324999336153269,
        "y": 0.004792673978954554,
        "z": -0.0015969761880114675
    }
}