{
    "acceleration": {
        "x": -0.5295590758323669,
        "y": -7.649186611175537,
        "z": -5.952636241912842
    },
    "gyroscope": {
        "x": -0.029827676713466644,
        "y": -0.006391395349055529,
        "z": 0.011718139983713627
    }
}