{
    "acceleration": {
        "x": 1.9907499551773071,
        "y": -7.207887649536133,
        "z": 6.619488716125488
    },
    "gyroscope": {
        "x": -0.008520697243511677,
        "y": -0.004792673978954554,
        "z": 0.0015969761880114675
    }
}