{
    "acceleration": {
        "x": -0.029419949278235435,
        "y": -5.030811309814453,
        "z": 8.482751846313477
    },
    "gyroscope": {
        "x": -0.006391395349055529,
        "y": 0.0021293016616255045,
        "z": 0.0021293016616255045
    }
}