{
    "acceleration": {
        "x": 0.823758602142334,
        "y": -1.0983448028564453,
        "z": 9.767423629760742
    },
    "gyroscope": {
        "x": -0.009054767899215221,
        "y": 0.0005323254154063761,
        "z": -0.0010646508308127522
    }
}