{
    "acceleration": {
        "x": 2.2555294036865234,
        "y": -4.383572578430176,
        "z": 8.678885459899902
    },
    "gyroscope": {
        "x": 0.012782790698111057,
        "y": -0.0026616270188242197,
        "z": -0.007456046529114246
    }
}