{
    "acceleration": {
        "x": -0.42168593406677246,
        "y": -9.286897659301758,
        "z": 3.3538742065429688
    },
    "gyroscope": {
        "x": 0.006391395349055529,
        "y": -0.009054767899215221,
        "z": -0.008520697243511677
    }
}