{
    "acceleration": {
        "x": 0.7747253179550171,
        "y": -9.718389511108398,
        "z": 0.4609125256538391
    },
    "gyroscope": {
        "x": -0.0005323254154063761,
        "y": -0.007456046529114246,
        "z": -0.0010646508308127522
    }
}