{
    "acceleration": {
        "x": 0.6962721347808838,
        "y": -8.217972755432129,
        "z": -5.099457740783691
    },
    "gyroscope": {
        "x": 0.0031956976745277643,
        "y": 0.0026616270188242197,
        "z": 0.0021293016616255045
    }
}