{
    "acceleration": {
        "x": -0.254972904920578,
        "y": -4.9131317138671875,
        "z": 8.571011543273926
    },
    "gyroscope": {
        "x": -0.010119418613612652,
        "y": -0.004792673978954554,
        "z": -0.0015969761880114675
    }
}