{
    "acceleration": {
        "x": -0.34323275089263916,
        "y": -8.737725257873535,
        "z": -4.344346046447754
    },
    "gyroscope": {
        "x": -0.013315116055309772,
        "y": 0.0,
        "z": 0.003728023264557123
    }
}