{
    "acceleration": {
        "x": 1.81423020362854,
        "y": -9.551676750183105,
        "z": -0.9022117853164673
    },
    "gyroscope": {
        "x": -0.04527384042739868,
        "y": -0.0250332560390234,
        "z": 0.015446163713932037
    }
}