{
    "acceleration": {
        "x": 1.5788706541061401,
        "y": -3.795173406600952,
        "z": 8.933857917785645
    },
    "gyroscope": {
        "x": -0.004260348621755838,
        "y": -0.0015969761880114675,
        "z": 0.004260348621755838
    }
}