{
    "acceleration": {
        "x": 1.9711365699768066,
        "y": -8.72791862487793,
        "z": -4.501252174377441
    },
    "gyroscope": {
        "x": 0.015446163713932037,
        "y": 0.017043139785528183,
        "z": 0.0
    }
}