{
    "acceleration": {
        "x": 0.9218250513076782,
        "y": -7.796286582946777,
        "z": 5.893796443939209
    },
    "gyroscope": {
        "x": -0.004792673978954554,
        "y": -0.005324999336153269,
        "z": 0.0
    }
}