{
    "acceleration": {
        "x": 0.7551120519638062,
        "y": -8.590624809265137,
        "z": -4.589511871337891
    },
    "gyroscope": {
        "x": 0.0,
        "y": -0.003728023264557123,
        "z": -0.007988371886312962
    }
}