{
    "acceleration": {
        "x": -0.4609125256538391,
        "y": -9.443803787231445,
        "z": -2.0103631019592285
    },
    "gyroscope": {
        "x": -0.004792673978954554,
        "y": 0.0,
        "z": 0.0010646508308127522
    }
}