{
    "acceleration": {
        "x": 1.4808040857315063,
        "y": -8.757338523864746,
        "z": -4.148212909698486
    },
    "gyroscope": {
        "x": -0.011184069328010082,
        "y": -0.014913838356733322,
        "z": -0.0031956976745277643
    }
}