{
    "acceleration": {
        "x": 0.29419949650764465,
        "y": -2.4418559074401855,
        "z": 9.581096649169922
    },
    "gyroscope": {
        "x": -0.010651743970811367,
        "y": 0.003728023264557123,
        "z": 0.0
    }
}