{
    "acceleration": {
        "x": 1.0885381698608398,
        "y": -4.785645008087158,
        "z": 8.512171745300293
    },
    "gyroscope": {
        "x": -0.005859069991856813,
        "y": -0.012782790698111057,
        "z": 0.0005323254154063761
    }
}