{
    "acceleration": {
        "x": 1.667130470275879,
        "y": -8.286619186401367,
        "z": 5.011198043823242
    },
    "gyroscope": {
        "x": -0.011718139983713627,
        "y": -0.005859069991856813,
        "z": -0.0005323254154063761
    }
}