{
    "acceleration": {
        "x": 2.1574628353118896,
        "y": -7.050981044769287,
        "z": 6.76658821105957
    },
    "gyroscope": {
        "x": 0.018109535798430443,
        "y": 0.0,
        "z": -0.014913838356733322
    }
}