{
    "acceleration": {
        "x": 1.5592572689056396,
        "y": -9.43399715423584,
        "z": 2.1574628353118896
    },
    "gyroscope": {
        "x": 0.0,
        "y": -0.0031956976745277643,
        "z": -0.0026616270188242197
    }
}