{
    "acceleration": {
        "x": 0.05883989855647087,
        "y": -7.688413619995117,
        "z": 6.217415809631348
    },
    "gyroscope": {
        "x": 0.0015969761880114675,
        "y": -0.006923720706254244,
        "z": -0.0031956976745277643
    }
}