{
    "acceleration": {
        "x": -0.34323275089263916,
        "y": -7.766866683959961,
        "z": 6.050703048706055
    },
    "gyroscope": {
        "x": 0.009587093256413937,
        "y": -0.010651743970811367,
        "z": -0.005324999336153269
    }
}