{
    "acceleration": {
        "x": 1.0983448028564453,
        "y": -8.649465560913086,
        "z": -4.4620256423950195
    },
    "gyroscope": {
        "x": -0.005859069991856813,
        "y": -0.007456046529114246,
        "z": 0.0005323254154063761
    }
}