{
    "acceleration": {
        "x": 1.2454445362091064,
        "y": -8.43371868133545,
        "z": 4.883711814880371
    },
    "gyroscope": {
        "x": 0.0005323254154063761,
        "y": -0.005324999336153269,
        "z": 0.0010646508308127522
    }
}