{
    "acceleration": {
        "x": 0.5982056260108948,
        "y": -7.217694282531738,
        "z": 6.65871524810791
    },
    "gyroscope": {
        "x": -0.013315116055309772,
        "y": -0.0026616270188242197,
        "z": 0.004260348621755838
    }
}