{
    "acceleration": {
        "x": 1.45138418674469,
        "y": -9.600709915161133,
        "z": -1.0983448028564453
    },
    "gyroscope": {
        "x": 0.0005323254154063761,
        "y": -0.004260348621755838,
        "z": -0.0031956976745277643
    }
}