{
    "acceleration": {
        "x": 1.5592572689056396,
        "y": -1.3238977193832397,
        "z": 9.64974308013916
    },
    "gyroscope": {
        "x": -0.0026616270188242197,
        "y": -0.0005323254154063761,
        "z": -0.004260348621755838
    }
}