{
    "acceleration": {
        "x": 1.7357770204544067,
        "y": -9.23786449432373,
        "z": -1.1669913530349731
    },
    "gyroscope": {
        "x": -0.021305233240127563,
        "y": -0.017043139785528183,
        "z": 0.004260348621755838
    }
}