{
    "acceleration": {
        "x": 1.255251169204712,
        "y": -7.560926914215088,
        "z": 6.197802543640137
    },
    "gyroscope": {
        "x": -0.009587093256413937,
        "y": -0.012250465340912342,
        "z": 0.0015969761880114675
    }
}