{
    "acceleration": {
        "x": -0.3040061295032501,
        "y": -9.806650161743164,
        "z": 0.7747253179550171
    },
    "gyroscope": {
        "x": 0.015446163713932037,
        "y": -0.014913838356733322,
        "z": -0.009587093256413937
    }
}