{
    "acceleration": {
        "x": 2.226109504699707,
        "y": -0.7649186849594116,
        "z": 9.600709915161133
    },
    "gyroscope": {
        "x": -0.0005323254154063761,
        "y": -0.004260348621755838,
        "z": -0.0015969761880114675
    }
}