{
    "acceleration": {
        "x": 0.9218250513076782,
        "y": -8.894631385803223,
        "z": 4.079566478729248
    },
    "gyroscope": {
        "x": -0.004260348621755838,
        "y": -0.018641861155629158,
        "z": -0.0010646508308127522
    }
}