{
    "acceleration": {
        "x": 0.40207263827323914,
        "y": -9.688969612121582,
        "z": -1.5788706541061401
    },
    "gyroscope": {
        "x": -0.012782790698111057,
        "y": -0.0015969761880114675,
        "z": 0.0031956976745277643
    }
}