{
    "acceleration": {
        "x": 1.7063570022583008,
        "y": -1.1964112520217896,
        "z": 9.620323181152344
    },
    "gyroscope": {
        "x": -0.003728023264557123,
        "y": -0.0021293016616255045,
        "z": 0.003728023264557123
    }
}