{
    "acceleration": {
        "x": 1.0002782344818115,
        "y": -5.962442874908447,
        "z": 7.7374467849731445
    },
    "gyroscope": {
        "x": -0.007988371886312962,
        "y": -0.0031956976745277643,
        "z": 0.0015969761880114675
    }
}