{
    "acceleration": {
        "x": 1.980943202972412,
        "y": -1.2160245180130005,
        "z": 9.581096649169922
    },
    "gyroscope": {
        "x": -0.009054767899215221,
        "y": 0.0005323254154063761,
        "z": 0.0010646508308127522
    }
}