{
    "acceleration": {
        "x": 0.45110589265823364,
        "y": -9.581096649169922,
        "z": 2.0692031383514404
    },
    "gyroscope": {
        "x": -0.011184069328010082,
        "y": -0.0031956976745277643,
        "z": -0.0005323254154063761
    }
}