{
    "acceleration": {
        "x": 2.039783239364624,
        "y": -9.64974308013916,
        "z": 1.8534568548202515
    },
    "gyroscope": {
        "x": -0.023436279967427254,
        "y": -0.021305233240127563,
        "z": 0.008520697243511677
    }
}