{
    "acceleration": {
        "x": 1.7750035524368286,
        "y": -6.599875450134277,
        "z": 7.1000142097473145
    },
    "gyroscope": {
        "x": -0.008520697243511677,
        "y": -0.007456046529114246,
        "z": -0.0005323254154063761
    }
}