{
    "acceleration": {
        "x": -0.127486452460289,
        "y": -9.561483383178711,
        "z": -2.618375539779663
    },
    "gyroscope": {
        "x": -0.020240582525730133,
        "y": -0.007988371886312962,
        "z": 0.0031956976745277643
    }
}