{
    "acceleration": {
        "x": 0.09806649386882782,
        "y": -1.206217885017395,
        "z": 9.767423629760742
    },
    "gyroscope": {
        "x": -0.003728023264557123,
        "y": 0.0031956976745277643,
        "z": -0.003728023264557123
    }
}