{
    "acceleration": {
        "x": 1.2454445362091064,
        "y": -1.5886772871017456,
        "z": 9.64974308013916
    },
    "gyroscope": {
        "x": 0.0005323254154063761,
        "y": 0.0005323254154063761,
        "z": 0.0010646508308127522
    }
}