{
    "acceleration": {
        "x": 0.7943386435508728,
        "y": -9.581096649169922,
        "z": -1.7161637544631958
    },
    "gyroscope": {
        "x": -0.010119418613612652,
        "y": -0.0026616270188242197,
        "z": 0.005324999336153269
    }
}