{
    "acceleration": {
        "x": 1.8436501026153564,
        "y": -3.3931007385253906,
        "z": 9.061344146728516
    },
    "gyroscope": {
        "x": -0.009587093256413937,
        "y": -0.016510814428329468,
        "z": 0.0010646508308127522
    }
}