{
    "acceleration": {
        "x": 0.8727918267250061,
        "y": -9.581096649169922,
        "z": 1.8534568548202515
    },
    "gyroscope": {
        "x": -0.006391395349055529,
        "y": -0.009054767899215221,
        "z": 0.0010646508308127522
    }
}