{
    "acceleration": {
        "x": 0.9806649684906006,
        "y": -7.1392412185668945,
        "z": 6.688135147094727
    },
    "gyroscope": {
        "x": -0.011718139983713627,
        "y": 0.006923720706254244,
        "z": 0.005859069991856813
    }
}