{
    "acceleration": {
        "x": 1.3533176183700562,
        "y": -9.777230262756348,
        "z": -0.7060787677764893
    },
    "gyroscope": {
        "x": -0.021305233240127563,
        "y": -0.021305233240127563,
        "z": -0.0021293016616255045
    }
}