{
    "acceleration": {
        "x": 0.37265267968177795,
        "y": -8.669078826904297,
        "z": -4.560091972351074
    },
    "gyroscope": {
        "x": -0.006391395349055529,
        "y": 0.007456046529114246,
        "z": 0.008520697243511677
    }
}