{
    "acceleration": {
        "x": 1.863263487815857,
        "y": -9.404577255249023,
        "z": 2.020169734954834
    },
    "gyroscope": {
        "x": 0.0026616270188242197,
        "y": 0.0005323254154063761,
        "z": -0.004792673978954554
    }
}