{
    "acceleration": {
        "x": 1.7259703874588013,
        "y": -8.649465560913086,
        "z": -3.5990405082702637
    },
    "gyroscope": {
        "x": 0.011718139983713627,
        "y": 0.008520697243511677,
        "z": -0.005324999336153269
    }
}