{
    "acceleration": {
        "x": -0.2059396505355835,
        "y": -8.83579158782959,
        "z": 4.305119037628174
    },
    "gyroscope": {
        "x": -0.005324999336153269,
        "y": -0.0010646508308127522,
        "z": 0.0005323254154063761
    }
}