{
    "acceleration": {
        "x": 1.9024900197982788,
        "y": -8.208166122436523,
        "z": 4.893518447875977
    },
    "gyroscope": {
        "x": -0.011184069328010082,
        "y": -0.004792673978954554,
        "z": 0.007456046529114246
    }
}