{
    "acceleration": {
        "x": -0.13729310035705566,
        "y": -2.41243577003479,
        "z": 9.600709915161133
    },
    "gyroscope": {
        "x": -0.005859069991856813,
        "y": 0.0,
        "z": 0.0026616270188242197
    }
}