{
    "acceleration": {
        "x": -0.156906396150589,
        "y": -7.5315070152282715,
        "z": 6.354709148406982
    },
    "gyroscope": {
        "x": -0.006923720706254244,
        "y": 0.005859069991856813,
        "z": 0.0005323254154063761
    }
}