{
    "acceleration": {
        "x": 2.373209238052368,
        "y": -0.823758602142334,
        "z": 9.571290016174316
    },
    "gyroscope": {
        "x": 0.0,
        "y": -0.0026616270188242197,
        "z": -0.0021293016616255045
    }
}