{
    "acceleration": {
        "x": 1.1767979860305786,
        "y": -2.265336036682129,
        "z": 9.492836952209473
    },
    "gyroscope": {
        "x": -0.011718139983713627,
        "y": 0.0,
        "z": 0.0031956976745277643
    }
}