{
    "acceleration": {
        "x": 0.7354987263679504,
        "y": -9.296704292297363,
        "z": -3.295034408569336
    },
    "gyroscope": {
        "x": -0.011718139983713627,
        "y": -0.006923720706254244,
        "z": 0.0015969761880114675
    }
}