{
    "acceleration": {
        "x": -0.5197524428367615,
        "y": -9.914523124694824,
        "z": 0.32361945509910583
    },
    "gyroscope": {
        "x": -0.007456046529114246,
        "y": -0.007456046529114246,
        "z": 0.0
    }
}