{
    "acceleration": {
        "x": 0.7649186849594116,
        "y": -3.6382670402526855,
        "z": 9.120183944702148
    },
    "gyroscope": {
        "x": -0.010651743970811367,
        "y": -0.004792673978954554,
        "z": 0.0021293016616255045
    }
}