{
    "acceleration": {
        "x": 1.5102241039276123,
        "y": -6.619488716125488,
        "z": 7.168661117553711
    },
    "gyroscope": {
        "x": -0.0010646508308127522,
        "y": 0.0021293016616255045,
        "z": 0.0
    }
}