{
    "acceleration": {
        "x": -0.009806649759411812,
        "y": -9.267284393310547,
        "z": 3.1381278038024902
    },
    "gyroscope": {
        "x": -0.030892327427864075,
        "y": -0.003728023264557123,
        "z": 0.010651743970811367
    }
}