{
    "acceleration": {
        "x": -0.35303938388824463,
        "y": -9.561483383178711,
        "z": -2.147656202316284
    },
    "gyroscope": {
        "x": 0.013315116055309772,
        "y": -0.011184069328010082,
        "z": -0.014379767701029778
    }
}