{
    "acceleration": {
        "x": 1.431770920753479,
        "y": -4.0305328369140625,
        "z": 8.894631385803223
    },
    "gyroscope": {
        "x": 0.0015969761880114675,
        "y": -0.007456046529114246,
        "z": -0.003728023264557123
    }
}