{
    "acceleration": {
        "x": 0.7747253179550171,
        "y": -9.767423629760742,
        "z": 1.019891619682312
    },
    "gyroscope": {
        "x": -0.006923720706254244,
        "y": 0.009587093256413937,
        "z": 0.006391395349055529
    }
}