{
    "acceleration": {
        "x": 0.29419949650764465,
        "y": -5.021004676818848,
        "z": 8.492558479309082
    },
    "gyroscope": {
        "x": -0.012782790698111057,
        "y": -0.005859069991856813,
        "z": 0.0031956976745277643
    }
}