{
    "acceleration": {
        "x": 1.255251169204712,
        "y": -7.119627952575684,
        "z": 6.629295349121094
    },
    "gyroscope": {
        "x": -0.010651743970811367,
        "y": -0.006391395349055529,
        "z": 0.0
    }
}