{
    "acceleration": {
        "x": 1.1767979860305786,
        "y": -2.637988805770874,
        "z": 9.43399715423584
    },
    "gyroscope": {
        "x": 0.0031956976745277643,
        "y": -0.004792673978954554,
        "z": -0.0015969761880114675
    }
}