{
    "acceleration": {
        "x": 1.3238977193832397,
        "y": -9.414383888244629,
        "z": 2.579148769378662
    },
    "gyroscope": {
        "x": -0.011718139983713627,
        "y": -0.008520697243511677,
        "z": 0.0021293016616255045
    }
}