{
    "acceleration": {
        "x": 1.1964112520217896,
        "y": -5.589790344238281,
        "z": 8.07087230682373
    },
    "gyroscope": {
        "x": -0.005859069991856813,
        "y": 0.0031956976745277643,
        "z": 0.0015969761880114675
    }
}