{
    "acceleration": {
        "x": 1.1571847200393677,
        "y": -8.23758602142334,
        "z": -5.20733118057251
    },
    "gyroscope": {
        "x": -0.008520697243511677,
        "y": 0.0021293016616255045,
        "z": 0.0026616270188242197
    }
}