{
    "acceleration": {
        "x": 0.8531785011291504,
        "y": -7.796286582946777,
        "z": 5.91340970993042
    },
    "gyroscope": {
        "x": -0.017043139785528183,
        "y": 0.003728023264557123,
        "z": 0.007988371886312962
    }
}