{
    "acceleration": {
        "x": 0.7354987263679504,
        "y": -9.15941047668457,
        "z": 3.3244543075561523
    },
    "gyroscope": {
        "x": 0.0026616270188242197,
        "y": 0.0010646508308127522,
        "z": -0.0031956976745277643
    }
}