{
    "acceleration": {
        "x": 1.039504885673523,
        "y": -9.708582878112793,
        "z": 0.9316317439079285
    },
    "gyroscope": {
        "x": -0.015446163713932037,
        "y": -0.005859069991856813,
        "z": 0.004792673978954554
    }
}