{
    "acceleration": {
        "x": 1.0591181516647339,
        "y": -5.030811309814453,
        "z": 8.43371868133545
    },
    "gyroscope": {
        "x": -0.009054767899215221,
        "y": -0.0005323254154063761,
        "z": -0.0010646508308127522
    }
}