{
    "acceleration": {
        "x": 1.1081514358520508,
        "y": -8.816178321838379,
        "z": 4.197246074676514
    },
    "gyroscope": {
        "x": -0.02290220931172371,
        "y": -0.004792673978954554,
        "z": 0.006391395349055529
    }
}