{
    "acceleration": {
        "x": 1.9122966527938843,
        "y": -5.707469940185547,
        "z": 7.717833518981934
    },
    "gyroscope": {
        "x": -0.02290220931172371,
        "y": 0.007456046529114246,
        "z": 0.004792673978954554
    }
}