{
    "acceleration": {
        "x": 1.5396440029144287,
        "y": -8.982891082763672,
        "z": -3.6578803062438965
    },
    "gyroscope": {
        "x": -0.007988371886312962,
        "y": 0.011184069328010082,
        "z": 0.011718139983713627
    }
}