{
    "acceleration": {
        "x": 1.3533176183700562,
        "y": -8.571011543273926,
        "z": -4.314925670623779
    },
    "gyroscope": {
        "x": -0.011718139983713627,
        "y": -0.013315116055309772,
        "z": -0.0031956976745277643
    }
}