{
    "acceleration": {
        "x": 1.3925442695617676,
        "y": -4.010919570922852,
        "z": 8.8554048538208
    },
    "gyroscope": {
        "x": -0.013847441412508488,
        "y": -0.006391395349055529,
        "z": 0.003728023264557123
    }
}