{
    "acceleration": {
        "x": 0.9316317439079285,
        "y": -8.090486526489258,
        "z": -5.472110748291016
    },
    "gyroscope": {
        "x": -0.011718139983713627,
        "y": 0.0021293016616255045,
        "z": 0.006391395349055529
    }
}