{
    "acceleration": {
        "x": 1.2160245180130005,
        "y": -9.728196144104004,
        "z": -0.16671304404735565
    },
    "gyroscope": {
        "x": -0.010119418613612652,
        "y": -0.0026616270188242197,
        "z": 0.004260348621755838
    }
}