{
    "acceleration": {
        "x": 0.11767979711294174,
        "y": -7.943386077880859,
        "z": 5.844763278961182
    },
    "gyroscope": {
        "x": 0.004792673978954554,
        "y": 0.004792673978954554,
        "z": -0.0021293016616255045
    }
}