{
    "acceleration": {
        "x": 0.8924051523208618,
        "y": -9.443803787231445,
        "z": -2.8537349700927734
    },
    "gyroscope": {
        "x": -0.014913838356733322,
        "y": -0.0026616270188242197,
        "z": 0.007456046529114246
    }
}