{
    "acceleration": {
        "x": -0.3824593424797058,
        "y": -9.620323181152344,
        "z": -2.2555294036865234
    },
    "gyroscope": {
        "x": -0.012782790698111057,
        "y": 0.003728023264557123,
        "z": 0.0026616270188242197
    }
}