{
    "acceleration": {
        "x": 0.9610517024993896,
        "y": -5.226944446563721,
        "z": 8.316039085388184
    },
    "gyroscope": {
        "x": -0.007988371886312962,
        "y": 0.0010646508308127522,
        "z": 0.0010646508308127522
    }
}