{
    "acceleration": {
        "x": -0.29419949650764465,
        "y": -8.973084449768066,
        "z": 3.9913065433502197
    },
    "gyroscope": {
        "x": -0.025565581396222115,
        "y": -0.003728023264557123,
        "z": 0.0010646508308127522
    }
}