{
    "acceleration": {
        "x": 1.1081514358520508,
        "y": -8.002225875854492,
        "z": 5.599596977233887
    },
    "gyroscope": {
        "x": -0.0015969761880114675,
        "y": -0.004260348621755838,
        "z": -0.007456046529114246
    }
}