{
    "acceleration": {
        "x": 0.19613298773765564,
        "y": -9.747809410095215,
        "z": 1.6573238372802734
    },
    "gyroscope": {
        "x": -0.022369883954524994,
        "y": -0.024500930681824684,
        "z": 0.006923720706254244
    }
}