{
    "acceleration": {
        "x": 1.5298373699188232,
        "y": -9.639936447143555,
        "z": -1.3337043523788452
    },
    "gyroscope": {
        "x": -0.018109535798430443,
        "y": -0.023436279967427254,
        "z": 0.007456046529114246
    }
}