{
    "acceleration": {
        "x": 1.402350902557373,
        "y": -8.041452407836914,
        "z": 5.491724014282227
    },
    "gyroscope": {
        "x": 0.005859069991856813,
        "y": -0.0031956976745277643,
        "z": -0.005324999336153269
    }
}