{
    "acceleration": {
        "x": -0.03922659903764725,
        "y": -8.924051284790039,
        "z": -4.138406276702881
    },
    "gyroscope": {
        "x": -0.009054767899215221,
        "y": -0.0031956976745277643,
        "z": -0.004792673978954554
    }
}