{
    "acceleration": {
        "x": 0.009806649759411812,
        "y": -9.571290016174316,
        "z": -1.9613299369812012
    },
    "gyroscope": {
        "x": -0.008520697243511677,
        "y": -0.0015969761880114675,
        "z": 0.0031956976745277643
    }
}