{
    "acceleration": {
        "x": 0.04903324693441391,
        "y": -9.061344146728516,
        "z": 3.706913709640503
    },
    "gyroscope": {
        "x": -0.006923720706254244,
        "y": -0.018641861155629158,
        "z": -0.0010646508308127522
    }
}