{
    "acceleration": {
        "x": 0.9218250513076782,
        "y": -8.482751846313477,
        "z": -4.785645008087158
    },
    "gyroscope": {
        "x": 0.0010646508308127522,
        "y": 0.004792673978954554,
        "z": -0.0005323254154063761
    }
}