{
    "acceleration": {
        "x": -0.2843928337097168,
        "y": -7.835513114929199,
        "z": 5.952636241912842
    },
    "gyroscope": {
        "x": -0.0250332560390234,
        "y": -0.008520697243511677,
        "z": 0.0026616270188242197
    }
}