{
    "acceleration": {
        "x": 1.598483920097351,
        "y": -9.590903282165527,
        "z": 1.421964168548584
    },
    "gyroscope": {
        "x": -0.004792673978954554,
        "y": 0.010651743970811367,
        "z": 0.007988371886312962
    }
}