{
    "acceleration": {
        "x": 0.7060787677764893,
        "y": -9.718389511108398,
        "z": 1.1375713348388672
    },
    "gyroscope": {
        "x": -0.012782790698111057,
        "y": -0.007988371886312962,
        "z": -0.0026616270188242197
    }
}