{
    "acceleration": {
        "x": 0.509945809841156,
        "y": -1.5200307369232178,
        "z": 9.73800277709961
    },
    "gyroscope": {
        "x": 0.007456046529114246,
        "y": -0.013847441412508488,
        "z": -0.005324999336153269
    }
}