{
    "acceleration": {
        "x": 0.009806649759411812,
        "y": -2.843928337097168,
        "z": 9.45361042022705
    },
    "gyroscope": {
        "x": -0.0021293016616255045,
        "y": -0.0015969761880114675,
        "z": 0.0005323254154063761
    }
}