{
    "acceleration": {
        "x": 0.9022117853164673,
        "y": -7.708026885986328,
        "z": 6.089929580688477
    },
    "gyroscope": {
        "x": 0.005324999336153269,
        "y": 0.007988371886312962,
        "z": -0.003728023264557123
    }
}