{
    "acceleration": {
        "x": 0.313812792301178,
        "y": -7.266727447509766,
        "z": 6.668521881103516
    },
    "gyroscope": {
        "x": 0.004260348621755838,
        "y": -0.013315116055309772,
        "z": -0.006391395349055529
    }
}