{
    "acceleration": {
        "x": -0.09806649386882782,
        "y": -4.952358245849609,
        "z": 8.482751846313477
    },
    "gyroscope": {
        "x": -0.018109535798430443,
        "y": -0.010651743970811367,
        "z": -0.0015969761880114675
    }
}