{
    "acceleration": {
        "x": 1.4415775537490845,
        "y": -1.0885381698608398,
        "z": 9.688969612121582
    },
    "gyroscope": {
        "x": -0.005324999336153269,
        "y": -0.0026616270188242197,
        "z": -0.0031956976745277643
    }
}