{
    "acceleration": {
        "x": 0.5589790344238281,
        "y": -7.874739646911621,
        "z": -5.717276573181152
    },
    "gyroscope": {
        "x": 0.0031956976745277643,
        "y": -0.007988371886312962,
        "z": -0.003728023264557123
    }
}