{
    "acceleration": {
        "x": 0.9610517024993896,
        "y": -9.865489959716797,
        "z": -0.3040061295032501
    },
    "gyroscope": {
        "x": -0.011718139983713627,
        "y": -0.0010646508308127522,
        "z": 0.0031956976745277643
    }
}