{
    "acceleration": {
        "x": 0.6570455431938171,
        "y": -8.208166122436523,
        "z": -5.354430675506592
    },
    "gyroscope": {
        "x": 0.004792673978954554,
        "y": 0.010119418613612652,
        "z": -0.011718139983713627
    }
}