{
    "acceleration": {
        "x": 0.5982056260108948,
        "y": -9.198637008666992,
        "z": -3.108707904815674
    },
    "gyroscope": {
        "x": -0.0031956976745277643,
        "y": -0.007456046529114246,
        "z": 0.0
    }
}