{
    "acceleration": {
        "x": 1.7750035524368286,
        "y": -6.923494815826416,
        "z": 6.815621376037598
    },
    "gyroscope": {
        "x": -0.010119418613612652,
        "y": 0.010651743970811367,
        "z": 0.0031956976745277643
    }
}