{
    "acceleration": {
        "x": 1.8044235706329346,
        "y": -7.9629998207092285,
        "z": 5.42307710647583
    },
    "gyroscope": {
        "x": -0.007988371886312962,
        "y": -0.005324999336153269,
        "z": 0.004260348621755838
    }
}