{
    "acceleration": {
        "x": -0.32361945509910583,
        "y": -9.855683326721191,
        "z": 0.21574629843235016
    },
    "gyroscope": {
        "x": -0.0026616270188242197,
        "y": -0.016510814428329468,
        "z": -0.011718139983713627
    }
}