{
    "acceleration": {
        "x": 1.81423020362854,
        "y": -4.82487154006958,
        "z": 8.45333194732666
    },
    "gyroscope": {
        "x": -0.014913838356733322,
        "y": -0.0010646508308127522,
        "z": 0.006391395349055529
    }
}