{
    "acceleration": {
        "x": 0.04903324693441391,
        "y": -8.502365112304688,
        "z": -4.756225109100342
    },
    "gyroscope": {
        "x": -0.02077290788292885,
        "y": -0.02183755859732628,
        "z": -0.005324999336153269
    }
}