{
    "acceleration": {
        "x": 1.6769371032714844,
        "y": -9.316317558288574,
        "z": 2.736055374145508
    },
    "gyroscope": {
        "x": -0.013315116055309772,
        "y": -0.005859069991856813,
        "z": 0.0031956976745277643
    }
}