{
    "acceleration": {
        "x": 0.8335652351379395,
        "y": -6.9136881828308105,
        "z": 6.923494815826416
    },
    "gyroscope": {
        "x": 0.02290220931172371,
        "y": -0.004260348621755838,
        "z": -0.007456046529114246
    }
}