{
    "acceleration": {
        "x": 1.6082905530929565,
        "y": -2.6281821727752686,
        "z": 9.365350723266602
    },
    "gyroscope": {
        "x": 0.0031956976745277643,
        "y": -0.006923720706254244,
        "z": -0.0026616270188242197
    }
}