{
    "acceleration": {
        "x": 0.6178189516067505,
        "y": -9.796843528747559,
        "z": -0.14709974825382233
    },
    "gyroscope": {
        "x": -0.011184069328010082,
        "y": 0.0026616270188242197,
        "z": 0.004792673978954554
    }
}