{
    "acceleration": {
        "x": 1.980943202972412,
        "y": -2.7948951721191406,
        "z": 9.247671127319336
    },
    "gyroscope": {
        "x": -0.017043139785528183,
        "y": 0.007456046529114246,
        "z": 0.0026616270188242197
    }
}