{
    "acceleration": {
        "x": 1.3042844533920288,
        "y": -3.069481372833252,
        "z": 9.257477760314941
    },
    "gyroscope": {
        "x": 0.009054767899215221,
        "y": -0.007988371886312962,
        "z": -0.004260348621755838
    }
}