{
    "acceleration": {
        "x": 0.7453053593635559,
        "y": -9.0319242477417,
        "z": 3.775560140609741
    },
    "gyroscope": {
        "x": -0.018109535798430443,
        "y": -0.007988371886312962,
        "z": 0.0
    }
}