{
    "acceleration": {
        "x": 0.29419949650764465,
        "y": -4.314925670623779,
        "z": 8.894631385803223
    },
    "gyroscope": {
        "x": -0.012250465340912342,
        "y": 0.0021293016616255045,
        "z": -0.0031956976745277643
    }
}