{
    "acceleration": {
        "x": 1.0885381698608398,
        "y": -2.3339827060699463,
        "z": 9.522256851196289
    },
    "gyroscope": {
        "x": 0.010119418613612652,
        "y": -0.004260348621755838,
        "z": -0.0015969761880114675
    }
}