{
    "acceleration": {
        "x": 0.34323275089263916,
        "y": -1.6279038190841675,
        "z": 9.747809410095215
    },
    "gyroscope": {
        "x": 0.0026616270188242197,
        "y": -0.0031956976745277643,
        "z": -0.0021293016616255045
    }
}