{
    "acceleration": {
        "x": 1.235637903213501,
        "y": -9.188830375671387,
        "z": -3.0792880058288574
    },
    "gyroscope": {
        "x": -0.013315116055309772,
        "y": 0.0026616270188242197,
        "z": 0.0010646508308127522
    }
}