{
    "acceleration": {
        "x": 0.9512450098991394,
        "y": -9.64974308013916,
        "z": -1.598483920097351
    },
    "gyroscope": {
        "x": -0.011718139983713627,
        "y": -0.006923720706254244,
        "z": 0.0010646508308127522
    }
}