{
    "acceleration": {
        "x": 0.627625584602356,
        "y": -9.728196144104004,
        "z": -1.598483920097351
    },
    "gyroscope": {
        "x": -0.010119418613612652,
        "y": -0.008520697243511677,
        "z": -0.011718139983713627
    }
}