{
    "acceleration": {
        "x": 0.13729310035705566,
        "y": -8.776951789855957,
        "z": 4.501252174377441
    },
    "gyroscope": {
        "x": 0.005859069991856813,
        "y": -0.004260348621755838,
        "z": -0.004792673978954554
    }
}