{
    "acceleration": {
        "x": 0.6766588091850281,
        "y": -9.45361042022705,
        "z": -2.598762273788452
    },
    "gyroscope": {
        "x": -0.02183755859732628,
        "y": -0.005859069991856813,
        "z": 0.011184069328010082
    }
}