{
    "acceleration": {
        "x": 1.0591181516647339,
        "y": -9.120183944702148,
        "z": 3.422520875930786
    },
    "gyroscope": {
        "x": 0.0010646508308127522,
        "y": -0.003728023264557123,
        "z": 0.0005323254154063761
    }
}