{
    "acceleration": {
        "x": 0.7845319509506226,
        "y": -9.061344146728516,
        "z": 3.795173406600952
    },
    "gyroscope": {
        "x": 0.011718139983713627,
        "y": 0.0026616270188242197,
        "z": -0.0010646508308127522
    }
}