{
    "acceleration": {
        "x": -0.411879301071167,
        "y": -8.178746223449707,
        "z": -5.481917381286621
    },
    "gyroscope": {
        "x": 0.003728023264557123,
        "y": -0.0031956976745277643,
        "z": -0.004260348621755838
    }
}