{
    "acceleration": {
        "x": 1.794616937637329,
        "y": -1.7259703874588013,
        "z": 9.551676750183105
    },
    "gyroscope": {
        "x": -0.0031956976745277643,
        "y": 0.0010646508308127522,
        "z": -0.0026616270188242197
    }
}