{
    "acceleration": {
        "x": 0.6864655017852783,
        "y": -8.56120491027832,
        "z": -4.697385311126709
    },
    "gyroscope": {
        "x": 0.0,
        "y": 0.010119418613612652,
        "z": 0.0015969761880114675
    }
}