{
    "acceleration": {
        "x": 0.10787314921617508,
        "y": -9.659549713134766,
        "z": -1.5102241039276123
    },
    "gyroscope": {
        "x": 0.006391395349055529,
        "y": 0.019174186512827873,
        "z": 0.0021293016616255045
    }
}