{
    "acceleration": {
        "x": 1.7063570022583008,
        "y": -8.443525314331055,
        "z": 4.746418476104736
    },
    "gyroscope": {
        "x": -0.015446163713932037,
        "y": -0.013315116055309772,
        "z": 0.009054767899215221
    }
}