{
    "acceleration": {
        "x": 0.9218250513076782,
        "y": -4.158019542694092,
        "z": 8.8554048538208
    },
    "gyroscope": {
        "x": 0.009054767899215221,
        "y": -0.006923720706254244,
        "z": -0.0031956976745277643
    }
}