{
    "acceleration": {
        "x": 1.598483920097351,
        "y": -9.708582878112793,
        "z": -0.4412992298603058
    },
    "gyroscope": {
        "x": -0.010651743970811367,
        "y": -0.003728023264557123,
        "z": 0.0026616270188242197
    }
}