{
    "acceleration": {
        "x": 1.5494506359100342,
        "y": -7.482473850250244,
        "z": -5.815343379974365
    },
    "gyroscope": {
        "x": -0.013847441412508488,
        "y": 0.010651743970811367,
        "z": 0.009054767899215221
    }
}