{
    "acceleration": {
        "x": 1.5102241039276123,
        "y": -5.91340970993042,
        "z": 7.717833518981934
    },
    "gyroscope": {
        "x": 0.0015969761880114675,
        "y": -0.010651743970811367,
        "z": -0.0005323254154063761
    }
}