{
    "acceleration": {
        "x": 1.0689247846603394,
        "y": -2.186882972717285,
        "z": 9.571290016174316
    },
    "gyroscope": {
        "x": -0.004792673978954554,
        "y": -0.0031956976745277643,
        "z": 0.0015969761880114675
    }
}