{
    "acceleration": {
        "x": 0.05883989855647087,
        "y": -9.767423629760742,
        "z": 0.9512450098991394
    },
    "gyroscope": {
        "x": 0.0,
        "y": 0.0026616270188242197,
        "z": -0.006391395349055529
    }
}