{
    "acceleration": {
        "x": -1.5788706541061401,
        "y": -7.286340713500977,
        "z": 6.531228542327881
    },
    "gyroscope": {
        "x": -0.012782790698111057,
        "y": -0.008520697243511677,
        "z": -0.0015969761880114675
    }
}