{
    "acceleration": {
        "x": -1.382737636566162,
        "y": -1.3435109853744507,
        "z": 9.64974308013916
    },
    "gyroscope": {
        "x": 0.006391395349055529,
        "y": 0.02183755859732628,
        "z": 0.0026616270188242197
    }
}