{
    "acceleration": {
        "x": -1.6965503692626953,
        "y": -8.355265617370605,
        "z": -4.805258274078369
    },
    "gyroscope": {
        "x": -0.004792673978954554,
        "y": -0.005324999336153269,
        "z": -0.0026616270188242197
    }
}