{
    "acceleration": {
        "x": -2.1378495693206787,
        "y": -7.7374467849731445,
        "z": 5.619210243225098
    },
    "gyroscope": {
        "x": 0.014913838356733322,
        "y": -0.010651743970811367,
        "z": -0.006391395349055529
    }
}