{
    "acceleration": {
        "x": -0.6668521761894226,
        "y": -9.669356346130371,
        "z": -2.804701805114746
    },
    "gyroscope": {
        "x": 0.05805837735533714,
        "y": 0.0010646508308127522,
        "z": -0.018109535798430443
    }
}