{
    "acceleration": {
        "x": -1.0787314176559448,
        "y": -8.94366455078125,
        "z": 4.010919570922852
    },
    "gyroscope": {
        "x": -0.013315116055309772,
        "y": 0.006391395349055529,
        "z": 0.005324999336153269
    }
}