{
    "acceleration": {
        "x": -0.47071918845176697,
        "y": -9.796843528747559,
        "z": 0.3824593424797058
    },
    "gyroscope": {
        "x": -0.0324910469353199,
        "y": -0.011184069328010082,
        "z": 0.004792673978954554
    }
}