{
    "acceleration": {
        "x": -1.7651969194412231,
        "y": -9.708582878112793,
        "z": 0.34323275089263916
    },
    "gyroscope": {
        "x": -0.0026616270188242197,
        "y": -0.010651743970811367,
        "z": -0.012782790698111057
    }
}