{
    "acceleration": {
        "x": -1.2650578022003174,
        "y": -2.2163028717041016,
        "z": 9.5418701171875
    },
    "gyroscope": {
        "x": -0.0021293016616255045,
        "y": 0.004260348621755838,
        "z": 0.0010646508308127522
    }
}