{
    "acceleration": {
        "x": -2.167269706726074,
        "y": -8.43371868133545,
        "z": -4.511058807373047
    },
    "gyroscope": {
        "x": 0.010651743970811367,
        "y": 0.004260348621755838,
        "z": -0.0015969761880114675
    }
}