{
    "acceleration": {
        "x": -2.079009771347046,
        "y": -5.42307710647583,
        "z": 7.913966178894043
    },
    "gyroscope": {
        "x": -0.017577210441231728,
        "y": 0.0031956976745277643,
        "z": 0.0
    }
}