{
    "acceleration": {
        "x": -1.0591181516647339,
        "y": -9.306510925292969,
        "z": 3.1381278038024902
    },
    "gyroscope": {
        "x": -0.05805837735533714,
        "y": 0.0015969761880114675,
        "z": 0.018641861155629158
    }
}