{
    "acceleration": {
        "x": -2.2751426696777344,
        "y": -9.061344146728516,
        "z": -3.147934675216675
    },
    "gyroscope": {
        "x": 0.034088023006916046,
        "y": -0.024500930681824684,
        "z": -0.011184069328010082
    }
}