{
    "acceleration": {
        "x": -0.5001391172409058,
        "y": -7.825706481933594,
        "z": 5.6780500411987305
    },
    "gyroscope": {
        "x": -0.0026616270188242197,
        "y": 0.010651743970811367,
        "z": 0.0005323254154063761
    }
}