{
    "acceleration": {
        "x": -0.6570455431938171,
        "y": -9.894909858703613,
        "z": -0.5883989930152893
    },
    "gyroscope": {
        "x": 0.013315116055309772,
        "y": -0.012250465340912342,
        "z": -0.004792673978954554
    }
}