{
    "acceleration": {
        "x": -1.5494506359100342,
        "y": -5.109264373779297,
        "z": 8.286619186401367
    },
    "gyroscope": {
        "x": 0.0015969761880114675,
        "y": 0.013847441412508488,
        "z": 0.009587093256413937
    }
}