{
    "acceleration": {
        "x": -2.1574628353118896,
        "y": -6.746974945068359,
        "z": 6.786201477050781
    },
    "gyroscope": {
        "x": -0.004260348621755838,
        "y": -0.014379767701029778,
        "z": -0.010651743970811367
    }
}