{
    "acceleration": {
        "x": -1.598483920097351,
        "y": -8.600431442260742,
        "z": 4.4620256423950195
    },
    "gyroscope": {
        "x": -0.018641861155629158,
        "y": 0.0010646508308127522,
        "z": -0.0026616270188242197
    }
}