{
    "acceleration": {
        "x": -2.2751426696777344,
        "y": -9.551676750183105,
        "z": -1.0493115186691284
    },
    "gyroscope": {
        "x": 0.04261046648025513,
        "y": -0.03568674623966217,
        "z": -0.02077290788292885
    }
}