{
    "acceleration": {
        "x": -1.598483920097351,
        "y": -8.54159164428711,
        "z": 4.56989860534668
    },
    "gyroscope": {
        "x": -0.0010646508308127522,
        "y": -0.011184069328010082,
        "z": -0.005859069991856813
    }
}