{
    "acceleration": {
        "x": -1.2454445362091064,
        "y": -7.727640151977539,
        "z": -6.217415809631348
    },
    "gyroscope": {
        "x": -0.009054767899215221,
        "y": -0.022369883954524994,
        "z": -0.004792673978954554
    }
}