{
    "acceleration": {
        "x": -1.1473779678344727,
        "y": -9.767423629760742,
        "z": 0.0
    },
    "gyroscope": {
        "x": -0.05859070271253586,
        "y": -0.009587093256413937,
        "z": 0.017577210441231728
    }
}