{
    "acceleration": {
        "x": -1.206217885017395,
        "y": -9.532063484191895,
        "z": -1.7848103046417236
    },
    "gyroscope": {
        "x": -0.009587093256413937,
        "y": -0.009587093256413937,
        "z": 0.0031956976745277643
    }
}