{
    "acceleration": {
        "x": -1.431770920753479,
        "y": -9.610516548156738,
        "z": 0.03922659903764725
    },
    "gyroscope": {
        "x": -0.008520697243511677,
        "y": -0.004792673978954554,
        "z": -0.0021293016616255045
    }
}