{
    "acceleration": {
        "x": -0.8825984597206116,
        "y": -5.933022975921631,
        "z": 7.806093215942383
    },
    "gyroscope": {
        "x": 0.0026616270188242197,
        "y": -0.010651743970811367,
        "z": 0.0031956976745277643
    }
}