{
    "acceleration": {
        "x": -1.9613299369812012,
        "y": -2.785088539123535,
        "z": 9.247671127319336
    },
    "gyroscope": {
        "x": -0.003728023264557123,
        "y": -0.010119418613612652,
        "z": -0.0005323254154063761
    }
}