{
    "acceleration": {
        "x": -0.725692093372345,
        "y": -8.05125904083252,
        "z": -5.952636241912842
    },
    "gyroscope": {
        "x": 0.02822895534336567,
        "y": 0.005324999336153269,
        "z": -0.004792673978954554
    }
}