{
    "acceleration": {
        "x": -1.1277647018432617,
        "y": -9.73800277709961,
        "z": 1.1277647018432617
    },
    "gyroscope": {
        "x": -0.008520697243511677,
        "y": 0.0021293016616255045,
        "z": 0.004792673978954554
    }
}