{
    "acceleration": {
        "x": -1.5102241039276123,
        "y": -7.433440685272217,
        "z": -6.3154826164245605
    },
    "gyroscope": {
        "x": 0.010651743970811367,
        "y": -0.02077290788292885,
        "z": -0.005324999336153269
    }
}