{
    "acceleration": {
        "x": -0.411879301071167,
        "y": -7.85512638092041,
        "z": -5.962442874908447
    },
    "gyroscope": {
        "x": 0.034088023006916046,
        "y": 0.0010646508308127522,
        "z": -0.007988371886312962
    }
}