{
    "acceleration": {
        "x": -1.0983448028564453,
        "y": -8.512171745300293,
        "z": -4.8346781730651855
    },
    "gyroscope": {
        "x": -0.011718139983713627,
        "y": -0.010119418613612652,
        "z": -0.0031956976745277643
    }
}