{
    "acceleration": {
        "x": -1.81423020362854,
        "y": -9.443803787231445,
        "z": -2.3339827060699463
    },
    "gyroscope": {
        "x": -0.020240582525730133,
        "y": 0.007456046529114246,
        "z": 0.011718139983713627
    }
}