{
    "acceleration": {
        "x": -1.637710452079773,
        "y": -9.45361042022705,
        "z": -1.9515233039855957
    },
    "gyroscope": {
        "x": 0.011184069328010082,
        "y": 0.005859069991856813,
        "z": 0.0010646508308127522
    }
}