{
    "acceleration": {
        "x": -0.3628460466861725,
        "y": -5.795730113983154,
        "z": 7.85512638092041
    },
    "gyroscope": {
        "x": -0.015978489071130753,
        "y": 0.014913838356733322,
        "z": 0.0
    }
}