{
    "acceleration": {
        "x": -2.1574628353118896,
        "y": -4.295312404632568,
        "z": 8.590624809265137
    },
    "gyroscope": {
        "x": 0.007988371886312962,
        "y": -0.014379767701029778,
        "z": 0.0010646508308127522
    }
}