{
    "acceleration": {
        "x": -1.3435109853744507,
        "y": -6.040896415710449,
        "z": 7.717833518981934
    },
    "gyroscope": {
        "x": 0.016510814428329468,
        "y": -0.014913838356733322,
        "z": -0.006923720706254244
    }
}