{
    "acceleration": {
        "x": -2.28494930267334,
        "y": -8.090486526489258,
        "z": -5.109264373779297
    },
    "gyroscope": {
        "x": 0.04527384042739868,
        "y": -0.024500930681824684,
        "z": -0.019174186512827873
    }
}