{
    "acceleration": {
        "x": -1.6082905530929565,
        "y": -7.609960079193115,
        "z": 5.972249507904053
    },
    "gyroscope": {
        "x": -0.006923720706254244,
        "y": -0.005324999336153269,
        "z": -0.0005323254154063761
    }
}