{
    "acceleration": {
        "x": -1.5592572689056396,
        "y": -5.236751079559326,
        "z": 8.178746223449707
    },
    "gyroscope": {
        "x": 0.003728023264557123,
        "y": -0.018641861155629158,
        "z": -0.007456046529114246
    }
}