{
    "acceleration": {
        "x": -1.421964168548584,
        "y": -1.6769371032714844,
        "z": 9.561483383178711
    },
    "gyroscope": {
        "x": -0.0021293016616255045,
        "y": -0.005324999336153269,
        "z": 0.0010646508308127522
    }
}