{
    "acceleration": {
        "x": -1.0885381698608398,
        "y": -7.119627952575684,
        "z": 6.697941780090332
    },
    "gyroscope": {
        "x": -0.017577210441231728,
        "y": 0.007988371886312962,
        "z": 0.006391395349055529
    }
}