{
    "acceleration": {
        "x": -0.3922659754753113,
        "y": -5.844763278961182,
        "z": 7.894352912902832
    },
    "gyroscope": {
        "x": 0.005859069991856813,
        "y": 0.0031956976745277643,
        "z": -0.003728023264557123
    }
}