{
    "acceleration": {
        "x": -1.6279038190841675,
        "y": -8.188552856445312,
        "z": -5.109264373779297
    },
    "gyroscope": {
        "x": -0.004792673978954554,
        "y": 0.006391395349055529,
        "z": -0.0005323254154063761
    }
}