{
    "acceleration": {
        "x": -2.1966896057128906,
        "y": -9.110377311706543,
        "z": 2.7752819061279297
    },
    "gyroscope": {
        "x": 0.012250465340912342,
        "y": -0.014913838356733322,
        "z": -0.0026616270188242197
    }
}