{
    "acceleration": {
        "x": -1.6279038190841675,
        "y": -8.825984954833984,
        "z": 3.961886405944824
    },
    "gyroscope": {
        "x": 0.005859069991856813,
        "y": -0.008520697243511677,
        "z": 0.006391395349055529
    }
}