{
    "acceleration": {
        "x": -0.9610517024993896,
        "y": -7.953193187713623,
        "z": 5.854569911956787
    },
    "gyroscope": {
        "x": -0.04314279183745384,
        "y": -0.004260348621755838,
        "z": 0.012782790698111057
    }
}