{
    "acceleration": {
        "x": -0.05883989855647087,
        "y": -2.8341217041015625,
        "z": 9.43399715423584
    },
    "gyroscope": {
        "x": -0.013847441412508488,
        "y": 0.009587093256413937,
        "z": 0.005324999336153269
    }
}