{
    "acceleration": {
        "x": -0.42168593406677246,
        "y": -9.247671127319336,
        "z": -3.3931007385253906
    },
    "gyroscope": {
        "x": 0.013315116055309772,
        "y": -0.003728023264557123,
        "z": -0.005324999336153269
    }
}