{
    "acceleration": {
        "x": -1.0296982526779175,
        "y": -4.491445541381836,
        "z": 8.698498725891113
    },
    "gyroscope": {
        "x": -0.003728023264557123,
        "y": 0.0026616270188242197,
        "z": 0.0015969761880114675
    }
}