{
    "acceleration": {
        "x": -1.7259703874588013,
        "y": -7.992419719696045,
        "z": 5.560370445251465
    },
    "gyroscope": {
        "x": 0.011184069328010082,
        "y": -0.026631977409124374,
        "z": -0.015978489071130753
    }
}