{
    "acceleration": {
        "x": -1.421964168548584,
        "y": -7.7374467849731445,
        "z": 5.952636241912842
    },
    "gyroscope": {
        "x": -0.02077290788292885,
        "y": 0.006391395349055529,
        "z": 0.005859069991856813
    }
}