{
    "acceleration": {
        "x": -0.37265267968177795,
        "y": -8.080678939819336,
        "z": 5.6780500411987305
    },
    "gyroscope": {
        "x": -0.007988371886312962,
        "y": -0.0015969761880114675,
        "z": 0.0026616270188242197
    }
}