{
    "acceleration": {
        "x": -1.7161637544631958,
        "y": -8.316039085388184,
        "z": -4.736611843109131
    },
    "gyroscope": {
        "x": -0.009054767899215221,
        "y": -0.0010646508308127522,
        "z": 0.004260348621755838
    }
}