{
    "acceleration": {
        "x": -1.431770920753479,
        "y": -1.0296982526779175,
        "z": 9.669356346130371
    },
    "gyroscope": {
        "x": 0.0010646508308127522,
        "y": 0.0031956976745277643,
        "z": 0.0010646508308127522
    }
}