{
    "acceleration": {
        "x": -1.9907499551773071,
        "y": -1.0983448028564453,
        "z": 9.551676750183105
    },
    "gyroscope": {
        "x": -0.008520697243511677,
        "y": -0.009587093256413937,
        "z": 0.0031956976745277643
    }
}