{
    "acceleration": {
        "x": -0.9316317439079285,
        "y": -1.7455836534500122,
        "z": 9.63012981414795
    },
    "gyroscope": {
        "x": -0.012250465340912342,
        "y": 0.007456046529114246,
        "z": -0.0026616270188242197
    }
}