{
    "acceleration": {
        "x": -0.823758602142334,
        "y": -3.0204482078552246,
        "z": 9.414383888244629
    },
    "gyroscope": {
        "x": 0.013315116055309772,
        "y": 0.004792673978954554,
        "z": 0.0
    }
}