{
    "acceleration": {
        "x": -1.6573238372802734,
        "y": -9.639936447143555,
        "z": 1.1571847200393677
    },
    "gyroscope": {
        "x": -0.013315116055309772,
        "y": -0.007456046529114246,
        "z": 0.0015969761880114675
    }
}