{
    "acceleration": {
        "x": -2.1280429363250732,
        "y": -9.620323181152344,
        "z": -1.1179580688476562
    },
    "gyroscope": {
        "x": 0.008520697243511677,
        "y": 0.0026616270188242197,
        "z": -0.005324999336153269
    }
}