{
    "acceleration": {
        "x": -1.6867437362670898,
        "y": -9.394770622253418,
        "z": -2.432049036026001
    },
    "gyroscope": {
        "x": -0.004792673978954554,
        "y": -0.013315116055309772,
        "z": 0.0026616270188242197
    }
}