{
    "acceleration": {
        "x": -1.5886772871017456,
        "y": -2.3535959720611572,
        "z": 9.424190521240234
    },
    "gyroscope": {
        "x": 0.0005323254154063761,
        "y": 0.005859069991856813,
        "z": 0.0031956976745277643
    }
}