{
    "acceleration": {
        "x": -1.637710452079773,
        "y": -9.571290016174316,
        "z": 1.0591181516647339
    },
    "gyroscope": {
        "x": -0.006391395349055529,
        "y": 0.006391395349055529,
        "z": 0.004792673978954554
    }
}