{
    "acceleration": {
        "x": -1.5886772871017456,
        "y": -7.00194787979126,
        "z": 6.678328514099121
    },
    "gyroscope": {
        "x": -0.011718139983713627,
        "y": -0.004260348621755838,
        "z": -0.0010646508308127522
    }
}