{
    "acceleration": {
        "x": -0.45110589265823364,
        "y": -9.483030319213867,
        "z": 2.451662540435791
    },
    "gyroscope": {
        "x": 0.004260348621755838,
        "y": 0.004260348621755838,
        "z": 0.0031956976745277643
    }
}