{
    "acceleration": {
        "x": -1.5690639019012451,
        "y": -9.561483383178711,
        "z": -1.3631243705749512
    },
    "gyroscope": {
        "x": 0.006391395349055529,
        "y": 0.010119418613612652,
        "z": 0.004260348621755838
    }
}