{
    "acceleration": {
        "x": -1.6867437362670898,
        "y": -8.806371688842773,
        "z": 4.050146579742432
    },
    "gyroscope": {
        "x": -0.009587093256413937,
        "y": -0.003728023264557123,
        "z": 0.004260348621755838
    }
}