{
    "acceleration": {
        "x": -0.5491724014282227,
        "y": -9.463417053222656,
        "z": 2.9616081714630127
    },
    "gyroscope": {
        "x": -0.003728023264557123,
        "y": -0.008520697243511677,
        "z": 0.0021293016616255045
    }
}