{
    "acceleration": {
        "x": -1.6867437362670898,
        "y": -9.404577255249023,
        "z": -2.265336036682129
    },
    "gyroscope": {
        "x": -0.010119418613612652,
        "y": -0.009587093256413937,
        "z": 0.004792673978954554
    }
}