{
    "acceleration": {
        "x": -1.5298373699188232,
        "y": -4.403185844421387,
        "z": 8.629851341247559
    },
    "gyroscope": {
        "x": -0.007988371886312962,
        "y": -0.009054767899215221,
        "z": -0.0021293016616255045
    }
}