{
    "acceleration": {
        "x": -1.5298373699188232,
        "y": -4.873904705047607,
        "z": 8.45333194732666
    },
    "gyroscope": {
        "x": -0.014913838356733322,
        "y": -0.011718139983713627,
        "z": -0.004792673978954554
    }
}