{
    "acceleration": {
        "x": -2.1280429363250732,
        "y": -8.56120491027832,
        "z": 4.2364726066589355
    },
    "gyroscope": {
        "x": -0.0015969761880114675,
        "y": -0.009054767899215221,
        "z": -0.010119418613612652
    }
}