{
    "acceleration": {
        "x": -1.1767979860305786,
        "y": -9.071150779724121,
        "z": -3.442134141921997
    },
    "gyroscope": {
        "x": -0.004792673978954554,
        "y": -0.0015969761880114675,
        "z": 0.0
    }
}