{
    "acceleration": {
        "x": -1.5298373699188232,
        "y": -9.394770622253418,
        "z": -2.6870219707489014
    },
    "gyroscope": {
        "x": -0.02396860532462597,
        "y": -0.0031956976745277643,
        "z": 0.017577210441231728
    }
}