{
    "acceleration": {
        "x": -0.254972904920578,
        "y": -2.4418559074401855,
        "z": 9.600709915161133
    },
    "gyroscope": {
        "x": -0.0021293016616255045,
        "y": 0.010651743970811367,
        "z": 0.004792673978954554
    }
}