{
    "acceleration": {
        "x": -2.1574628353118896,
        "y": -9.581096649169922,
        "z": 1.1571847200393677
    },
    "gyroscope": {
        "x": -0.011184069328010082,
        "y": -0.008520697243511677,
        "z": -0.0031956976745277643
    }
}