{
    "acceleration": {
        "x": -1.431770920753479,
        "y": -9.149603843688965,
        "z": 3.1675479412078857
    },
    "gyroscope": {
        "x": 0.014379767701029778,
        "y": -0.014379767701029778,
        "z": -0.011718139983713627
    }
}