{
    "acceleration": {
        "x": -1.7651969194412231,
        "y": -7.913966178894043,
        "z": -5.344624042510986
    },
    "gyroscope": {
        "x": -0.0031956976745277643,
        "y": 0.006923720706254244,
        "z": 0.006923720706254244
    }
}