{
    "acceleration": {
        "x": 1.1669913530349731,
        "y": -8.423912048339844,
        "z": 5.030811309814453
    },
    "gyroscope": {
        "x": -0.0015969761880114675,
        "y": 0.0031956976745277643,
        "z": 0.0031956976745277643
    }
}