{
    "acceleration": {
        "x": 1.0983448028564453,
        "y": -9.75761604309082,
        "z": -0.3628460466861725
    },
    "gyroscope": {
        "x": -0.011184069328010082,
        "y": -0.005324999336153269,
        "z": 0.0015969761880114675
    }
}