{
    "acceleration": {
        "x": 1.0493115186691284,
        "y": -7.85512638092041,
        "z": -5.6584367752075195
    },
    "gyroscope": {
        "x": -0.014379767701029778,
        "y": -0.012250465340912342,
        "z": -0.0010646508308127522
    }
}