{
    "acceleration": {
        "x": 2.3437893390655518,
        "y": -9.34573745727539,
        "z": 1.382737636566162
    },
    "gyroscope": {
        "x": 0.0021293016616255045,
        "y": 0.006391395349055529,
        "z": -0.0026616270188242197
    }
}