{
    "acceleration": {
        "x": 1.9711365699768066,
        "y": -8.718111991882324,
        "z": -3.9716930389404297
    },
    "gyroscope": {
        "x": 0.0005323254154063761,
        "y": 0.005859069991856813,
        "z": 0.0021293016616255045
    }
}