{
    "acceleration": {
        "x": 0.627625584602356,
        "y": -8.776951789855957,
        "z": -4.2364726066589355
    },
    "gyroscope": {
        "x": -0.006923720706254244,
        "y": -0.0015969761880114675,
        "z": 0.0015969761880114675
    }
}