{
    "acceleration": {
        "x": 1.0885381698608398,
        "y": -9.110377311706543,
        "z": 3.5696206092834473
    },
    "gyroscope": {
        "x": 0.0010646508308127522,
        "y": -0.007456046529114246,
        "z": -0.005859069991856813
    }
}