{
    "acceleration": {
        "x": 1.0787314176559448,
        "y": -8.639657974243164,
        "z": -4.452219009399414
    },
    "gyroscope": {
        "x": -0.008520697243511677,
        "y": -0.003728023264557123,
        "z": 0.004792673978954554
    }
}