{
    "acceleration": {
        "x": 0.6374322175979614,
        "y": -9.845876693725586,
        "z": -0.3824593424797058
    },
    "gyroscope": {
        "x": -0.010119418613612652,
        "y": -0.006391395349055529,
        "z": -0.0010646508308127522
    }
}