{
    "acceleration": {
        "x": 1.2258312702178955,
        "y": -9.424190521240234,
        "z": 2.5203089714050293
    },
    "gyroscope": {
        "x": -0.0010646508308127522,
        "y": -0.0015969761880114675,
        "z": -0.0021293016616255045
    }
}