{
    "acceleration": {
        "x": 0.7354987263679504,
        "y": -8.708305358886719,
        "z": 4.491445541381836
    },
    "gyroscope": {
        "x": -0.005324999336153269,
        "y": -0.012250465340912342,
        "z": 0.0
    }
}