{
    "acceleration": {
        "x": 2.4026291370391846,
        "y": -9.45361042022705,
        "z": -1.667130470275879
    },
    "gyroscope": {
        "x": 0.0010646508308127522,
        "y": 0.008520697243511677,
        "z": -0.0010646508308127522
    }
}