{
    "acceleration": {
        "x": 1.0787314176559448,
        "y": -9.355544090270996,
        "z": -2.618375539779663
    },
    "gyroscope": {
        "x": -0.009587093256413937,
        "y": 0.0021293016616255045,
        "z": 0.0
    }
}