{
    "acceleration": {
        "x": 1.4121575355529785,
        "y": -3.5500071048736572,
        "z": 9.061344146728516
    },
    "gyroscope": {
        "x": -0.017577210441231728,
        "y": -0.0015969761880114675,
        "z": 0.005859069991856813
    }
}