{
    "acceleration": {
        "x": 0.5491724014282227,
        "y": -8.649465560913086,
        "z": -4.648352146148682
    },
    "gyroscope": {
        "x": -0.0031956976745277643,
        "y": -0.0005323254154063761,
        "z": 0.0015969761880114675
    }
}