{
    "acceleration": {
        "x": 0.45110589265823364,
        "y": -9.806650161743164,
        "z": 0.8924051523208618
    },
    "gyroscope": {
        "x": -0.004792673978954554,
        "y": -0.0021293016616255045,
        "z": -0.005324999336153269
    }
}