{
    "acceleration": {
        "x": 1.1767979860305786,
        "y": -8.590624809265137,
        "z": 4.628738880157471
    },
    "gyroscope": {
        "x": 0.0015969761880114675,
        "y": -0.003728023264557123,
        "z": -0.0015969761880114675
    }
}