{
    "acceleration": {
        "x": 2.0103631019592285,
        "y": -9.522256851196289,
        "z": -1.2258312702178955
    },
    "gyroscope": {
        "x": -0.012782790698111057,
        "y": -0.009054767899215221,
        "z": 0.0015969761880114675
    }
}