{
    "acceleration": {
        "x": 1.0787314176559448,
        "y": -1.3140910863876343,
        "z": 9.708582878112793
    },
    "gyroscope": {
        "x": -0.0021293016616255045,
        "y": -0.0021293016616255045,
        "z": -0.0031956976745277643
    }
}