{
    "acceleration": {
        "x": 0.4609125256538391,
        "y": -7.933579444885254,
        "z": -5.815343379974365
    },
    "gyroscope": {
        "x": -0.003728023264557123,
        "y": -0.005859069991856813,
        "z": 0.0
    }
}