{
    "acceleration": {
        "x": 0.8041452765464783,
        "y": -2.579148769378662,
        "z": 9.463417053222656
    },
    "gyroscope": {
        "x": -0.009587093256413937,
        "y": 0.012250465340912342,
        "z": -0.0010646508308127522
    }
}