{
    "acceleration": {
        "x": 0.5393657088279724,
        "y": -9.120183944702148,
        "z": 3.6971070766448975
    },
    "gyroscope": {
        "x": -0.0026616270188242197,
        "y": 0.0021293016616255045,
        "z": -0.0031956976745277643
    }
}