{
    "acceleration": {
        "x": 0.6864655017852783,
        "y": -9.365350723266602,
        "z": 2.8341217041015625
    },
    "gyroscope": {
        "x": 0.0010646508308127522,
        "y": -0.0021293016616255045,
        "z": -0.0021293016616255045
    }
}