{
    "acceleration": {
        "x": 1.8436501026153564,
        "y": -3.520587205886841,
        "z": 9.012310981750488
    },
    "gyroscope": {
        "x": -0.0005323254154063761,
        "y": 0.0010646508308127522,
        "z": -0.0021293016616255045
    }
}