{
    "acceleration": {
        "x": 0.7354987263679504,
        "y": -2.020169734954834,
        "z": 9.63012981414795
    },
    "gyroscope": {
        "x": -0.0031956976745277643,
        "y": 0.0031956976745277643,
        "z": 0.0010646508308127522
    }
}