{
    "acceleration": {
        "x": 2.098623037338257,
        "y": -8.23758602142334,
        "z": 5.001391410827637
    },
    "gyroscope": {
        "x": -0.0010646508308127522,
        "y": 0.0021293016616255045,
        "z": -0.0021293016616255045
    }
}