{
    "acceleration": {
        "x": 0.5785923600196838,
        "y": -7.698220252990723,
        "z": -5.952636241912842
    },
    "gyroscope": {
        "x": -0.012250465340912342,
        "y": -0.006923720706254244,
        "z": 0.003728023264557123
    }
}