{
    "acceleration": {
        "x": 2.7066352367401123,
        "y": -2.098623037338257,
        "z": 9.23786449432373
    },
    "gyroscope": {
        "x": -0.012250465340912342,
        "y": 0.006923720706254244,
        "z": 0.0021293016616255045
    }
}