{
    "acceleration": {
        "x": 0.42168593406677246,
        "y": -8.335652351379395,
        "z": -5.070037841796875
    },
    "gyroscope": {
        "x": -0.006923720706254244,
        "y": -0.006391395349055529,
        "z": 0.006923720706254244
    }
}