{
    "acceleration": {
        "x": 1.3435109853744507,
        "y": -6.138962745666504,
        "z": 7.560926914215088
    },
    "gyroscope": {
        "x": -0.010651743970811367,
        "y": -0.004260348621755838,
        "z": 0.0005323254154063761
    }
}