{
    "acceleration": {
        "x": 1.0002782344818115,
        "y": -9.777230262756348,
        "z": -0.4805258512496948
    },
    "gyroscope": {
        "x": -0.004792673978954554,
        "y": -0.0031956976745277643,
        "z": 0.0005323254154063761
    }
}