{
    "acceleration": {
        "x": 0.6864655017852783,
        "y": -9.728196144104004,
        "z": 1.3533176183700562
    },
    "gyroscope": {
        "x": -0.004792673978954554,
        "y": -0.005859069991856813,
        "z": 0.0010646508308127522
    }
}