{
    "acceleration": {
        "x": 1.5494506359100342,
        "y": -3.1577413082122803,
        "z": 9.208444595336914
    },
    "gyroscope": {
        "x": -0.010119418613612652,
        "y": -0.010651743970811367,
        "z": 0.003728023264557123
    }
}