{
    "acceleration": {
        "x": 0.6080122590065002,
        "y": -9.73800277709961,
        "z": -1.1767979860305786
    },
    "gyroscope": {
        "x": -0.007456046529114246,
        "y": -0.0010646508308127522,
        "z": 0.0021293016616255045
    }
}