{
    "acceleration": {
        "x": 0.9708583354949951,
        "y": -4.354152679443359,
        "z": 8.796565055847168
    },
    "gyroscope": {
        "x": -0.005859069991856813,
        "y": 0.0015969761880114675,
        "z": -0.0010646508308127522
    }
}