{
    "acceleration": {
        "x": 2.618375539779663,
        "y": -3.9814999103546143,
        "z": 8.580818176269531
    },
    "gyroscope": {
        "x": -0.010651743970811367,
        "y": -0.009054767899215221,
        "z": 0.0015969761880114675
    }
}