{
    "acceleration": {
        "x": 0.9610517024993896,
        "y": -1.45138418674469,
        "z": 9.688969612121582
    },
    "gyroscope": {
        "x": -0.005324999336153269,
        "y": -0.0015969761880114675,
        "z": -0.0021293016616255045
    }
}