{
    "acceleration": {
        "x": 0.5393657088279724,
        "y": -9.787036895751953,
        "z": 0.45110589265823364
    },
    "gyroscope": {
        "x": -0.013315116055309772,
        "y": -0.006923720706254244,
        "z": 0.0021293016616255045
    }
}