{
    "acceleration": {
        "x": 2.3634026050567627,
        "y": -1.1179580688476562,
        "z": 9.483030319213867
    },
    "gyroscope": {
        "x": -0.005324999336153269,
        "y": -0.0005323254154063761,
        "z": 0.0
    }
}