{
    "acceleration": {
        "x": 1.4709974527359009,
        "y": -0.5589790344238281,
        "z": 9.728196144104004
    },
    "gyroscope": {
        "x": -0.006923720706254244,
        "y": 0.0021293016616255045,
        "z": -0.0031956976745277643
    }
}