{
    "acceleration": {
        "x": 1.5592572689056396,
        "y": -8.757338523864746,
        "z": -4.11879301071167
    },
    "gyroscope": {
        "x": -0.0031956976745277643,
        "y": -0.004260348621755838,
        "z": 0.0026616270188242197
    }
}