{
    "acceleration": {
        "x": 1.1179580688476562,
        "y": -9.600709915161133,
        "z": 1.81423020362854
    },
    "gyroscope": {
        "x": -0.006923720706254244,
        "y": -0.0015969761880114675,
        "z": 0.0010646508308127522
    }
}