{
    "acceleration": {
        "x": 0.411879301071167,
        "y": -9.502643585205078,
        "z": -2.28494930267334
    },
    "gyroscope": {
        "x": -0.0031956976745277643,
        "y": -0.006391395349055529,
        "z": 0.0015969761880114675
    }
}