{
    "acceleration": {
        "x": 1.5788706541061401,
        "y": -9.64974308013916,
        "z": -0.8139519095420837
    },
    "gyroscope": {
        "x": -0.006923720706254244,
        "y": -0.009054767899215221,
        "z": 0.0
    }
}