{
    "acceleration": {
        "x": 2.3535959720611572,
        "y": -8.472945213317871,
        "z": -4.305119037628174
    },
    "gyroscope": {
        "x": -0.02716430276632309,
        "y": -0.025565581396222115,
        "z": 0.0
    }
}