{
    "acceleration": {
        "x": 1.7357770204544067,
        "y": -6.541035175323486,
        "z": 7.1392412185668945
    },
    "gyroscope": {
        "x": -0.009587093256413937,
        "y": -0.009587093256413937,
        "z": 0.003728023264557123
    }
}