{
    "acceleration": {
        "x": 0.6864655017852783,
        "y": -4.8346781730651855,
        "z": 8.56120491027832
    },
    "gyroscope": {
        "x": 0.004260348621755838,
        "y": 0.0005323254154063761,
        "z": 0.0
    }
}