{
    "acceleration": {
        "x": 0.8335652351379395,
        "y": -6.825428009033203,
        "z": 7.050981044769287
    },
    "gyroscope": {
        "x": 0.0010646508308127522,
        "y": -0.0010646508308127522,
        "z": -0.0031956976745277643
    }
}