{
    "acceleration": {
        "x": 0.6472389101982117,
        "y": -7.7374467849731445,
        "z": 6.011476516723633
    },
    "gyroscope": {
        "x": -0.006391395349055529,
        "y": -0.0015969761880114675,
        "z": 0.0021293016616255045
    }
}