{
    "acceleration": {
        "x": 0.5491724014282227,
        "y": -9.277091026306152,
        "z": 3.2656142711639404
    },
    "gyroscope": {
        "x": 0.004260348621755838,
        "y": -0.0031956976745277643,
        "z": -0.006391395349055529
    }
}