{
    "acceleration": {
        "x": 0.5785923600196838,
        "y": -9.277091026306152,
        "z": -3.236194372177124
    },
    "gyroscope": {
        "x": -0.011718139983713627,
        "y": -0.008520697243511677,
        "z": 0.0031956976745277643
    }
}