{
    "acceleration": {
        "x": 0.7747253179550171,
        "y": -7.1588544845581055,
        "z": 6.717555046081543
    },
    "gyroscope": {
        "x": -0.009587093256413937,
        "y": -0.007456046529114246,
        "z": -0.0031956976745277643
    }
}