{
    "acceleration": {
        "x": 1.637710452079773,
        "y": -9.571290016174316,
        "z": 1.5788706541061401
    },
    "gyroscope": {
        "x": -0.007456046529114246,
        "y": -0.004792673978954554,
        "z": 0.0021293016616255045
    }
}