{
    "acceleration": {
        "x": 2.510502338409424,
        "y": -6.668521881103516,
        "z": 6.776394844055176
    },
    "gyroscope": {
        "x": -0.014379767701029778,
        "y": -0.009587093256413937,
        "z": 0.0010646508308127522
    }
}