{
    "acceleration": {
        "x": 0.9022117853164673,
        "y": -7.609960079193115,
        "z": -5.972249507904053
    },
    "gyroscope": {
        "x": -0.0026616270188242197,
        "y": -0.0021293016616255045,
        "z": 0.0031956976745277643
    }
}