{
    "acceleration": {
        "x": 0.6864655017852783,
        "y": -9.708582878112793,
        "z": 1.45138418674469
    },
    "gyroscope": {
        "x": -0.005859069991856813,
        "y": -0.0021293016616255045,
        "z": 0.0005323254154063761
    }
}