{
    "acceleration": {
        "x": 2.1182363033294678,
        "y": -6.835235118865967,
        "z": 6.7077484130859375
    },
    "gyroscope": {
        "x": 0.0031956976745277643,
        "y": -0.008520697243511677,
        "z": -0.004792673978954554
    }
}