{
    "acceleration": {
        "x": 0.8629851937294006,
        "y": -4.403185844421387,
        "z": 8.767145156860352
    },
    "gyroscope": {
        "x": -0.015446163713932037,
        "y": -0.012250465340912342,
        "z": 0.0010646508308127522
    }
}