{
    "acceleration": {
        "x": 1.039504885673523,
        "y": -2.8145084381103516,
        "z": 9.375157356262207
    },
    "gyroscope": {
        "x": -0.0021293016616255045,
        "y": -0.0010646508308127522,
        "z": -0.0026616270188242197
    }
}