{
    "acceleration": {
        "x": 2.079009771347046,
        "y": -9.492836952209473,
        "z": 1.45138418674469
    },
    "gyroscope": {
        "x": -0.016510814428329468,
        "y": -0.005859069991856813,
        "z": 0.0
    }
}