{
    "acceleration": {
        "x": 2.206496238708496,
        "y": -4.677772045135498,
        "z": 8.384685516357422
    },
    "gyroscope": {
        "x": 0.0015969761880114675,
        "y": -0.010651743970811367,
        "z": -0.004260348621755838
    }
}