{
    "acceleration": {
        "x": 0.6570455431938171,
        "y": -9.610516548156738,
        "z": -1.7553902864456177
    },
    "gyroscope": {
        "x": -0.0031956976745277643,
        "y": -0.009054767899215221,
        "z": 0.0026616270188242197
    }
}