{
    "acceleration": {
        "x": 1.4415775537490845,
        "y": -5.550563812255859,
        "z": 7.9826130867004395
    },
    "gyroscope": {
        "x": -0.006391395349055529,
        "y": 0.0015969761880114675,
        "z": 0.005324999336153269
    }
}