{
    "acceleration": {
        "x": 1.980943202972412,
        "y": -0.5197524428367615,
        "z": 9.63012981414795
    },
    "gyroscope": {
        "x": -0.013847441412508488,
        "y": 0.0005323254154063761,
        "z": 0.0021293016616255045
    }
}