{
    "acceleration": {
        "x": 1.3140910863876343,
        "y": -5.864376544952393,
        "z": 7.786479949951172
    },
    "gyroscope": {
        "x": -0.016510814428329468,
        "y": 0.0,
        "z": 0.0031956976745277643
    }
}