{
    "acceleration": {
        "x": 1.3140910863876343,
        "y": -8.296425819396973,
        "z": 5.158297538757324
    },
    "gyroscope": {
        "x": -0.009054767899215221,
        "y": 0.0015969761880114675,
        "z": 0.0
    }
}