{
    "acceleration": {
        "x": 1.4808040857315063,
        "y": -2.2359161376953125,
        "z": 9.443803787231445
    },
    "gyroscope": {
        "x": -0.004792673978954554,
        "y": -0.0005323254154063761,
        "z": 0.0026616270188242197
    }
}