{
    "acceleration": {
        "x": 1.1473779678344727,
        "y": -9.767423629760742,
        "z": 0.09806649386882782
    },
    "gyroscope": {
        "x": -0.005324999336153269,
        "y": -0.005859069991856813,
        "z": 0.0015969761880114675
    }
}