{
    "acceleration": {
        "x": 0.9218250513076782,
        "y": -9.21825122833252,
        "z": -3.4323275089263916
    },
    "gyroscope": {
        "x": -0.0026616270188242197,
        "y": -0.005859069991856813,
        "z": -0.003728023264557123
    }
}