{
    "acceleration": {
        "x": 0.6570455431938171,
        "y": -7.482473850250244,
        "z": 6.354709148406982
    },
    "gyroscope": {
        "x": -0.0010646508308127522,
        "y": 0.007456046529114246,
        "z": 0.009054767899215221
    }
}