{
    "acceleration": {
        "x": 0.7453053593635559,
        "y": -7.992419719696045,
        "z": 5.707469940185547
    },
    "gyroscope": {
        "x": 0.0026616270188242197,
        "y": 0.0026616270188242197,
        "z": -0.0010646508308127522
    }
}