{
    "acceleration": {
        "x": 0.8825984597206116,
        "y": -5.177911281585693,
        "z": 8.335652351379395
    },
    "gyroscope": {
        "x": -0.0010646508308127522,
        "y": 0.0026616270188242197,
        "z": 0.0021293016616255045
    }
}