{
    "acceleration": {
        "x": 0.7747253179550171,
        "y": -8.610238075256348,
        "z": 4.805258274078369
    },
    "gyroscope": {
        "x": -0.0010646508308127522,
        "y": 0.003728023264557123,
        "z": -0.0015969761880114675
    }
}