{
    "acceleration": {
        "x": 2.451662540435791,
        "y": -8.365072250366211,
        "z": 4.667965412139893
    },
    "gyroscope": {
        "x": -0.009054767899215221,
        "y": -0.003728023264557123,
        "z": -0.0026616270188242197
    }
}