{
    "acceleration": {
        "x": 1.637710452079773,
        "y": -8.610238075256348,
        "z": 4.422799110412598
    },
    "gyroscope": {
        "x": -0.0010646508308127522,
        "y": -0.005324999336153269,
        "z": -0.0021293016616255045
    }
}