{
    "acceleration": {
        "x": 0.4805258512496948,
        "y": -9.551676750183105,
        "z": -2.3634026050567627
    },
    "gyroscope": {
        "x": -0.005859069991856813,
        "y": -0.003728023264557123,
        "z": -0.0010646508308127522
    }
}