{
    "acceleration": {
        "x": 0.7453053593635559,
        "y": -5.050424575805664,
        "z": 8.423912048339844
    },
    "gyroscope": {
        "x": -0.006391395349055529,
        "y": -0.010651743970811367,
        "z": -0.0026616270188242197
    }
}