{
    "acceleration": {
        "x": 0.9512450098991394,
        "y": -1.9024900197982788,
        "z": 9.610516548156738
    },
    "gyroscope": {
        "x": -0.004260348621755838,
        "y": -0.007456046529114246,
        "z": 0.003728023264557123
    }
}