{
    "acceleration": {
        "x": 0.8629851937294006,
        "y": -5.089651107788086,
        "z": 8.404298782348633
    },
    "gyroscope": {
        "x": -0.0010646508308127522,
        "y": -0.005324999336153269,
        "z": -0.0005323254154063761
    }
}