{
    "acceleration": {
        "x": 0.7649186849594116,
        "y": -9.424190521240234,
        "z": -2.579148769378662
    },
    "gyroscope": {
        "x": -0.003728023264557123,
        "y": -0.006391395349055529,
        "z": -0.006391395349055529
    }
}