{
    "acceleration": {
        "x": -5.119071006774902,
        "y": -7.286340713500977,
        "z": -4.0305328369140625
    },
    "gyroscope": {
        "x": -0.011718139983713627,
        "y": -0.0026616270188242197,
        "z": 0.0
    }
}