{
    "acceleration": {
        "x": 0.7845319509506226,
        "y": -9.806650161743164,
        "z": -0.42168593406677246
    },
    "gyroscope": {
        "x": -0.02183755859732628,
        "y": -0.0021293016616255045,
        "z": 0.006923720706254244
    }
}