{
    "acceleration": {
        "x": 0.9708583354949951,
        "y": -7.570733547210693,
        "z": -6.089929580688477
    },
    "gyroscope": {
        "x": -0.003728023264557123,
        "y": -0.0010646508308127522,
        "z": 0.0010646508308127522
    }
}