{
    "acceleration": {
        "x": 0.627625584602356,
        "y": -9.787036895751953,
        "z": 0.5982056260108948
    },
    "gyroscope": {
        "x": 0.006923720706254244,
        "y": 0.007988371886312962,
        "z": 0.0015969761880114675
    }
}