{
    "acceleration": {
        "x": 0.8727918267250061,
        "y": -8.767145156860352,
        "z": 4.412992477416992
    },
    "gyroscope": {
        "x": -0.019174186512827873,
        "y": -0.015978489071130753,
        "z": 0.0031956976745277643
    }
}