{
    "acceleration": {
        "x": 1.0983448028564453,
        "y": -2.373209238052368,
        "z": 9.502643585205078
    },
    "gyroscope": {
        "x": -0.008520697243511677,
        "y": -0.011718139983713627,
        "z": 0.004260348621755838
    }
}