{
    "acceleration": {
        "x": 1.5298373699188232,
        "y": -6.903881549835205,
        "z": 6.845041751861572
    },
    "gyroscope": {
        "x": -0.005859069991856813,
        "y": -0.0005323254154063761,
        "z": -0.0021293016616255045
    }
}