{
    "acceleration": {
        "x": 0.6766588091850281,
        "y": -9.061344146728516,
        "z": 3.6774935722351074
    },
    "gyroscope": {
        "x": 0.005324999336153269,
        "y": 0.007456046529114246,
        "z": 0.0005323254154063761
    }
}