{
    "acceleration": {
        "x": 0.7354987263679504,
        "y": -9.23786449432373,
        "z": 3.1381278038024902
    },
    "gyroscope": {
        "x": -0.010119418613612652,
        "y": -0.0021293016616255045,
        "z": -0.0015969761880114675
    }
}