{
    "acceleration": {
        "x": 0.990471601486206,
        "y": -7.551120281219482,
        "z": 6.237029075622559
    },
    "gyroscope": {
        "x": -0.003728023264557123,
        "y": -0.0026616270188242197,
        "z": 0.0026616270188242197
    }
}