{
    "acceleration": {
        "x": 1.1277647018432617,
        "y": -3.1577413082122803,
        "z": 9.267284393310547
    },
    "gyroscope": {
        "x": -0.016510814428329468,
        "y": 0.0015969761880114675,
        "z": 0.005324999336153269
    }
}