{
    "acceleration": {
        "x": 1.647517204284668,
        "y": -4.599318504333496,
        "z": 8.56120491027832
    },
    "gyroscope": {
        "x": -0.0015969761880114675,
        "y": 0.0026616270188242197,
        "z": -0.003728023264557123
    }
}