{
    "acceleration": {
        "x": 0.7453053593635559,
        "y": -9.787036895751953,
        "z": 0.47071918845176697
    },
    "gyroscope": {
        "x": -0.010651743970811367,
        "y": -0.012782790698111057,
        "z": -0.004792673978954554
    }
}