{
    "acceleration": {
        "x": -5.050424575805664,
        "y": -4.138406276702881,
        "z": 7.354987144470215
    },
    "gyroscope": {
        "x": -0.014379767701029778,
        "y": -0.003728023264557123,
        "z": 0.0021293016616255045
    }
}