{
    "acceleration": {
        "x": 1.3140910863876343,
        "y": -8.531785011291504,
        "z": -4.648352146148682
    },
    "gyroscope": {
        "x": -0.003728023264557123,
        "y": 0.0015969761880114675,
        "z": 0.0015969761880114675
    }
}