{
    "acceleration": {
        "x": 0.990471601486206,
        "y": -2.824315071105957,
        "z": 9.384963989257812
    },
    "gyroscope": {
        "x": -0.0031956976745277643,
        "y": -0.0021293016616255045,
        "z": -0.0010646508308127522
    }
}