{
    "acceleration": {
        "x": 0.725692093372345,
        "y": -8.365072250366211,
        "z": 5.197524547576904
    },
    "gyroscope": {
        "x": -0.012250465340912342,
        "y": -0.008520697243511677,
        "z": 0.0010646508308127522
    }
}