{
    "acceleration": {
        "x": 0.6374322175979614,
        "y": -9.787036895751953,
        "z": -0.16671304404735565
    },
    "gyroscope": {
        "x": 0.011184069328010082,
        "y": 0.0031956976745277643,
        "z": -0.007988371886312962
    }
}