{
    "acceleration": {
        "x": 1.2748644351959229,
        "y": -1.863263487815857,
        "z": 9.571290016174316
    },
    "gyroscope": {
        "x": -0.015978489071130753,
        "y": -0.006391395349055529,
        "z": 0.007988371886312962
    }
}