{
    "acceleration": {
        "x": 1.3238977193832397,
        "y": -9.600709915161133,
        "z": 1.7161637544631958
    },
    "gyroscope": {
        "x": -0.0021293016616255045,
        "y": 0.0026616270188242197,
        "z": 0.0026616270188242197
    }
}