{
    "acceleration": {
        "x": 0.9218250513076782,
        "y": -9.718389511108398,
        "z": 1.1179580688476562
    },
    "gyroscope": {
        "x": 0.0005323254154063761,
        "y": -0.0026616270188242197,
        "z": 0.0
    }
}