{
    "acceleration": {
        "x": 1.0689247846603394,
        "y": -8.571011543273926,
        "z": 4.618932247161865
    },
    "gyroscope": {
        "x": -0.014379767701029778,
        "y": -0.011184069328010082,
        "z": 0.006391395349055529
    }
}