{
    "acceleration": {
        "x": 1.1179580688476562,
        "y": -7.815899848937988,
        "z": 5.815343379974365
    },
    "gyroscope": {
        "x": -0.011184069328010082,
        "y": 0.003728023264557123,
        "z": 0.005324999336153269
    }
}