{
    "acceleration": {
        "x": 1.3042844533920288,
        "y": -2.5889556407928467,
        "z": 9.424190521240234
    },
    "gyroscope": {
        "x": -0.005859069991856813,
        "y": -0.006923720706254244,
        "z": 0.0026616270188242197
    }
}