{
    "acceleration": {
        "x": 1.1767979860305786,
        "y": -7.119627952575684,
        "z": 6.746974945068359
    },
    "gyroscope": {
        "x": -0.0010646508308127522,
        "y": 0.0010646508308127522,
        "z": -0.0005323254154063761
    }
}