{
    "acceleration": {
        "x": 0.8433718681335449,
        "y": -5.727083683013916,
        "z": 7.9629998207092285
    },
    "gyroscope": {
        "x": 0.0,
        "y": -0.0031956976745277643,
        "z": -0.0021293016616255045
    }
}