{
    "acceleration": {
        "x": 1.2160245180130005,
        "y": -5.609403610229492,
        "z": 7.9826130867004395
    },
    "gyroscope": {
        "x": -0.014379767701029778,
        "y": 0.003728023264557123,
        "z": 0.008520697243511677
    }
}