{
    "acceleration": {
        "x": 0.6080122590065002,
        "y": -9.32612419128418,
        "z": -2.8929617404937744
    },
    "gyroscope": {
        "x": 0.0026616270188242197,
        "y": 0.0021293016616255045,
        "z": -0.006391395349055529
    }
}