{
    "acceleration": {
        "x": -5.148490905761719,
        "y": -8.247392654418945,
        "z": 1.235637903213501
    },
    "gyroscope": {
        "x": -0.014379767701029778,
        "y": -0.0031956976745277643,
        "z": 0.0010646508308127522
    }
}