{
    "acceleration": {
        "x": 1.3238977193832397,
        "y": -1.7063570022583008,
        "z": 9.620323181152344
    },
    "gyroscope": {
        "x": -0.012250465340912342,
        "y": 0.0005323254154063761,
        "z": 0.0026616270188242197
    }
}