{
    "acceleration": {
        "x": 0.823758602142334,
        "y": -9.492836952209473,
        "z": 2.598762273788452
    },
    "gyroscope": {
        "x": -0.0031956976745277643,
        "y": -0.010651743970811367,
        "z": -0.0031956976745277643
    }
}