{
    "acceleration": {
        "x": 1.010084867477417,
        "y": -8.688692092895508,
        "z": 4.471832275390625
    },
    "gyroscope": {
        "x": -0.0021293016616255045,
        "y": -0.005324999336153269,
        "z": -0.0021293016616255045
    }
}