{
    "acceleration": {
        "x": 0.5491724014282227,
        "y": -9.787036895751953,
        "z": 0.8924051523208618
    },
    "gyroscope": {
        "x": -0.012782790698111057,
        "y": -0.006391395349055529,
        "z": 0.0010646508308127522
    }
}