{
    "acceleration": {
        "x": 0.509945809841156,
        "y": -9.610516548156738,
        "z": -2.000556468963623
    },
    "gyroscope": {
        "x": -0.0026616270188242197,
        "y": -0.0021293016616255045,
        "z": -0.0010646508308127522
    }
}