{
    "acceleration": {
        "x": 1.0983448028564453,
        "y": -9.483030319213867,
        "z": 2.30456280708313
    },
    "gyroscope": {
        "x": -0.0026616270188242197,
        "y": 0.008520697243511677,
        "z": 0.0021293016616255045
    }
}