{
    "acceleration": {
        "x": 0.823758602142334,
        "y": -4.815064907073975,
        "z": 8.54159164428711
    },
    "gyroscope": {
        "x": -0.007456046529114246,
        "y": 0.003728023264557123,
        "z": 0.006391395349055529
    }
}