{
    "acceleration": {
        "x": 0.7551120519638062,
        "y": -7.560926914215088,
        "z": 6.266448974609375
    },
    "gyroscope": {
        "x": 0.004260348621755838,
        "y": 0.0010646508308127522,
        "z": -0.0026616270188242197
    }
}