{
    "acceleration": {
        "x": 1.2846710681915283,
        "y": -5.864376544952393,
        "z": 7.776673316955566
    },
    "gyroscope": {
        "x": 0.0,
        "y": -0.006391395349055529,
        "z": 0.0005323254154063761
    }
}