{
    "acceleration": {
        "x": 1.6867437362670898,
        "y": -1.6769371032714844,
        "z": 9.561483383178711
    },
    "gyroscope": {
        "x": 0.004260348621755838,
        "y": 0.005859069991856813,
        "z": -0.005859069991856813
    }
}