{
    "acceleration": {
        "x": 1.3925442695617676,
        "y": -3.177354574203491,
        "z": 9.23786449432373
    },
    "gyroscope": {
        "x": -0.007988371886312962,
        "y": 0.0010646508308127522,
        "z": 0.0031956976745277643
    }
}