{
    "acceleration": {
        "x": 0.9316317439079285,
        "y": -9.335930824279785,
        "z": -2.8537349700927734
    },
    "gyroscope": {
        "x": -0.011718139983713627,
        "y": -0.006923720706254244,
        "z": 0.004260348621755838
    }
}