{
    "acceleration": {
        "x": 1.0493115186691284,
        "y": -5.364237308502197,
        "z": 8.168939590454102
    },
    "gyroscope": {
        "x": -0.012250465340912342,
        "y": -0.011718139983713627,
        "z": 0.004260348621755838
    }
}