{
    "acceleration": {
        "x": 0.9806649684906006,
        "y": -9.659549713134766,
        "z": 1.2846710681915283
    },
    "gyroscope": {
        "x": -0.010651743970811367,
        "y": -0.013847441412508488,
        "z": 0.0021293016616255045
    }
}