{
    "acceleration": {
        "x": 0.725692093372345,
        "y": -7.7570600509643555,
        "z": -5.864376544952393
    },
    "gyroscope": {
        "x": -0.01970651187002659,
        "y": -0.006391395349055529,
        "z": 0.004792673978954554
    }
}