{
    "acceleration": {
        "x": -5.148490905761719,
        "y": -8.23758602142334,
        "z": -1.3925442695617676
    },
    "gyroscope": {
        "x": -0.0026616270188242197,
        "y": 0.0005323254154063761,
        "z": -0.0015969761880114675
    }
}