{
    "acceleration": {
        "x": 1.019891619682312,
        "y": -9.061344146728516,
        "z": -3.4715540409088135
    },
    "gyroscope": {
        "x": -0.0031956976745277643,
        "y": -0.006391395349055529,
        "z": 0.0
    }
}