{
    "acceleration": {
        "x": 1.0787314176559448,
        "y": -9.23786449432373,
        "z": 3.1675479412078857
    },
    "gyroscope": {
        "x": -0.013847441412508488,
        "y": 0.0010646508308127522,
        "z": 0.006923720706254244
    }
}