{
    "acceleration": {
        "x": -5.089651107788086,
        "y": -5.825150012969971,
        "z": 5.923216342926025
    },
    "gyroscope": {
        "x": -0.007456046529114246,
        "y": -0.0021293016616255045,
        "z": 0.0
    }
}