{
    "acceleration": {
        "x": 0.7747253179550171,
        "y": -9.335930824279785,
        "z": -2.6674087047576904
    },
    "gyroscope": {
        "x": -0.018109535798430443,
        "y": -0.009587093256413937,
        "z": 0.0015969761880114675
    }
}