{
    "acceleration": {
        "x": 0.990471601486206,
        "y": -8.806371688842773,
        "z": -4.138406276702881
    },
    "gyroscope": {
        "x": -0.020240582525730133,
        "y": -0.018109535798430443,
        "z": 0.0005323254154063761
    }
}