{
    "acceleration": {
        "x": 0.6864655017852783,
        "y": -8.012032508850098,
        "z": -5.501530647277832
    },
    "gyroscope": {
        "x": -0.0031956976745277643,
        "y": -0.0005323254154063761,
        "z": 0.006391395349055529
    }
}