{
    "acceleration": {
        "x": 0.5001391172409058,
        "y": -8.492558479309082,
        "z": -4.82487154006958
    },
    "gyroscope": {
        "x": -0.0010646508308127522,
        "y": -0.003728023264557123,
        "z": -0.0031956976745277643
    }
}