{
    "acceleration": {
        "x": 0.8924051523208618,
        "y": -8.669078826904297,
        "z": -4.501252174377441
    },
    "gyroscope": {
        "x": -0.009587093256413937,
        "y": -0.0031956976745277643,
        "z": 0.0021293016616255045
    }
}