{
    "acceleration": {
        "x": 1.421964168548584,
        "y": -8.551398277282715,
        "z": 4.599318504333496
    },
    "gyroscope": {
        "x": 0.0031956976745277643,
        "y": 0.0026616270188242197,
        "z": -0.0015969761880114675
    }
}