{
    "acceleration": {
        "x": 1.255251169204712,
        "y": -9.532063484191895,
        "z": -1.9024900197982788
    },
    "gyroscope": {
        "x": -0.0010646508308127522,
        "y": 0.0010646508308127522,
        "z": 0.0015969761880114675
    }
}