{
    "acceleration": {
        "x": 1.039504885673523,
        "y": -9.728196144104004,
        "z": -0.5001391172409058
    },
    "gyroscope": {
        "x": -0.007456046529114246,
        "y": -0.007456046529114246,
        "z": -0.0015969761880114675
    }
}