{
    "acceleration": {
        "x": 0.5589790344238281,
        "y": -8.737725257873535,
        "z": -4.442412376403809
    },
    "gyroscope": {
        "x": -0.003728023264557123,
        "y": -0.0015969761880114675,
        "z": -0.0005323254154063761
    }
}