{
    "acceleration": {
        "x": 1.0591181516647339,
        "y": -7.050981044769287,
        "z": 6.737168312072754
    },
    "gyroscope": {
        "x": 0.0,
        "y": -0.009587093256413937,
        "z": -0.004792673978954554
    }
}