{
    "acceleration": {
        "x": 0.6864655017852783,
        "y": -7.237307548522949,
        "z": 6.648908615112305
    },
    "gyroscope": {
        "x": -0.005859069991856813,
        "y": 0.0005323254154063761,
        "z": 0.0
    }
}