{
    "acceleration": {
        "x": 0.8825984597206116,
        "y": -8.090486526489258,
        "z": -5.42307710647583
    },
    "gyroscope": {
        "x": -0.009054767899215221,
        "y": -0.0026616270188242197,
        "z": 0.0015969761880114675
    }
}