{
    "acceleration": {
        "x": 0.6178189516067505,
        "y": -8.94366455078125,
        "z": 4.010919570922852
    },
    "gyroscope": {
        "x": -0.012782790698111057,
        "y": 0.0,
        "z": 0.0026616270188242197
    }
}