{
    "acceleration": {
        "x": 0.9316317439079285,
        "y": -1.833843469619751,
        "z": 9.63012981414795
    },
    "gyroscope": {
        "x": -0.005859069991856813,
        "y": -0.005859069991856813,
        "z": 0.0026616270188242197
    }
}