{
    "acceleration": {
        "x": 0.5295590758323669,
        "y": -7.953193187713623,
        "z": -5.6780500411987305
    },
    "gyroscope": {
        "x": -0.015446163713932037,
        "y": -0.005859069991856813,
        "z": 0.006391395349055529
    }
}