{
    "acceleration": {
        "x": 0.9414383769035339,
        "y": -9.75761604309082,
        "z": -0.6178189516067505
    },
    "gyroscope": {
        "x": -0.007456046529114246,
        "y": 0.0,
        "z": 0.0021293016616255045
    }
}