{
    "acceleration": {
        "x": 0.5295590758323669,
        "y": -9.532063484191895,
        "z": -2.3535959720611572
    },
    "gyroscope": {
        "x": -0.007988371886312962,
        "y": -0.013315116055309772,
        "z": -0.0010646508308127522
    }
}