{
    "acceleration": {
        "x": 0.8924051523208618,
        "y": -9.169217109680176,
        "z": 3.461747407913208
    },
    "gyroscope": {
        "x": -0.005324999336153269,
        "y": -0.0021293016616255045,
        "z": -0.0021293016616255045
    }
}