{
    "acceleration": {
        "x": -4.893518447875977,
        "y": -1.0493115186691284,
        "z": 8.45333194732666
    },
    "gyroscope": {
        "x": -0.003728023264557123,
        "y": -0.004260348621755838,
        "z": 0.0021293016616255045
    }
}