{
    "acceleration": {
        "x": 1.039504885673523,
        "y": -6.050703048706055,
        "z": 7.678606986999512
    },
    "gyroscope": {
        "x": -0.006923720706254244,
        "y": 0.0,
        "z": 0.0021293016616255045
    }
}