{
    "acceleration": {
        "x": 0.8727918267250061,
        "y": -9.581096649169922,
        "z": -1.794616937637329
    },
    "gyroscope": {
        "x": -0.009054767899215221,
        "y": -0.007456046529114246,
        "z": -0.0010646508308127522
    }
}