{
    "acceleration": {
        "x": 1.1767979860305786,
        "y": -8.12971305847168,
        "z": 5.393657207489014
    },
    "gyroscope": {
        "x": -0.006391395349055529,
        "y": 0.0015969761880114675,
        "z": 0.0021293016616255045
    }
}