{
    "acceleration": {
        "x": 1.206217885017395,
        "y": -4.736611843109131,
        "z": 8.571011543273926
    },
    "gyroscope": {
        "x": -0.005859069991856813,
        "y": -0.006391395349055529,
        "z": -0.0015969761880114675
    }
}