{
    "acceleration": {
        "x": 1.1669913530349731,
        "y": -4.2364726066589355,
        "z": 8.796565055847168
    },
    "gyroscope": {
        "x": -0.007988371886312962,
        "y": -0.009054767899215221,
        "z": 0.0
    }
}