{
    "acceleration": {
        "x": -5.128877639770508,
        "y": -7.413827419281006,
        "z": 3.687300205230713
    },
    "gyroscope": {
        "x": -0.006391395349055529,
        "y": -0.0031956976745277643,
        "z": 0.0
    }
}