{
    "acceleration": {
        "x": 0.9806649684906006,
        "y": -9.610516548156738,
        "z": -1.7161637544631958
    },
    "gyroscope": {
        "x": -0.014913838356733322,
        "y": -0.007456046529114246,
        "z": 0.0015969761880114675
    }
}